state,city,population,violent_crime,murder,rape,robbery,aggravated_assault,property_crime,burglary,larceny_theft,motor_vehicle_theft,arson
ALABAMA,Adamsville,4111.0,23.0,1.0,1.0,0.0,21.0,130.0,12.0,97.0,21.0,2.0
ALABAMA,Addison,669.0,3.0,0.0,0.0,0.0,3.0,13.0,4.0,7.0,2.0,0.0
ALABAMA,Alabaster,34349.0,34.0,0.0,1.0,4.0,29.0,519.0,17.0,480.0,22.0,0.0
ALABAMA,Albertville,23242.0,55.0,1.0,14.0,3.0,37.0,409.0,65.0,299.0,45.0,2.0
ALABAMA,Alexander City,14353.0,147.0,4.0,7.0,11.0,125.0,515.0,91.0,398.0,26.0,5.0
ALABAMA,Aliceville,2019.0,4.0,0.0,0.0,0.0,4.0,11.0,1.0,10.0,0.0,0.0
ALABAMA,Andalusia,8838.0,59.0,0.0,7.0,3.0,49.0,324.0,53.0,244.0,27.0,3.0
ALABAMA,Anniston,21052.0,178.0,4.0,16.0,18.0,140.0,919.0,214.0,612.0,93.0,5.0
ALABAMA,Arab,8960.0,23.0,0.0,6.0,1.0,16.0,318.0,74.0,212.0,32.0,1.0
ALABAMA,Ardmore,1451.0,2.0,0.0,1.0,0.0,1.0,20.0,4.0,15.0,1.0,0.0
ALABAMA,Argo,4388.0,5.0,0.0,0.0,0.0,5.0,15.0,4.0,7.0,4.0,0.0
ALABAMA,Arley,330.0,0.0,0.0,0.0,0.0,0.0,8.0,2.0,6.0,0.0,0.0
ALABAMA,Ashford,2357.0,2.0,0.0,0.0,0.0,2.0,11.0,0.0,11.0,0.0,0.0
ALABAMA,Ashland,1928.0,15.0,0.0,0.0,0.0,15.0,46.0,7.0,36.0,3.0,0.0
ALABAMA,Ashville,2417.0,12.0,0.0,0.0,2.0,10.0,69.0,17.0,43.0,9.0,0.0
ALABAMA,Athens,32862.0,80.0,2.0,3.0,6.0,69.0,680.0,91.0,531.0,58.0,1.0
ALABAMA,Atmore,8294.0,113.0,4.0,9.0,11.0,89.0,298.0,38.0,240.0,20.0,2.0
ALABAMA,Attalla,5813.0,20.0,0.0,1.0,1.0,18.0,210.0,24.0,170.0,16.0,0.0
ALABAMA,Auburn,83756.0,90.0,0.0,16.0,8.0,66.0,820.0,33.0,730.0,57.0,1.0
ALABAMA,Bay Minette,8456.0,35.0,2.0,2.0,3.0,28.0,138.0,13.0,115.0,10.0,0.0
ALABAMA,Bayou La Batre,2142.0,19.0,0.0,1.0,0.0,18.0,137.0,32.0,92.0,13.0,1.0
ALABAMA,Bear Creek,1062.0,11.0,0.0,1.0,0.0,10.0,24.0,4.0,8.0,12.0,0.0
ALABAMA,Berry,1183.0,0.0,0.0,0.0,0.0,0.0,1.0,1.0,0.0,0.0,0.0
ALABAMA,Bessemer,24720.0,431.0,11.0,15.0,40.0,365.0,1761.0,284.0,1252.0,225.0,8.0
ALABAMA,Birmingham,195418.0,2436.0,115.0,29.0,393.0,1899.0,7878.0,1426.0,4873.0,1579.0,103.0
ALABAMA,Blountsville,1816.0,0.0,0.0,0.0,0.0,0.0,0.0,0.0,0.0,0.0,0.0
ALABAMA,Brent,2586.0,9.0,0.0,2.0,0.0,7.0,80.0,13.0,62.0,5.0,0.0
ALABAMA,Brewton,5139.0,28.0,0.0,3.0,1.0,24.0,207.0,13.0,176.0,18.0,1.0
ALABAMA,Bridgeport,2262.0,7.0,0.0,2.0,1.0,4.0,24.0,5.0,13.0,6.0,1.0
ALABAMA,Brighton,2207.0,47.0,5.0,1.0,4.0,37.0,52.0,13.0,27.0,12.0,1.0
ALABAMA,Brilliant,829.0,0.0,0.0,0.0,0.0,0.0,8.0,6.0,2.0,0.0,0.0
ALABAMA,Brookside,1185.0,5.0,0.0,0.0,1.0,4.0,26.0,6.0,13.0,7.0,0.0
ALABAMA,Brookwood,2420.0,11.0,0.0,0.0,1.0,10.0,24.0,3.0,16.0,5.0,0.0
ALABAMA,Brundidge,2016.0,23.0,0.0,1.0,0.0,22.0,87.0,15.0,63.0,9.0,0.0
ALABAMA,Butler,1737.0,5.0,0.0,0.0,0.0,5.0,34.0,6.0,24.0,4.0,0.0
ALABAMA,Calera,18747.0,44.0,0.0,4.0,1.0,39.0,249.0,42.0,184.0,23.0,0.0
ALABAMA,Camden,1667.0,3.0,0.0,0.0,1.0,2.0,13.0,3.0,8.0,2.0,0.0
ALABAMA,Carbon Hill,1723.0,0.0,0.0,0.0,0.0,0.0,5.0,2.0,2.0,1.0,1.0
ALABAMA,Carrollton,965.0,4.0,0.0,0.0,0.0,4.0,4.0,1.0,3.0,0.0,0.0
ALABAMA,Cedar Bluff,1918.0,8.0,0.0,1.0,0.0,7.0,17.0,1.0,14.0,2.0,0.0
ALABAMA,Centre,3845.0,15.0,0.0,5.0,0.0,10.0,129.0,19.0,101.0,9.0,0.0
ALABAMA,Centreville,2673.0,10.0,0.0,1.0,0.0,9.0,32.0,6.0,22.0,4.0,1.0
ALABAMA,Chatom,1060.0,0.0,0.0,0.0,0.0,0.0,9.0,1.0,8.0,0.0,0.0
ALABAMA,Cherokee,964.0,0.0,0.0,0.0,0.0,0.0,18.0,3.0,13.0,2.0,1.0
ALABAMA,Chickasaw,6226.0,27.0,1.0,0.0,2.0,24.0,134.0,21.0,97.0,16.0,1.0
ALABAMA,Childersburg,4601.0,35.0,0.0,4.0,1.0,30.0,120.0,23.0,86.0,11.0,0.0
ALABAMA,Citronelle,3902.0,3.0,0.0,0.0,1.0,2.0,31.0,5.0,24.0,2.0,0.0
ALABAMA,Clanton,9250.0,29.0,0.0,2.0,3.0,24.0,306.0,16.0,278.0,12.0,0.0
ALABAMA,Clayton,2197.0,9.0,0.0,0.0,0.0,9.0,20.0,5.0,15.0,0.0,1.0
ALABAMA,Clio,1194.0,0.0,0.0,0.0,0.0,0.0,0.0,0.0,0.0,0.0,0.0
ALABAMA,Coaling,1970.0,3.0,0.0,1.0,0.0,2.0,17.0,4.0,12.0,1.0,0.0
ALABAMA,Coffeeville,247.0,0.0,0.0,0.0,0.0,0.0,0.0,0.0,0.0,0.0,0.0
ALABAMA,Collinsville,2067.0,3.0,0.0,0.0,0.0,3.0,22.0,0.0,19.0,3.0,0.0
ALABAMA,Columbia,703.0,0.0,0.0,0.0,0.0,0.0,5.0,0.0,5.0,0.0,0.0
ALABAMA,Columbiana,4913.0,7.0,1.0,2.0,0.0,4.0,51.0,7.0,42.0,2.0,0.0
ALABAMA,Coosada,1282.0,4.0,0.0,0.0,0.0,4.0,8.0,2.0,4.0,2.0,0.0
ALABAMA,Cordova,1656.0,8.0,0.0,0.0,1.0,7.0,51.0,4.0,38.0,9.0,0.0
ALABAMA,Cottonwood,1097.0,3.0,0.0,0.0,0.0,3.0,13.0,3.0,10.0,0.0,0.0
ALABAMA,Creola,1977.0,5.0,0.0,1.0,2.0,2.0,11.0,1.0,6.0,4.0,0.0
ALABAMA,Cullman,20433.0,44.0,3.0,6.0,2.0,33.0,504.0,36.0,436.0,32.0,0.0
ALABAMA,Dadeville,2922.0,17.0,0.0,0.0,1.0,16.0,50.0,5.0,42.0,3.0,0.0
ALABAMA,Daphne,31256.0,17.0,0.0,4.0,2.0,11.0,264.0,14.0,235.0,15.0,0.0
ALABAMA,Dauphin Island,1932.0,2.0,0.0,1.0,1.0,0.0,27.0,5.0,20.0,2.0,0.0
ALABAMA,Decatur,58514.0,355.0,5.0,32.0,26.0,292.0,1351.0,113.0,1073.0,165.0,112.0
ALABAMA,Demopolis,6733.0,65.0,1.0,5.0,5.0,54.0,183.0,29.0,145.0,9.0,3.0
ALABAMA,Dora,2244.0,5.0,0.0,0.0,0.0,5.0,53.0,9.0,34.0,10.0,1.0
ALABAMA,Dothan,71318.0,651.0,5.0,49.0,38.0,559.0,1972.0,260.0,1618.0,94.0,17.0
ALABAMA,Double Springs,1115.0,1.0,0.0,0.0,0.0,1.0,19.0,4.0,12.0,3.0,0.0
ALABAMA,Douglas,789.0,2.0,0.0,0.0,0.0,2.0,12.0,3.0,9.0,0.0,1.0
ALABAMA,East Brewton,2239.0,4.0,0.0,1.0,0.0,3.0,57.0,7.0,44.0,6.0,0.0
ALABAMA,Eclectic,1214.0,2.0,0.0,0.0,0.0,2.0,20.0,5.0,14.0,1.0,0.0
ALABAMA,Elba,3547.0,16.0,2.0,1.0,3.0,10.0,108.0,20.0,78.0,10.0,1.0
ALABAMA,Elberta,2145.0,11.0,0.0,0.0,1.0,10.0,64.0,10.0,52.0,2.0,0.0
ALABAMA,Enterprise,30766.0,192.0,1.0,16.0,5.0,170.0,732.0,109.0,577.0,46.0,3.0
ALABAMA,Eufaula,12314.0,89.0,7.0,5.0,10.0,67.0,317.0,59.0,225.0,33.0,4.0
ALABAMA,Eutaw,2710.0,16.0,0.0,0.0,2.0,14.0,75.0,20.0,47.0,8.0,0.0
ALABAMA,Excel,524.0,8.0,0.0,3.0,0.0,5.0,24.0,5.0,16.0,3.0,1.0
ALABAMA,Fairhope,25782.0,28.0,0.0,6.0,4.0,18.0,297.0,21.0,267.0,9.0,1.0
ALABAMA,Falkville,1198.0,2.0,0.0,0.0,0.0,2.0,11.0,0.0,8.0,3.0,0.0
ALABAMA,Fayette,4079.0,6.0,0.0,1.0,2.0,3.0,53.0,15.0,36.0,2.0,0.0
ALABAMA,Flomaton,1448.0,16.0,1.0,0.0,1.0,14.0,34.0,4.0,27.0,3.0,0.0
ALABAMA,Florence,43076.0,271.0,0.0,16.0,9.0,246.0,869.0,100.0,698.0,71.0,2.0
ALABAMA,Foley,26424.0,51.0,1.0,0.0,7.0,43.0,404.0,31.0,340.0,33.0,0.0
ALABAMA,Fort Payne,14984.0,24.0,0.0,3.0,0.0,21.0,242.0,43.0,179.0,20.0,0.0
ALABAMA,Frisco City,1110.0,5.0,1.0,0.0,0.0,4.0,4.0,2.0,2.0,0.0,0.0
ALABAMA,Fultondale,9533.0,28.0,0.0,5.0,6.0,17.0,259.0,63.0,171.0,25.0,1.0
ALABAMA,Fyffe,983.0,0.0,0.0,0.0,0.0,0.0,5.0,0.0,3.0,2.0,0.0
ALABAMA,Gadsden,33015.0,192.0,4.0,4.0,16.0,168.0,851.0,97.0,682.0,72.0,4.0
ALABAMA,Gantt,204.0,2.0,1.0,0.0,0.0,1.0,6.0,1.0,5.0,0.0,0.0
ALABAMA,Gardendale,16131.0,31.0,0.0,0.0,1.0,30.0,257.0,19.0,211.0,27.0,2.0
ALABAMA,Georgiana,1257.0,3.0,0.0,0.0,0.0,3.0,22.0,4.0,17.0,1.0,0.0
ALABAMA,Geraldine,914.0,2.0,0.0,0.0,0.0,2.0,14.0,4.0,10.0,0.0,0.0
ALABAMA,Gilbertown,707.0,2.0,0.0,0.0,0.0,2.0,6.0,2.0,3.0,1.0,0.0
ALABAMA,Goodwater,1245.0,2.0,0.0,0.0,0.0,2.0,14.0,2.0,8.0,4.0,0.0
ALABAMA,Gordon,298.0,1.0,0.0,0.0,0.0,1.0,5.0,1.0,4.0,0.0,0.0
ALABAMA,Grant,1063.0,2.0,0.0,0.0,0.0,2.0,33.0,7.0,20.0,6.0,0.0
ALABAMA,Greenville,6923.0,40.0,0.0,1.0,5.0,34.0,266.0,39.0,199.0,28.0,0.0
ALABAMA,Grove Hill,1719.0,3.0,0.0,0.0,1.0,2.0,20.0,6.0,12.0,2.0,0.0
ALABAMA,Guin,2134.0,9.0,1.0,0.0,1.0,7.0,40.0,8.0,27.0,5.0,0.0
ALABAMA,Gulf Shores,17413.0,50.0,0.0,5.0,2.0,43.0,312.0,20.0,283.0,9.0,0.0
ALABAMA,Guntersville,9184.0,28.0,0.0,2.0,1.0,25.0,227.0,39.0,165.0,23.0,0.0
ALABAMA,Gurley,853.0,9.0,0.0,1.0,0.0,8.0,28.0,2.0,26.0,0.0,0.0
ALABAMA,Hackleburg,1441.0,7.0,0.0,1.0,0.0,6.0,7.0,0.0,6.0,1.0,0.0
ALABAMA,Haleyville,4286.0,29.0,0.0,2.0,1.0,26.0,136.0,24.0,100.0,12.0,0.0
ALABAMA,Hamilton,6963.0,13.0,1.0,2.0,0.0,10.0,121.0,13.0,99.0,9.0,0.0
ALABAMA,Hanceville,3363.0,2.0,0.0,0.0,0.0,2.0,49.0,11.0,34.0,4.0,0.0
ALABAMA,Harpersville,1886.0,0.0,0.0,0.0,0.0,0.0,26.0,2.0,21.0,3.0,1.0
ALABAMA,Hartselle,16011.0,36.0,0.0,8.0,2.0,26.0,430.0,133.0,275.0,22.0,0.0
ALABAMA,Hayden,1359.0,2.0,0.0,0.0,0.0,2.0,21.0,3.0,17.0,1.0,0.0
ALABAMA,Hayneville,760.0,1.0,0.0,1.0,0.0,0.0,2.0,1.0,1.0,0.0,0.0
ALABAMA,Headland,5456.0,10.0,0.0,1.0,1.0,8.0,73.0,11.0,53.0,9.0,0.0
ALABAMA,Heflin,3531.0,4.0,0.0,2.0,0.0,2.0,28.0,9.0,17.0,2.0,1.0
ALABAMA,Helena,22470.0,16.0,0.0,2.0,0.0,14.0,98.0,12.0,74.0,12.0,3.0
ALABAMA,Henagar,2307.0,4.0,0.0,0.0,0.0,4.0,19.0,2.0,14.0,3.0,1.0
ALABAMA,Highland Lake,428.0,0.0,0.0,0.0,0.0,0.0,0.0,0.0,0.0,0.0,0.0
ALABAMA,Hillsboro,405.0,0.0,0.0,0.0,0.0,0.0,0.0,0.0,0.0,0.0,0.0
ALABAMA,Hokes Bluff,4720.0,4.0,0.0,1.0,0.0,3.0,19.0,0.0,15.0,4.0,0.0
ALABAMA,Hollywood,932.0,4.0,0.0,0.0,0.0,4.0,37.0,2.0,17.0,18.0,0.0
ALABAMA,Homewood,27884.0,42.0,0.0,8.0,5.0,29.0,545.0,52.0,431.0,62.0,1.0
ALABAMA,Hoover,92352.0,72.0,3.0,9.0,9.0,51.0,1161.0,70.0,1029.0,62.0,1.0
ALABAMA,Hueytown,16013.0,82.0,4.0,3.0,5.0,70.0,413.0,75.0,292.0,46.0,3.0
ALABAMA,Huntsville,228697.0,1105.0,19.0,111.0,123.0,852.0,5462.0,735.0,4137.0,590.0,17.0
ALABAMA,Ider,737.0,2.0,0.0,0.0,0.0,2.0,2.0,0.0,2.0,0.0,0.0
ALABAMA,Irondale,13538.0,24.0,0.0,3.0,4.0,17.0,190.0,29.0,121.0,40.0,0.0
ALABAMA,Jackson,4461.0,28.0,1.0,1.0,0.0,26.0,151.0,26.0,112.0,13.0,1.0
ALABAMA,Jacksons Gap,753.0,5.0,0.0,0.0,0.0,5.0,8.0,3.0,5.0,0.0,0.0
ALABAMA,Jacksonville,14812.0,90.0,0.0,6.0,1.0,83.0,246.0,33.0,208.0,5.0,3.0
ALABAMA,Jasper,14418.0,57.0,0.0,9.0,9.0,39.0,628.0,45.0,545.0,38.0,1.0
ALABAMA,Jemison,3052.0,10.0,0.0,1.0,0.0,9.0,63.0,12.0,49.0,2.0,0.0
ALABAMA,Killen,1037.0,1.0,0.0,0.0,0.0,1.0,10.0,0.0,6.0,4.0,0.0
ALABAMA,Kimberly,4529.0,6.0,0.0,0.0,0.0,6.0,15.0,4.0,7.0,4.0,0.0
ALABAMA,Kinsey,2281.0,3.0,0.0,0.0,1.0,2.0,4.0,1.0,3.0,0.0,0.0
ALABAMA,LaFayette,2611.0,5.0,0.0,1.0,0.0,4.0,27.0,4.0,22.0,1.0,0.0
ALABAMA,Lake View,3871.0,3.0,0.0,0.0,0.0,3.0,10.0,0.0,10.0,0.0,0.0
ALABAMA,Lanett,6691.0,53.0,1.0,5.0,7.0,40.0,206.0,38.0,147.0,21.0,0.0
ALABAMA,Leeds,12445.0,37.0,2.0,7.0,2.0,26.0,325.0,39.0,266.0,20.0,4.0
ALABAMA,Leighton,654.0,7.0,0.0,0.0,2.0,5.0,8.0,4.0,3.0,1.0,0.0
ALABAMA,Level Plains,1837.0,14.0,0.0,4.0,2.0,8.0,23.0,5.0,17.0,1.0,1.0
ALABAMA,Lexington,738.0,0.0,0.0,0.0,0.0,0.0,5.0,1.0,3.0,1.0,0.0
ALABAMA,Lincoln,7725.0,30.0,0.0,2.0,3.0,25.0,176.0,31.0,120.0,25.0,0.0
ALABAMA,Linden,1823.0,2.0,0.0,0.0,0.0,2.0,1.0,0.0,1.0,0.0,0.0
ALABAMA,Lineville,2485.0,4.0,0.0,1.0,0.0,3.0,6.0,0.0,5.0,1.0,0.0
ALABAMA,Lipscomb,1982.0,2.0,1.0,0.0,1.0,0.0,6.0,0.0,3.0,3.0,0.0
ALABAMA,Littleville,1045.0,0.0,0.0,0.0,0.0,0.0,9.0,0.0,7.0,2.0,1.0
ALABAMA,Livingston,3096.0,18.0,1.0,0.0,0.0,17.0,45.0,5.0,34.0,6.0,0.0
ALABAMA,Lockhart,447.0,0.0,0.0,0.0,0.0,0.0,9.0,2.0,5.0,2.0,0.0
ALABAMA,Louisville,388.0,0.0,0.0,0.0,0.0,0.0,3.0,1.0,1.0,1.0,0.0
ALABAMA,Loxley,5007.0,19.0,1.0,2.0,0.0,16.0,118.0,7.0,100.0,11.0,1.0
ALABAMA,Luverne,2672.0,5.0,0.0,0.0,0.0,5.0,50.0,11.0,31.0,8.0,0.0
ALABAMA,Madison,62087.0,131.0,2.0,18.0,10.0,101.0,824.0,66.0,698.0,60.0,1.0
ALABAMA,Margaret,6641.0,0.0,0.0,0.0,0.0,0.0,7.0,1.0,4.0,2.0,0.0
ALABAMA,Marion,2610.0,0.0,0.0,0.0,0.0,0.0,0.0,0.0,0.0,0.0,0.0
ALABAMA,McIntosh,195.0,7.0,0.0,0.0,0.0,7.0,24.0,1.0,21.0,2.0,0.0
ALABAMA,Mentone,326.0,0.0,0.0,0.0,0.0,0.0,2.0,0.0,2.0,0.0,0.0
ALABAMA,Midfield,4885.0,18.0,0.0,0.0,3.0,15.0,30.0,3.0,22.0,5.0,1.0
ALABAMA,Midland City,2310.0,4.0,0.0,2.0,0.0,2.0,12.0,0.0,10.0,2.0,0.0
ALABAMA,Millbrook,17633.0,43.0,0.0,5.0,4.0,34.0,606.0,26.0,556.0,24.0,1.0
ALABAMA,Millport,961.0,0.0,0.0,0.0,0.0,0.0,7.0,2.0,4.0,1.0,1.0
ALABAMA,Millry,435.0,0.0,0.0,0.0,0.0,0.0,6.0,2.0,4.0,0.0,0.0
ALABAMA,Mobile,237092.0,1783.0,39.0,62.0,125.0,1557.0,3970.0,743.0,2818.0,409.0,8.0
ALABAMA,Monroeville,5668.0,12.0,0.0,1.0,0.0,11.0,35.0,5.0,29.0,1.0,1.0
ALABAMA,Montevallo,7877.0,11.0,1.0,0.0,2.0,8.0,78.0,16.0,53.0,9.0,2.0
ALABAMA,Montgomery,193728.0,1152.0,35.0,12.0,371.0,734.0,4330.0,1021.0,2598.0,711.0,1.0
ALABAMA,Moody,13720.0,24.0,1.0,6.0,3.0,14.0,115.0,11.0,85.0,19.0,0.0
ALABAMA,Morris,2241.0,2.0,0.0,0.0,0.0,2.0,9.0,1.0,6.0,2.0,0.0
ALABAMA,Moulton,3435.0,7.0,0.0,0.0,2.0,5.0,63.0,5.0,51.0,7.0,0.0
ALABAMA,Mountain Brook,21486.0,14.0,0.0,1.0,4.0,9.0,166.0,22.0,137.0,7.0,0.0
ALABAMA,Muscle Shoals,17501.0,32.0,0.0,7.0,3.0,22.0,522.0,20.0,470.0,32.0,0.0
ALABAMA,New Brockton,1521.0,2.0,0.0,0.0,1.0,1.0,23.0,4.0,18.0,1.0,0.0
ALABAMA,New Hope,2939.0,1.0,0.0,0.0,0.0,1.0,33.0,7.0,22.0,4.0,0.0
ALABAMA,New Site,766.0,0.0,0.0,0.0,0.0,0.0,5.0,2.0,2.0,1.0,0.0
ALABAMA,Newton,1659.0,3.0,0.0,3.0,0.0,0.0,16.0,3.0,11.0,2.0,0.0
ALABAMA,Newville,562.0,1.0,0.0,0.0,0.0,1.0,0.0,0.0,0.0,0.0,0.0
ALABAMA,North Courtland,493.0,0.0,0.0,0.0,0.0,0.0,2.0,0.0,1.0,1.0,0.0
ALABAMA,Notasulga,861.0,3.0,0.0,0.0,1.0,2.0,1.0,0.0,1.0,0.0,0.0
ALABAMA,Odenville,5495.0,18.0,0.0,2.0,0.0,16.0,37.0,11.0,24.0,2.0,0.0
ALABAMA,Ohatchee,1211.0,7.0,1.0,0.0,1.0,5.0,38.0,2.0,33.0,3.0,10.0
ALABAMA,Oneonta,7013.0,13.0,0.0,1.0,1.0,11.0,230.0,17.0,203.0,10.0,0.0
ALABAMA,Opelika,34448.0,193.0,3.0,17.0,19.0,154.0,904.0,71.0,764.0,69.0,2.0
ALABAMA,Opp,6760.0,15.0,0.0,2.0,0.0,13.0,138.0,19.0,113.0,6.0,1.0
ALABAMA,Orange Beach,8673.0,31.0,0.0,5.0,0.0,26.0,160.0,10.0,149.0,1.0,1.0
ALABAMA,Owens Cross Roads,3022.0,3.0,0.0,0.0,0.0,3.0,24.0,4.0,17.0,3.0,0.0
ALABAMA,Oxford,22074.0,32.0,0.0,1.0,1.0,30.0,587.0,49.0,513.0,25.0,0.0
ALABAMA,Ozark,14350.0,63.0,2.0,7.0,4.0,50.0,432.0,49.0,351.0,32.0,2.0
ALABAMA,Parrish,967.0,17.0,0.0,0.0,1.0,16.0,31.0,4.0,23.0,4.0,1.0
ALABAMA,Pelham,25419.0,42.0,0.0,3.0,3.0,36.0,185.0,15.0,153.0,17.0,1.0
ALABAMA,Pell City,14250.0,42.0,0.0,4.0,3.0,35.0,314.0,38.0,258.0,18.0,0.0
ALABAMA,Phenix City,38323.0,298.0,3.0,19.0,27.0,249.0,1330.0,195.0,1008.0,127.0,3.0
ALABAMA,Pickensville,540.0,0.0,0.0,0.0,0.0,0.0,0.0,0.0,0.0,0.0,0.0
ALABAMA,Piedmont,4681.0,50.0,0.0,3.0,2.0,45.0,101.0,13.0,82.0,6.0,0.0
ALABAMA,Pinckard,595.0,1.0,0.0,0.0,0.0,1.0,13.0,5.0,6.0,2.0,0.0
ALABAMA,Pine Hill,699.0,5.0,0.0,0.0,0.0,5.0,29.0,6.0,20.0,3.0,0.0
ALABAMA,Pisgah,692.0,0.0,0.0,0.0,0.0,0.0,5.0,2.0,3.0,0.0,0.0
ALABAMA,Pleasant Grove,9341.0,15.0,0.0,0.0,2.0,13.0,80.0,6.0,60.0,14.0,1.0
ALABAMA,Powell,928.0,1.0,0.0,1.0,0.0,0.0,21.0,1.0,18.0,2.0,0.0
ALABAMA,Prattville,39818.0,90.0,0.0,7.0,10.0,73.0,753.0,54.0,649.0,50.0,3.0
ALABAMA,Priceville,3887.0,5.0,1.0,1.0,0.0,3.0,22.0,5.0,11.0,6.0,0.0
ALABAMA,Prichard,18672.0,118.0,11.0,2.0,12.0,93.0,400.0,92.0,205.0,103.0,9.0
ALABAMA,Ragland,1708.0,12.0,0.0,0.0,0.0,12.0,33.0,11.0,20.0,2.0,0.0
ALABAMA,Rainbow City,10362.0,9.0,0.0,2.0,0.0,7.0,96.0,10.0,79.0,7.0,0.0
ALABAMA,Rainsville,5849.0,1.0,0.0,0.0,0.0,1.0,25.0,3.0,19.0,3.0,0.0
ALABAMA,Ranburne,435.0,2.0,0.0,0.0,0.0,2.0,7.0,1.0,5.0,1.0,0.0
ALABAMA,Red Bay,3168.0,7.0,0.0,3.0,0.0,4.0,42.0,2.0,37.0,3.0,0.0
ALABAMA,Reform,1442.0,3.0,0.0,0.0,0.0,3.0,18.0,6.0,12.0,0.0,0.0
ALABAMA,Repton,226.0,0.0,0.0,0.0,0.0,0.0,2.0,1.0,1.0,0.0,0.0
ALABAMA,Riverside,2279.0,6.0,0.0,1.0,0.0,5.0,23.0,5.0,14.0,4.0,0.0
ALABAMA,Roanoke,5411.0,42.0,0.0,3.0,2.0,37.0,210.0,30.0,163.0,17.0,1.0
ALABAMA,Robertsdale,7658.0,14.0,0.0,2.0,0.0,12.0,209.0,14.0,180.0,15.0,1.0
ALABAMA,Rogersville,1420.0,3.0,0.0,0.0,0.0,3.0,29.0,6.0,18.0,5.0,0.0
ALABAMA,Russellville,10679.0,12.0,1.0,0.0,2.0,9.0,213.0,38.0,168.0,7.0,1.0
ALABAMA,Saraland,16505.0,14.0,0.0,4.0,2.0,8.0,281.0,15.0,249.0,17.0,0.0
ALABAMA,Sardis City,1778.0,2.0,0.0,0.0,0.0,2.0,27.0,3.0,21.0,3.0,0.0
ALABAMA,Satsuma,6880.0,11.0,0.0,1.0,0.0,10.0,46.0,5.0,39.0,2.0,0.0
ALABAMA,Scottsboro,15960.0,32.0,0.0,9.0,2.0,21.0,283.0,26.0,246.0,11.0,1.0
ALABAMA,Selma,16299.0,101.0,2.0,3.0,5.0,91.0,403.0,90.0,286.0,27.0,5.0
ALABAMA,Semmes,6105.0,44.0,1.0,0.0,6.0,37.0,314.0,54.0,232.0,28.0,0.0
ALABAMA,Sheffield,9280.0,48.0,3.0,1.0,2.0,42.0,176.0,35.0,126.0,15.0,0.0
ALABAMA,Silverhill,1037.0,5.0,0.0,2.0,0.0,3.0,31.0,3.0,25.0,3.0,0.0
ALABAMA,Slocomb,2149.0,0.0,0.0,0.0,0.0,0.0,0.0,0.0,0.0,0.0,0.0
ALABAMA,Snead,1044.0,1.0,0.0,0.0,0.0,1.0,16.0,2.0,13.0,1.0,0.0
ALABAMA,Somerville,823.0,1.0,0.0,0.0,0.0,1.0,5.0,1.0,3.0,1.0,0.0
ALABAMA,Southside,9638.0,10.0,0.0,3.0,0.0,7.0,31.0,2.0,28.0,1.0,1.0
ALABAMA,Spanish Fort,11199.0,10.0,1.0,5.0,0.0,4.0,153.0,8.0,141.0,4.0,0.0
ALABAMA,Springville,5381.0,9.0,1.0,1.0,0.0,7.0,71.0,28.0,40.0,3.0,0.0
ALABAMA,Steele,1003.0,0.0,0.0,0.0,0.0,0.0,6.0,0.0,6.0,0.0,1.0
ALABAMA,Stevenson,1981.0,7.0,0.0,0.0,3.0,4.0,24.0,4.0,15.0,5.0,0.0
ALABAMA,St. Florian,733.0,0.0,0.0,0.0,0.0,0.0,19.0,4.0,13.0,2.0,0.0
ALABAMA,Sulligent,1817.0,3.0,0.0,0.0,0.0,3.0,24.0,5.0,15.0,4.0,0.0
ALABAMA,Sumiton,2513.0,1.0,0.0,0.0,0.0,1.0,23.0,3.0,20.0,0.0,0.0
ALABAMA,Summerdale,1608.0,14.0,0.0,2.0,0.0,12.0,48.0,4.0,39.0,5.0,0.0
ALABAMA,Susan Moore,804.0,0.0,0.0,0.0,0.0,0.0,4.0,1.0,2.0,1.0,0.0
ALABAMA,Sylacauga,12109.0,68.0,1.0,3.0,4.0,60.0,421.0,106.0,298.0,17.0,4.0
ALABAMA,Sylvania,1813.0,0.0,0.0,0.0,0.0,0.0,18.0,1.0,13.0,4.0,0.0
ALABAMA,Talladega,14590.0,79.0,2.0,7.0,4.0,66.0,502.0,107.0,344.0,51.0,2.0
ALABAMA,Tallassee,4742.0,50.0,0.0,8.0,8.0,34.0,303.0,123.0,158.0,22.0,0.0
ALABAMA,Taylor,2324.0,0.0,0.0,0.0,0.0,0.0,0.0,0.0,0.0,0.0,0.0
ALABAMA,Thomaston,316.0,0.0,0.0,0.0,0.0,0.0,0.0,0.0,0.0,0.0,0.0
ALABAMA,Thomasville,3543.0,11.0,0.0,1.0,0.0,10.0,103.0,9.0,91.0,3.0,0.0
ALABAMA,Thorsby,2175.0,1.0,0.0,0.0,0.0,1.0,15.0,3.0,8.0,4.0,0.0
ALABAMA,Town Creek,1065.0,2.0,0.0,0.0,0.0,2.0,4.0,0.0,4.0,0.0,0.0
ALABAMA,Trafford,584.0,0.0,0.0,0.0,0.0,0.0,3.0,1.0,2.0,0.0,0.0
ALABAMA,Triana,5085.0,3.0,0.0,0.0,1.0,2.0,19.0,4.0,14.0,1.0,1.0
ALABAMA,Trinity,2581.0,1.0,0.0,0.0,1.0,0.0,29.0,2.0,22.0,5.0,0.0
ALABAMA,Troy,17894.0,87.0,2.0,5.0,2.0,78.0,628.0,50.0,544.0,34.0,1.0
ALABAMA,Trussville,26964.0,37.0,0.0,2.0,5.0,30.0,532.0,26.0,484.0,22.0,0.0
ALABAMA,Tuscaloosa,113834.0,630.0,18.0,20.0,68.0,524.0,3109.0,363.0,2458.0,288.0,5.0
ALABAMA,Tuscumbia,9208.0,6.0,0.0,0.0,0.0,6.0,41.0,1.0,36.0,4.0,0.0
ALABAMA,Tuskegee,8582.0,71.0,4.0,2.0,9.0,56.0,156.0,33.0,106.0,17.0,1.0
ALABAMA,Union Springs,3097.0,27.0,4.0,0.0,5.0,18.0,40.0,8.0,28.0,4.0,1.0
ALABAMA,Uniontown,1921.0,7.0,0.0,1.0,0.0,6.0,1.0,0.0,1.0,0.0,0.0
ALABAMA,Valley,10241.0,39.0,0.0,3.0,6.0,30.0,393.0,34.0,335.0,24.0,0.0
ALABAMA,Vance,2310.0,9.0,0.0,1.0,1.0,7.0,28.0,8.0,19.0,1.0,1.0
ALABAMA,Vernon,1825.0,2.0,0.0,1.0,0.0,1.0,39.0,13.0,21.0,5.0,0.0
ALABAMA,Vestavia Hills,37658.0,31.0,0.0,6.0,0.0,25.0,243.0,24.0,201.0,18.0,1.0
ALABAMA,Warrior,3177.0,14.0,0.0,3.0,0.0,11.0,64.0,9.0,46.0,9.0,1.0
ALABAMA,Weaver,3327.0,9.0,0.0,1.0,1.0,7.0,58.0,11.0,39.0,8.0,1.0
ALABAMA,Wedowee,751.0,6.0,1.0,1.0,1.0,3.0,31.0,8.0,20.0,3.0,0.0
ALABAMA,West Blocton,1181.0,4.0,0.0,1.0,0.0,3.0,25.0,8.0,14.0,3.0,0.0
ALABAMA,Wetumpka,7249.0,12.0,0.0,4.0,2.0,6.0,95.0,9.0,81.0,5.0,0.0
ALABAMA,Winfield,4872.0,6.0,0.0,1.0,0.0,5.0,99.0,13.0,82.0,4.0,0.0
ALABAMA,Woodstock,1614.0,13.0,0.0,1.0,0.0,12.0,35.0,5.0,25.0,5.0,0.0
ALABAMA,York,2277.0,4.0,0.0,0.0,0.0,4.0,6.0,3.0,3.0,0.0,0.0
ALASKA,Anchorage,286958.0,2912.0,27.0,462.0,479.0,1944.0,7937.0,910.0,5813.0,1214.0,87.0
ALASKA,Bethel,6280.0,104.0,0.0,31.0,4.0,69.0,141.0,26.0,85.0,30.0,4.0
ALASKA,Bristol Bay Borough,856.0,7.0,0.0,0.0,0.0,7.0,5.0,2.0,1.0,2.0,1.0
ALASKA,Cordova,2171.0,5.0,0.0,0.0,0.0,5.0,0.0,0.0,0.0,0.0,0.0
ALASKA,Craig,1042.0,3.0,0.0,0.0,0.0,3.0,2.0,0.0,1.0,1.0,0.0
ALASKA,Dillingham,2088.0,7.0,0.0,1.0,0.0,6.0,0.0,0.0,0.0,0.0,1.0
ALASKA,Fairbanks,31676.0,221.0,2.0,38.0,42.0,139.0,1097.0,94.0,902.0,101.0,8.0
ALASKA,Homer,6212.0,13.0,1.0,3.0,0.0,9.0,78.0,5.0,68.0,5.0,1.0
ALASKA,Juneau,31612.0,170.0,1.0,36.0,20.0,113.0,654.0,107.0,501.0,46.0,7.0
ALASKA,Kenai,7851.0,18.0,0.0,9.0,0.0,9.0,68.0,4.0,57.0,7.0,2.0
ALASKA,Ketchikan,8050.0,29.0,0.0,3.0,5.0,21.0,164.0,7.0,157.0,0.0,0.0
ALASKA,Kodiak,5289.0,14.0,0.0,2.0,0.0,12.0,53.0,5.0,42.0,6.0,1.0
ALASKA,Nome,3621.0,30.0,0.0,12.0,1.0,17.0,26.0,5.0,14.0,7.0,0.0
ALASKA,North Pole,2490.0,7.0,0.0,0.0,1.0,6.0,45.0,0.0,41.0,4.0,0.0
ALASKA,North Slope Borough,10564.0,63.0,3.0,9.0,0.0,51.0,54.0,14.0,23.0,17.0,2.0
ALASKA,Palmer,6533.0,10.0,3.0,0.0,2.0,5.0,62.0,9.0,40.0,13.0,0.0
ALASKA,Petersburg,3465.0,7.0,0.0,4.0,0.0,3.0,21.0,1.0,20.0,0.0,0.0
ALASKA,Seward,2734.0,7.0,0.0,4.0,0.0,3.0,52.0,5.0,45.0,2.0,0.0
ALASKA,Sitka,8306.0,15.0,0.0,1.0,0.0,14.0,54.0,5.0,45.0,4.0,1.0
ALASKA,Skagway,1061.0,2.0,0.0,2.0,0.0,0.0,4.0,0.0,4.0,0.0,0.0
ALASKA,Soldotna,4654.0,4.0,0.0,0.0,0.0,4.0,53.0,4.0,44.0,5.0,0.0
ALASKA,Unalaska,4204.0,5.0,0.0,0.0,0.0,5.0,4.0,0.0,3.0,1.0,0.0
ALASKA,Valdez,3859.0,5.0,0.0,2.0,0.0,3.0,13.0,4.0,7.0,2.0,0.0
ALASKA,Wasilla,10240.0,46.0,1.0,7.0,5.0,33.0,248.0,61.0,167.0,20.0,1.0
ALASKA,Wrangell,2062.0,1.0,0.0,0.0,0.0,1.0,1.0,0.0,1.0,0.0,0.0
ARIZONA,Apache Junction,41994.0,179.0,1.0,18.0,4.0,156.0,635.0,70.0,465.0,100.0,4.0
ARIZONA,Avondale,94911.0,351.0,5.0,44.0,37.0,265.0,2127.0,187.0,1680.0,260.0,8.0
ARIZONA,Bisbee,5019.0,5.0,0.0,0.0,1.0,4.0,32.0,5.0,21.0,6.0,0.0
ARIZONA,Buckeye,114513.0,191.0,3.0,58.0,9.0,121.0,883.0,100.0,653.0,130.0,1.0
ARIZONA,Bullhead City,43923.0,200.0,1.0,6.0,21.0,172.0,963.0,101.0,745.0,117.0,7.0
ARIZONA,Camp Verde,12597.0,23.0,0.0,1.0,1.0,21.0,143.0,21.0,112.0,10.0,1.0
ARIZONA,Casa Grande,67317.0,276.0,4.0,30.0,15.0,227.0,1029.0,173.0,689.0,167.0,7.0
ARIZONA,Chandler,281117.0,375.0,2.0,49.0,66.0,258.0,4229.0,339.0,3633.0,257.0,11.0
ARIZONA,Chino Valley,14059.0,11.0,0.0,1.0,1.0,9.0,66.0,7.0,52.0,7.0,0.0
ARIZONA,Clarkdale,5061.0,1.0,0.0,0.0,0.0,1.0,28.0,1.0,24.0,3.0,0.0
ARIZONA,Colorado City,2826.0,9.0,0.0,3.0,0.0,6.0,52.0,9.0,32.0,11.0,2.0
ARIZONA,Coolidge,20276.0,62.0,2.0,1.0,5.0,54.0,310.0,13.0,259.0,38.0,1.0
ARIZONA,Cottonwood,13441.0,30.0,0.0,2.0,3.0,25.0,157.0,18.0,127.0,12.0,0.0
ARIZONA,Douglas,15359.0,12.0,0.0,0.0,4.0,8.0,241.0,44.0,173.0,24.0,0.0
ARIZONA,El Mirage,35815.0,137.0,1.0,22.0,8.0,106.0,450.0,48.0,336.0,66.0,5.0
ARIZONA,Eloy,19594.0,95.0,2.0,8.0,4.0,81.0,190.0,49.0,126.0,15.0,2.0
ARIZONA,Flagstaff,76433.0,354.0,5.0,54.0,41.0,254.0,1706.0,94.0,1506.0,106.0,8.0
ARIZONA,Florence,23354.0,28.0,2.0,0.0,1.0,25.0,128.0,14.0,100.0,14.0,4.0
ARIZONA,Fredonia,1299.0,0.0,0.0,0.0,0.0,0.0,1.0,0.0,0.0,1.0,0.0
ARIZONA,Gilbert,277527.0,367.0,1.0,65.0,30.0,271.0,2687.0,221.0,2293.0,173.0,9.0
ARIZONA,Glendale,255512.0,1248.0,20.0,147.0,167.0,914.0,6824.0,798.0,4906.0,1120.0,30.0
ARIZONA,Globe,7156.0,58.0,0.0,5.0,1.0,52.0,387.0,31.0,346.0,10.0,3.0
ARIZONA,Goodyear,116892.0,213.0,0.0,17.0,15.0,181.0,1710.0,162.0,1362.0,186.0,10.0
ARIZONA,Jerome,459.0,2.0,0.0,0.0,0.0,2.0,16.0,3.0,13.0,0.0,
ARIZONA,Kingman,36187.0,80.0,3.0,7.0,12.0,58.0,1223.0,82.0,964.0,177.0,7.0
ARIZONA,Lake Havasu City,59898.0,213.0,0.0,29.0,8.0,176.0,835.0,140.0,641.0,54.0,2.0
ARIZONA,Litchfield Park,6881.0,7.0,0.0,1.0,2.0,4.0,65.0,8.0,50.0,7.0,0.0
ARIZONA,Marana,60507.0,70.0,2.0,5.0,4.0,59.0,817.0,53.0,728.0,36.0,3.0
ARIZONA,Maricopa,75614.0,170.0,2.0,5.0,4.0,159.0,657.0,47.0,566.0,44.0,0.0
ARIZONA,Mesa,513585.0,2479.0,14.0,227.0,258.0,1980.0,7522.0,964.0,5539.0,1019.0,41.0
ARIZONA,Nogales,19686.0,45.0,0.0,0.0,0.0,45.0,709.0,94.0,451.0,164.0,0.0
ARIZONA,Oro Valley,48680.0,25.0,0.0,3.0,1.0,21.0,559.0,28.0,511.0,20.0,0.0
ARIZONA,Page,7288.0,40.0,0.0,5.0,1.0,34.0,379.0,9.0,337.0,33.0,2.0
ARIZONA,Paradise Valley,12440.0,10.0,0.0,3.0,2.0,5.0,123.0,39.0,77.0,7.0,0.0
ARIZONA,Parker,3393.0,12.0,3.0,0.0,1.0,8.0,47.0,10.0,29.0,8.0,2.0
ARIZONA,Payson,16845.0,44.0,0.0,0.0,0.0,44.0,206.0,37.0,147.0,22.0,0.0
ARIZONA,Peoria,201056.0,512.0,3.0,87.0,49.0,373.0,2423.0,303.0,1823.0,297.0,18.0
ARIZONA,Phoenix,1662809.0,13296.0,139.0,1069.0,3020.0,9068.0,38666.0,5274.0,26308.0,7084.0,226.0
ARIZONA,Pinetop-Lakeside,4246.0,51.0,0.0,3.0,1.0,47.0,134.0,6.0,121.0,7.0,1.0
ARIZONA,Prescott,48339.0,162.0,1.0,11.0,9.0,141.0,540.0,108.0,409.0,23.0,2.0
ARIZONA,Prescott Valley,51116.0,115.0,2.0,23.0,3.0,87.0,393.0,23.0,341.0,29.0,7.0
ARIZONA,Quartzsite,2382.0,5.0,0.0,0.0,0.0,5.0,68.0,26.0,38.0,4.0,1.0
ARIZONA,Queen Creek,82639.0,99.0,0.0,10.0,3.0,86.0,679.0,47.0,604.0,28.0,7.0
ARIZONA,Sahuarita,37049.0,34.0,2.0,7.0,1.0,24.0,362.0,30.0,317.0,15.0,1.0
ARIZONA,San Luis,38809.0,34.0,0.0,3.0,3.0,28.0,213.0,27.0,152.0,34.0,1.0
ARIZONA,Scottsdale,245237.0,374.0,1.0,83.0,54.0,236.0,4599.0,447.0,3764.0,388.0,7.0
ARIZONA,Sedona,9861.0,31.0,0.0,5.0,5.0,21.0,128.0,25.0,96.0,7.0,1.0
ARIZONA,Show Low,12341.0,91.0,2.0,4.0,3.0,82.0,279.0,21.0,234.0,24.0,2.0
ARIZONA,Sierra Vista,44119.0,96.0,1.0,9.0,11.0,75.0,734.0,73.0,626.0,35.0,6.0
ARIZONA,Snowflake-Taylor,11231.0,35.0,0.0,3.0,0.0,32.0,125.0,20.0,100.0,5.0,6.0
ARIZONA,Somerton,14717.0,26.0,0.0,0.0,1.0,25.0,78.0,3.0,63.0,12.0,2.0
ARIZONA,St. Johns,3343.0,21.0,0.0,2.0,0.0,19.0,31.0,12.0,16.0,3.0,0.0
ARIZONA,Superior,2621.0,7.0,0.0,0.0,0.0,7.0,82.0,11.0,59.0,12.0,2.0
ARIZONA,Surprise,163202.0,178.0,12.0,27.0,18.0,121.0,1429.0,154.0,1113.0,162.0,12.0
ARIZONA,Tempe,191376.0,900.0,5.0,137.0,127.0,631.0,5538.0,640.0,4321.0,577.0,14.0
ARIZONA,Thatcher,5546.0,4.0,0.0,0.0,0.0,4.0,36.0,7.0,28.0,1.0,0.0
ARIZONA,Tolleson,7141.0,72.0,0.0,13.0,9.0,50.0,654.0,37.0,529.0,88.0,0.0
ARIZONA,Tucson,548789.0,3231.0,37.0,262.0,593.0,2339.0,18182.0,1629.0,13723.0,2830.0,110.0
ARIZONA,Wellton,2638.0,1.0,0.0,0.0,0.0,1.0,9.0,1.0,6.0,2.0,0.0
ARIZONA,Wickenburg,8343.0,9.0,0.0,0.0,0.0,9.0,72.0,17.0,46.0,9.0,0.0
ARIZONA,Willcox,3194.0,13.0,0.0,0.0,3.0,10.0,54.0,11.0,38.0,5.0,0.0
ARIZONA,Williams,3549.0,22.0,0.0,5.0,0.0,17.0,90.0,7.0,76.0,7.0,0.0
ARIZONA,Winslow,8362.0,68.0,0.0,5.0,4.0,59.0,304.0,13.0,276.0,15.0,1.0
ARIZONA,Yuma,101989.0,432.0,3.0,44.0,24.0,361.0,1272.0,201.0,906.0,165.0,16.0
ARKANSAS,Alexander,3854.0,22.0,1.0,7.0,1.0,13.0,87.0,34.0,46.0,7.0,1.0
ARKANSAS,Alma,6053.0,27.0,0.0,7.0,0.0,20.0,63.0,11.0,48.0,4.0,0.0
ARKANSAS,Altus,677.0,0.0,0.0,0.0,0.0,0.0,8.0,1.0,6.0,1.0,0.0
ARKANSAS,Amity,677.0,3.0,0.0,0.0,0.0,3.0,3.0,1.0,2.0,0.0,0.0
ARKANSAS,Arkadelphia,10222.0,30.0,0.0,1.0,4.0,25.0,188.0,37.0,146.0,5.0,0.0
ARKANSAS,Ashdown,4136.0,18.0,0.0,5.0,1.0,12.0,115.0,24.0,76.0,15.0,1.0
ARKANSAS,Ash Flat,1189.0,2.0,0.0,1.0,0.0,1.0,27.0,1.0,25.0,1.0,0.0
ARKANSAS,Atkins,2893.0,9.0,0.0,1.0,1.0,7.0,47.0,16.0,31.0,0.0,0.0
ARKANSAS,Austin,4204.0,9.0,0.0,3.0,0.0,6.0,21.0,5.0,15.0,1.0,0.0
ARKANSAS,Bald Knob,2509.0,24.0,0.0,9.0,0.0,15.0,35.0,4.0,29.0,2.0,2.0
ARKANSAS,Barling,5366.0,19.0,0.0,7.0,0.0,12.0,72.0,9.0,60.0,3.0,0.0
ARKANSAS,Batesville,11623.0,51.0,0.0,18.0,2.0,31.0,170.0,41.0,112.0,17.0,1.0
ARKANSAS,Bay,1803.0,1.0,0.0,0.0,0.0,1.0,13.0,2.0,10.0,1.0,0.0
ARKANSAS,Beebe,9022.0,64.0,0.0,15.0,4.0,45.0,151.0,18.0,128.0,5.0,2.0
ARKANSAS,Bella Vista,33122.0,67.0,1.0,10.0,0.0,56.0,162.0,16.0,140.0,6.0,2.0
ARKANSAS,Benton,38408.0,159.0,0.0,14.0,12.0,133.0,870.0,91.0,733.0,46.0,4.0
ARKANSAS,Bentonville,61109.0,156.0,3.0,23.0,2.0,128.0,506.0,54.0,421.0,31.0,3.0
ARKANSAS,Berryville,5782.0,16.0,0.0,3.0,1.0,12.0,143.0,38.0,105.0,0.0,1.0
ARKANSAS,Black Rock,614.0,0.0,0.0,0.0,0.0,0.0,4.0,0.0,4.0,0.0,0.0
ARKANSAS,Blytheville,12354.0,168.0,5.0,5.0,23.0,135.0,546.0,163.0,333.0,50.0,6.0
ARKANSAS,Bonanza,615.0,0.0,0.0,0.0,0.0,0.0,1.0,0.0,1.0,0.0,0.0
ARKANSAS,Bono,2907.0,3.0,0.0,1.0,0.0,2.0,56.0,17.0,35.0,4.0,0.0
ARKANSAS,Booneville,3825.0,18.0,0.0,6.0,0.0,12.0,75.0,10.0,61.0,4.0,0.0
ARKANSAS,Bradford,679.0,2.0,0.0,1.0,0.0,1.0,19.0,3.0,16.0,0.0,1.0
ARKANSAS,Brinkley,2536.0,38.0,0.0,5.0,2.0,31.0,50.0,12.0,32.0,6.0,0.0
ARKANSAS,Brookland,4715.0,26.0,0.0,5.0,1.0,20.0,36.0,8.0,23.0,5.0,0.0
ARKANSAS,Bryant,22262.0,39.0,0.0,5.0,7.0,27.0,458.0,34.0,401.0,23.0,0.0
ARKANSAS,Bull Shoals,1927.0,4.0,0.0,1.0,0.0,3.0,6.0,0.0,6.0,0.0,0.0
ARKANSAS,Cabot,27405.0,97.0,1.0,27.0,7.0,62.0,360.0,44.0,281.0,35.0,2.0
ARKANSAS,Caddo Valley,589.0,6.0,0.0,0.0,0.0,6.0,19.0,2.0,16.0,1.0,1.0
ARKANSAS,Camden,10025.0,109.0,1.0,8.0,6.0,94.0,406.0,90.0,292.0,24.0,3.0
ARKANSAS,Cammack Village,746.0,0.0,0.0,0.0,0.0,0.0,2.0,0.0,2.0,0.0,0.0
ARKANSAS,Caraway,1086.0,1.0,0.0,1.0,0.0,0.0,10.0,0.0,10.0,0.0,0.0
ARKANSAS,Carlisle,2007.0,7.0,0.0,0.0,0.0,7.0,54.0,11.0,39.0,4.0,0.0
ARKANSAS,Cave City,2016.0,6.0,0.0,5.0,0.0,1.0,16.0,1.0,14.0,1.0,0.0
ARKANSAS,Cave Springs,6248.0,6.0,0.0,1.0,0.0,5.0,16.0,5.0,10.0,1.0,0.0
ARKANSAS,Cedarville,1451.0,3.0,0.0,1.0,0.0,2.0,6.0,1.0,5.0,0.0,0.0
ARKANSAS,Centerton,26233.0,38.0,1.0,2.0,0.0,35.0,63.0,17.0,42.0,4.0,0.0
ARKANSAS,Central City,466.0,0.0,0.0,0.0,0.0,0.0,3.0,1.0,2.0,0.0,0.0
ARKANSAS,Charleston,2724.0,14.0,0.0,2.0,0.0,12.0,32.0,6.0,26.0,0.0,0.0
ARKANSAS,Cherokee Village,4986.0,10.0,0.0,2.0,0.0,8.0,31.0,4.0,19.0,8.0,0.0
ARKANSAS,Cherry Valley,565.0,1.0,0.0,0.0,0.0,1.0,6.0,0.0,6.0,0.0,0.0
ARKANSAS,Clarendon,1442.0,10.0,0.0,0.0,0.0,10.0,22.0,9.0,13.0,0.0,0.0
ARKANSAS,Clarksville,9680.0,45.0,0.0,13.0,3.0,29.0,197.0,35.0,156.0,6.0,1.0
ARKANSAS,Conway,71417.0,374.0,2.0,36.0,25.0,311.0,1462.0,126.0,1252.0,84.0,3.0
ARKANSAS,Corning,3086.0,8.0,0.0,3.0,0.0,5.0,20.0,4.0,14.0,2.0,0.0
ARKANSAS,Cotter,963.0,2.0,0.0,0.0,0.0,2.0,3.0,0.0,2.0,1.0,1.0
ARKANSAS,Crossett,4507.0,35.0,0.0,5.0,1.0,29.0,128.0,35.0,91.0,2.0,0.0
ARKANSAS,Damascus,393.0,1.0,0.0,1.0,0.0,0.0,10.0,1.0,9.0,0.0,0.0
ARKANSAS,Danville,1988.0,4.0,0.0,0.0,1.0,3.0,12.0,0.0,12.0,0.0,1.0
ARKANSAS,Dardanelle,4504.0,18.0,0.0,5.0,0.0,13.0,34.0,4.0,27.0,3.0,0.0
ARKANSAS,Decatur,1707.0,11.0,0.0,3.0,0.0,8.0,21.0,5.0,16.0,0.0,0.0
ARKANSAS,De Queen,5998.0,13.0,0.0,2.0,0.0,11.0,103.0,22.0,77.0,4.0,1.0
ARKANSAS,Des Arc,1826.0,5.0,0.0,2.0,0.0,3.0,10.0,2.0,7.0,1.0,0.0
ARKANSAS,De Valls Bluff,496.0,5.0,0.0,1.0,0.0,4.0,3.0,0.0,3.0,0.0,0.0
ARKANSAS,DeWitt,2844.0,13.0,0.0,3.0,0.0,10.0,32.0,3.0,29.0,0.0,0.0
ARKANSAS,Diamond City,846.0,1.0,0.0,1.0,0.0,0.0,2.0,2.0,0.0,0.0,0.0
ARKANSAS,Diaz,1219.0,2.0,0.0,0.0,0.0,2.0,5.0,2.0,2.0,1.0,0.0
ARKANSAS,Dover,1358.0,3.0,0.0,1.0,0.0,2.0,14.0,1.0,11.0,2.0,0.0
ARKANSAS,Dumas,3562.0,41.0,1.0,4.0,2.0,34.0,93.0,26.0,65.0,2.0,0.0
ARKANSAS,Earle,1748.0,9.0,0.0,1.0,0.0,8.0,34.0,3.0,26.0,5.0,0.0
ARKANSAS,El Dorado,16603.0,219.0,3.0,12.0,20.0,184.0,579.0,178.0,355.0,46.0,4.0
ARKANSAS,Elkins,3977.0,13.0,0.0,4.0,0.0,9.0,32.0,2.0,30.0,0.0,1.0
ARKANSAS,England,2431.0,12.0,0.0,1.0,1.0,10.0,39.0,5.0,30.0,4.0,0.0
ARKANSAS,Etowah,238.0,0.0,0.0,0.0,0.0,0.0,3.0,1.0,1.0,1.0,0.0
ARKANSAS,Eudora,1566.0,3.0,0.0,0.0,0.0,3.0,13.0,4.0,8.0,1.0,0.0
ARKANSAS,Eureka Springs,2201.0,8.0,0.0,2.0,0.0,6.0,39.0,8.0,26.0,5.0,0.0
ARKANSAS,Fairfield Bay,2185.0,5.0,0.0,1.0,0.0,4.0,30.0,1.0,29.0,0.0,0.0
ARKANSAS,Farmington,10608.0,25.0,0.0,5.0,0.0,20.0,38.0,8.0,29.0,1.0,0.0
ARKANSAS,Fayetteville,104089.0,441.0,8.0,55.0,28.0,350.0,2468.0,238.0,2024.0,206.0,2.0
ARKANSAS,Flippin,1326.0,3.0,0.0,2.0,0.0,1.0,85.0,0.0,84.0,1.0,0.0
ARKANSAS,Fordyce,3177.0,25.0,0.0,6.0,1.0,18.0,107.0,33.0,69.0,5.0,1.0
ARKANSAS,Forrest City,12332.0,145.0,5.0,7.0,3.0,130.0,352.0,53.0,250.0,49.0,3.0
ARKANSAS,Fort Smith,89977.0,758.0,0.0,81.0,59.0,618.0,3315.0,420.0,2613.0,282.0,10.0
ARKANSAS,Gassville,2241.0,1.0,0.0,0.0,0.0,1.0,31.0,4.0,26.0,1.0,0.0
ARKANSAS,Gentry,4668.0,14.0,0.0,2.0,0.0,12.0,12.0,0.0,11.0,1.0,0.0
ARKANSAS,Gillett,610.0,0.0,0.0,0.0,0.0,0.0,3.0,1.0,1.0,1.0,0.0
ARKANSAS,Glenwood,2072.0,6.0,0.0,1.0,0.0,5.0,29.0,10.0,19.0,0.0,1.0
ARKANSAS,Goshen,2364.0,4.0,0.0,2.0,0.0,2.0,5.0,0.0,3.0,2.0,0.0
ARKANSAS,Gosnell,2680.0,6.0,0.0,3.0,0.0,3.0,28.0,2.0,18.0,8.0,1.0
ARKANSAS,Gravette,3813.0,10.0,0.0,0.0,0.0,10.0,53.0,8.0,37.0,8.0,0.0
ARKANSAS,Green Forest,3214.0,18.0,0.0,4.0,1.0,13.0,19.0,4.0,13.0,2.0,0.0
ARKANSAS,Greenland,1222.0,3.0,0.0,0.0,0.0,3.0,3.0,0.0,3.0,0.0,0.0
ARKANSAS,Greenwood,9721.0,21.0,0.0,3.0,0.0,18.0,32.0,13.0,14.0,5.0,0.0
ARKANSAS,Greers Ferry,849.0,1.0,0.0,1.0,0.0,0.0,24.0,3.0,17.0,4.0,0.0
ARKANSAS,Gurdon,1834.0,8.0,0.0,3.0,0.0,5.0,21.0,6.0,15.0,0.0,0.0
ARKANSAS,Guy,741.0,1.0,0.0,0.0,0.0,1.0,1.0,0.0,1.0,0.0,0.0
ARKANSAS,Hackett,868.0,2.0,0.0,1.0,0.0,1.0,4.0,1.0,3.0,0.0,0.0
ARKANSAS,Hamburg,2379.0,10.0,0.0,0.0,1.0,9.0,22.0,8.0,14.0,0.0,0.0
ARKANSAS,Hampton,1133.0,7.0,0.0,0.0,0.0,7.0,11.0,3.0,7.0,1.0,0.0
ARKANSAS,Hardy,770.0,2.0,0.0,0.0,0.0,2.0,5.0,2.0,2.0,1.0,0.0
ARKANSAS,Harrisburg,2206.0,10.0,0.0,1.0,0.0,9.0,44.0,7.0,29.0,8.0,0.0
ARKANSAS,Harrison,13524.0,43.0,0.0,6.0,0.0,37.0,242.0,21.0,216.0,5.0,3.0
ARKANSAS,Hartford,496.0,0.0,0.0,0.0,0.0,0.0,2.0,0.0,2.0,0.0,0.0
ARKANSAS,Haskell,4193.0,6.0,0.0,1.0,1.0,4.0,24.0,3.0,20.0,1.0,0.0
ARKANSAS,Heber Springs,7333.0,26.0,0.0,7.0,0.0,19.0,136.0,28.0,106.0,2.0,0.0
ARKANSAS,Helena-West Helena,8404.0,137.0,8.0,12.0,4.0,113.0,289.0,110.0,143.0,36.0,4.0
ARKANSAS,Higginson,905.0,0.0,0.0,0.0,0.0,0.0,2.0,0.0,0.0,2.0,0.0
ARKANSAS,Highfill,2739.0,5.0,0.0,0.0,0.0,5.0,4.0,0.0,4.0,0.0,0.0
ARKANSAS,Highland,1060.0,0.0,0.0,0.0,0.0,0.0,12.0,7.0,5.0,0.0,0.0
ARKANSAS,Hope,8445.0,60.0,1.0,7.0,1.0,51.0,270.0,41.0,207.0,22.0,0.0
ARKANSAS,Hot Springs,38001.0,203.0,6.0,43.0,20.0,134.0,1582.0,267.0,1193.0,122.0,10.0
ARKANSAS,Hot Springs Village,15861.0,14.0,0.0,3.0,0.0,11.0,30.0,3.0,27.0,0.0,0.0
ARKANSAS,Hughes,973.0,1.0,0.0,0.0,1.0,0.0,9.0,1.0,8.0,0.0,0.0
ARKANSAS,Humphrey,439.0,0.0,0.0,0.0,0.0,0.0,4.0,0.0,4.0,0.0,0.0
ARKANSAS,Jacksonville,28958.0,275.0,6.0,18.0,24.0,227.0,1147.0,183.0,798.0,166.0,7.0
ARKANSAS,Jericho,99.0,0.0,0.0,0.0,0.0,0.0,3.0,0.0,3.0,0.0,0.0
ARKANSAS,Johnson,3693.0,11.0,0.0,6.0,1.0,4.0,60.0,27.0,28.0,5.0,0.0
ARKANSAS,Jonesboro,81256.0,585.0,5.0,84.0,50.0,446.0,2474.0,755.0,1538.0,181.0,6.0
ARKANSAS,Judsonia,1889.0,10.0,0.0,4.0,0.0,6.0,13.0,3.0,7.0,3.0,0.0
ARKANSAS,Kensett,1405.0,6.0,0.0,1.0,0.0,5.0,12.0,3.0,9.0,0.0,0.0
ARKANSAS,Kibler,1044.0,6.0,0.0,2.0,0.0,4.0,10.0,1.0,7.0,2.0,0.0
ARKANSAS,Lake City,2729.0,4.0,0.0,2.0,1.0,1.0,23.0,0.0,22.0,1.0,0.0
ARKANSAS,Lakeview,789.0,2.0,0.0,0.0,0.0,2.0,1.0,0.0,1.0,0.0,0.0
ARKANSAS,Lake Village,1866.0,8.0,2.0,0.0,0.0,6.0,58.0,6.0,51.0,1.0,0.0
ARKANSAS,Lamar,1768.0,3.0,0.0,0.0,0.0,3.0,20.0,0.0,20.0,0.0,0.0
ARKANSAS,Lavaca,2533.0,5.0,0.0,5.0,0.0,0.0,11.0,1.0,10.0,0.0,1.0
ARKANSAS,Leachville,1890.0,11.0,0.0,2.0,0.0,9.0,16.0,4.0,11.0,1.0,0.0
ARKANSAS,Lead Hill,286.0,0.0,0.0,0.0,0.0,0.0,1.0,0.0,1.0,0.0,0.0
ARKANSAS,Lepanto,1636.0,10.0,0.0,3.0,1.0,6.0,14.0,3.0,9.0,2.0,0.0
ARKANSAS,Lewisville,867.0,4.0,0.0,0.0,0.0,4.0,3.0,2.0,1.0,0.0,0.0
ARKANSAS,Lincoln,2378.0,14.0,0.0,3.0,0.0,11.0,17.0,2.0,15.0,0.0,0.0
ARKANSAS,Little Flock,3030.0,9.0,0.0,5.0,0.0,4.0,14.0,1.0,9.0,4.0,0.0
ARKANSAS,Little Rock,204247.0,3415.0,36.0,235.0,445.0,2699.0,10650.0,1914.0,7810.0,926.0,61.0
ARKANSAS,Lonoke,4283.0,36.0,0.0,1.0,1.0,34.0,95.0,14.0,76.0,5.0,0.0
ARKANSAS,Lowell,12036.0,31.0,0.0,9.0,0.0,22.0,77.0,36.0,37.0,4.0,0.0
ARKANSAS,Luxora,865.0,1.0,0.0,0.0,1.0,0.0,2.0,0.0,0.0,2.0,0.0
ARKANSAS,Magnolia,10650.0,84.0,2.0,6.0,3.0,73.0,240.0,82.0,147.0,11.0,2.0
ARKANSAS,Malvern,11155.0,73.0,0.0,12.0,3.0,58.0,268.0,90.0,164.0,14.0,0.0
ARKANSAS,Mammoth Spring,947.0,0.0,0.0,0.0,0.0,0.0,3.0,1.0,2.0,0.0,0.0
ARKANSAS,Manila,3724.0,15.0,0.0,3.0,1.0,11.0,53.0,14.0,36.0,3.0,2.0
ARKANSAS,Mansfield,1053.0,3.0,0.0,0.0,0.0,3.0,5.0,0.0,5.0,0.0,0.0
ARKANSAS,Marianna,3243.0,59.0,2.0,13.0,1.0,43.0,88.0,17.0,61.0,10.0,1.0
ARKANSAS,Marion,13619.0,106.0,0.0,8.0,3.0,95.0,285.0,40.0,211.0,34.0,0.0
ARKANSAS,Marked Tree,2178.0,9.0,0.0,1.0,1.0,7.0,20.0,10.0,9.0,1.0,1.0
ARKANSAS,Marmaduke,1248.0,2.0,0.0,1.0,0.0,1.0,13.0,1.0,12.0,0.0,0.0
ARKANSAS,Marshall,1310.0,8.0,0.0,0.0,0.0,8.0,13.0,3.0,10.0,0.0,0.0
ARKANSAS,Maumelle,19516.0,35.0,0.0,5.0,1.0,29.0,218.0,43.0,159.0,16.0,0.0
ARKANSAS,Mayflower,2355.0,15.0,2.0,4.0,1.0,8.0,49.0,15.0,31.0,3.0,0.0
ARKANSAS,McCrory,1475.0,6.0,1.0,4.0,1.0,0.0,37.0,9.0,24.0,4.0,0.0
ARKANSAS,McRae,609.0,0.0,0.0,0.0,0.0,0.0,2.0,1.0,1.0,0.0,0.0
ARKANSAS,Mena,5633.0,21.0,0.0,10.0,0.0,11.0,145.0,10.0,130.0,5.0,1.0
ARKANSAS,Menifee,303.0,0.0,0.0,0.0,0.0,0.0,4.0,1.0,3.0,0.0,0.0
ARKANSAS,Mineral Springs,1053.0,2.0,0.0,1.0,0.0,1.0,11.0,1.0,10.0,0.0,0.0
ARKANSAS,Monette,1633.0,5.0,0.0,0.0,0.0,5.0,22.0,6.0,15.0,1.0,0.0
ARKANSAS,Monticello,8095.0,44.0,1.0,8.0,4.0,31.0,100.0,20.0,69.0,11.0,1.0
ARKANSAS,Morrilton,7112.0,38.0,0.0,6.0,0.0,32.0,200.0,23.0,172.0,5.0,0.0
ARKANSAS,Mountain Home,13427.0,37.0,1.0,7.0,1.0,28.0,303.0,32.0,260.0,11.0,3.0
ARKANSAS,Mountain View,2953.0,14.0,0.0,2.0,0.0,12.0,57.0,14.0,43.0,0.0,2.0
ARKANSAS,Mulberry,1640.0,3.0,0.0,3.0,0.0,0.0,22.0,4.0,16.0,2.0,0.0
ARKANSAS,Murfreesboro,1499.0,2.0,0.0,2.0,0.0,0.0,11.0,2.0,8.0,1.0,0.0
ARKANSAS,Nashville,4010.0,17.0,1.0,3.0,1.0,12.0,89.0,14.0,69.0,6.0,0.0
ARKANSAS,Newport,8115.0,40.0,0.0,9.0,2.0,29.0,100.0,20.0,76.0,4.0,2.0
ARKANSAS,Norfork,476.0,0.0,0.0,0.0,0.0,0.0,0.0,0.0,0.0,0.0,0.0
ARKANSAS,North Little Rock,64487.0,761.0,19.0,26.0,117.0,599.0,2781.0,388.0,2057.0,336.0,11.0
ARKANSAS,Ola,916.0,0.0,0.0,0.0,0.0,0.0,3.0,1.0,2.0,0.0,0.0
ARKANSAS,Ozark,3605.0,24.0,0.0,2.0,0.0,22.0,48.0,16.0,27.0,5.0,1.0
ARKANSAS,Pangburn,498.0,4.0,0.0,1.0,0.0,3.0,0.0,0.0,0.0,0.0,1.0
ARKANSAS,Paragould,30814.0,282.0,1.0,27.0,8.0,246.0,893.0,108.0,723.0,62.0,1.0
ARKANSAS,Paris,3312.0,26.0,0.0,5.0,0.0,21.0,68.0,18.0,41.0,9.0,0.0
ARKANSAS,Parkin,780.0,4.0,0.0,1.0,0.0,3.0,5.0,1.0,4.0,0.0,1.0
ARKANSAS,Patterson,289.0,0.0,0.0,0.0,0.0,0.0,2.0,0.0,2.0,0.0,0.0
ARKANSAS,Pea Ridge,9480.0,35.0,0.0,2.0,3.0,30.0,56.0,12.0,37.0,7.0,0.0
ARKANSAS,Perryville,1412.0,2.0,0.0,0.0,0.0,2.0,25.0,3.0,22.0,0.0,0.0
ARKANSAS,Piggott,3509.0,3.0,0.0,1.0,0.0,2.0,24.0,8.0,16.0,0.0,0.0
ARKANSAS,Pine Bluff,38524.0,609.0,14.0,20.0,37.0,538.0,1752.0,375.0,1144.0,233.0,9.0
ARKANSAS,Pleasant Plains,350.0,0.0,0.0,0.0,0.0,0.0,5.0,2.0,3.0,0.0,0.0
ARKANSAS,Plumerville,743.0,2.0,0.0,1.0,0.0,1.0,2.0,0.0,2.0,0.0,0.0
ARKANSAS,Pocahontas,7668.0,51.0,2.0,14.0,1.0,34.0,189.0,25.0,156.0,8.0,0.0
ARKANSAS,Pottsville,3330.0,3.0,0.0,0.0,0.0,3.0,5.0,1.0,2.0,2.0,0.0
ARKANSAS,Prairie Grove,8572.0,11.0,0.0,3.0,0.0,8.0,42.0,6.0,33.0,3.0,0.0
ARKANSAS,Prescott,2986.0,9.0,0.0,0.0,2.0,7.0,62.0,16.0,44.0,2.0,1.0
ARKANSAS,Quitman,704.0,3.0,0.0,2.0,0.0,1.0,18.0,2.0,14.0,2.0,0.0
ARKANSAS,Ravenden,422.0,2.0,0.0,1.0,0.0,1.0,4.0,0.0,4.0,0.0,0.0
ARKANSAS,Redfield,1487.0,5.0,0.0,1.0,0.0,4.0,19.0,4.0,13.0,2.0,0.0
ARKANSAS,Rogers,75307.0,257.0,1.0,77.0,12.0,167.0,960.0,102.0,810.0,48.0,5.0
ARKANSAS,Rose Bud,498.0,2.0,0.0,0.0,0.0,2.0,8.0,0.0,8.0,0.0,0.0
ARKANSAS,Russellville,29467.0,103.0,0.0,7.0,2.0,94.0,408.0,31.0,358.0,19.0,1.0
ARKANSAS,Salem,1623.0,5.0,0.0,1.0,0.0,4.0,20.0,6.0,11.0,3.0,2.0
ARKANSAS,Searcy,24108.0,96.0,0.0,13.0,7.0,76.0,547.0,43.0,462.0,42.0,2.0
ARKANSAS,Shannon Hills,4743.0,12.0,0.0,2.0,0.0,10.0,33.0,10.0,23.0,0.0,1.0
ARKANSAS,Sheridan,5268.0,28.0,0.0,5.0,1.0,22.0,59.0,8.0,48.0,3.0,1.0
ARKANSAS,Sherwood,33223.0,211.0,1.0,11.0,13.0,186.0,643.0,95.0,483.0,65.0,2.0
ARKANSAS,Siloam Springs,19985.0,99.0,0.0,16.0,5.0,78.0,271.0,51.0,199.0,21.0,0.0
ARKANSAS,Smackover,1566.0,3.0,0.0,0.0,0.0,3.0,28.0,12.0,15.0,1.0,1.0
ARKANSAS,Springdale,91630.0,450.0,4.0,100.0,19.0,327.0,1760.0,180.0,1441.0,139.0,2.0
ARKANSAS,Star City,2070.0,20.0,0.0,4.0,1.0,15.0,37.0,4.0,24.0,9.0,0.0
ARKANSAS,St. Charles,190.0,0.0,0.0,0.0,0.0,0.0,1.0,1.0,0.0,0.0,0.0
ARKANSAS,Stuttgart,7642.0,100.0,0.0,17.0,2.0,81.0,175.0,37.0,122.0,16.0,3.0
ARKANSAS,Swifton,718.0,0.0,0.0,0.0,0.0,0.0,2.0,1.0,1.0,0.0,0.0
ARKANSAS,Texarkana,29173.0,240.0,4.0,14.0,22.0,200.0,1043.0,114.0,879.0,50.0,1.0
ARKANSAS,Tontitown,8554.0,11.0,0.0,1.0,1.0,9.0,45.0,10.0,25.0,10.0,0.0
ARKANSAS,Trumann,7367.0,87.0,0.0,9.0,2.0,76.0,187.0,33.0,146.0,8.0,0.0
ARKANSAS,Tuckerman,1676.0,3.0,0.0,0.0,0.0,3.0,10.0,1.0,9.0,0.0,1.0
ARKANSAS,Tyronza,673.0,0.0,0.0,0.0,0.0,0.0,1.0,0.0,1.0,0.0,0.0
ARKANSAS,Van Buren,24446.0,116.0,0.0,12.0,4.0,100.0,500.0,142.0,333.0,25.0,1.0
ARKANSAS,Vilonia,4656.0,3.0,0.0,0.0,0.0,3.0,40.0,4.0,34.0,2.0,0.0
ARKANSAS,Waldron,3354.0,10.0,0.0,3.0,0.0,7.0,78.0,19.0,53.0,6.0,0.0
ARKANSAS,Ward,7108.0,20.0,0.0,4.0,2.0,14.0,76.0,14.0,55.0,7.0,0.0
ARKANSAS,Warren,5141.0,13.0,0.0,1.0,0.0,12.0,57.0,14.0,39.0,4.0,0.0
ARKANSAS,West Fork,2362.0,1.0,0.0,1.0,0.0,0.0,18.0,2.0,16.0,0.0,0.0
ARKANSAS,West Memphis,23617.0,454.0,17.0,29.0,48.0,360.0,1100.0,252.0,710.0,138.0,4.0
ARKANSAS,White Hall,5398.0,15.0,0.0,1.0,1.0,13.0,48.0,14.0,26.0,8.0,0.0
ARKANSAS,Wynne,7919.0,81.0,1.0,9.0,1.0,70.0,273.0,45.0,203.0,25.0,2.0
CALIFORNIA,Adelanto,38210.0,216.0,0.0,20.0,30.0,166.0,380.0,53.0,155.0,172.0,5.0
CALIFORNIA,Agoura Hills,19229.0,24.0,0.0,4.0,7.0,13.0,172.0,46.0,108.0,18.0,1.0
CALIFORNIA,Alameda,74458.0,236.0,6.0,16.0,93.0,121.0,3659.0,192.0,2515.0,952.0,29.0
CALIFORNIA,Albany,18735.0,26.0,0.0,2.0,10.0,14.0,467.0,56.0,355.0,56.0,5.0
CALIFORNIA,Alhambra,78840.0,177.0,1.0,11.0,75.0,90.0,1932.0,262.0,1454.0,216.0,5.0
CALIFORNIA,Aliso Viejo,49674.0,67.0,0.0,0.0,13.0,54.0,431.0,43.0,321.0,67.0,3.0
CALIFORNIA,Alturas,2640.0,39.0,0.0,3.0,0.0,36.0,17.0,5.0,10.0,2.0,2.0
CALIFORNIA,American Canyon,21199.0,69.0,1.0,11.0,14.0,43.0,263.0,9.0,204.0,50.0,2.0
CALIFORNIA,Anaheim,338488.0,2018.0,12.0,170.0,356.0,1480.0,7217.0,1178.0,4850.0,1189.0,52.0
CALIFORNIA,Anderson,11170.0,94.0,0.0,8.0,13.0,73.0,153.0,8.0,126.0,19.0,0.0
CALIFORNIA,Angels Camp,3781.0,24.0,0.0,4.0,0.0,20.0,58.0,4.0,49.0,5.0,0.0
CALIFORNIA,Antioch,117675.0,714.0,16.0,46.0,218.0,434.0,3758.0,549.0,1604.0,1605.0,17.0
CALIFORNIA,Apple Valley,74764.0,386.0,5.0,25.0,51.0,305.0,1198.0,201.0,707.0,290.0,14.0
CALIFORNIA,Arcadia,53397.0,123.0,0.0,11.0,54.0,58.0,1506.0,333.0,1041.0,132.0,7.0
CALIFORNIA,Arcata,19107.0,97.0,0.0,14.0,23.0,60.0,337.0,37.0,272.0,28.0,2.0
CALIFORNIA,Arroyo Grande,18179.0,36.0,2.0,2.0,4.0,28.0,137.0,29.0,94.0,14.0,3.0
CALIFORNIA,Artesia,15358.0,73.0,0.0,4.0,21.0,48.0,358.0,97.0,195.0,66.0,2.0
CALIFORNIA,Atascadero,29685.0,53.0,1.0,7.0,8.0,37.0,288.0,28.0,232.0,28.0,1.0
CALIFORNIA,Atherton,6711.0,7.0,0.0,1.0,1.0,5.0,86.0,29.0,53.0,4.0,0.0
CALIFORNIA,Atwater,32093.0,228.0,2.0,18.0,18.0,190.0,704.0,87.0,561.0,56.0,21.0
CALIFORNIA,Auburn,13618.0,52.0,0.0,5.0,3.0,44.0,90.0,12.0,64.0,14.0,1.0
CALIFORNIA,Avalon,3203.0,16.0,0.0,1.0,0.0,15.0,32.0,3.0,24.0,5.0,0.0
CALIFORNIA,Avenal,14303.0,67.0,0.0,4.0,0.0,63.0,29.0,4.0,18.0,7.0,0.0
CALIFORNIA,Azusa,47647.0,129.0,4.0,11.0,42.0,72.0,707.0,89.0,464.0,154.0,8.0
CALIFORNIA,Bakersfield,416120.0,2308.0,28.0,170.0,523.0,1587.0,10277.0,2237.0,5239.0,2801.0,17.0
CALIFORNIA,Baldwin Park,67791.0,274.0,6.0,16.0,54.0,198.0,969.0,129.0,631.0,209.0,1.0
CALIFORNIA,Banning,32325.0,151.0,5.0,11.0,13.0,122.0,299.0,51.0,180.0,68.0,5.0
CALIFORNIA,Barstow,24817.0,275.0,1.0,22.0,66.0,186.0,655.0,163.0,344.0,148.0,26.0
CALIFORNIA,Bear Valley,5467.0,9.0,0.0,0.0,0.0,9.0,14.0,0.0,12.0,2.0,0.0
CALIFORNIA,Beaumont,60294.0,123.0,0.0,11.0,22.0,90.0,614.0,77.0,478.0,59.0,5.0
CALIFORNIA,Bell,31353.0,183.0,4.0,14.0,35.0,130.0,364.0,32.0,239.0,93.0,3.0
CALIFORNIA,Bellflower,73883.0,453.0,5.0,20.0,118.0,310.0,1603.0,256.0,739.0,608.0,12.0
CALIFORNIA,Bell Gardens,36850.0,143.0,1.0,9.0,49.0,84.0,544.0,50.0,308.0,186.0,19.0
CALIFORNIA,Belmont,26099.0,43.0,1.0,5.0,9.0,28.0,335.0,31.0,275.0,29.0,1.0
CALIFORNIA,Belvedere,2025.0,0.0,0.0,0.0,0.0,0.0,9.0,0.0,8.0,1.0,0.0
CALIFORNIA,Benicia,26207.0,35.0,0.0,5.0,12.0,18.0,270.0,53.0,154.0,63.0,4.0
CALIFORNIA,Berkeley,117400.0,750.0,7.0,54.0,219.0,470.0,6139.0,776.0,4292.0,1071.0,48.0
CALIFORNIA,Beverly Hills,30457.0,156.0,0.0,10.0,63.0,83.0,1352.0,245.0,1014.0,93.0,7.0
CALIFORNIA,Big Bear ,4994.0,79.0,1.0,6.0,4.0,68.0,106.0,25.0,73.0,8.0,0.0
CALIFORNIA,Bishop,3715.0,34.0,0.0,5.0,2.0,27.0,89.0,5.0,79.0,5.0,1.0
CALIFORNIA,Blythe,18064.0,73.0,5.0,5.0,5.0,58.0,197.0,19.0,152.0,26.0,10.0
CALIFORNIA,Bradbury,882.0,1.0,0.0,0.0,0.0,1.0,10.0,9.0,0.0,1.0,0.0
CALIFORNIA,Brawley,28311.0,84.0,0.0,2.0,5.0,77.0,252.0,93.0,133.0,26.0,15.0
CALIFORNIA,Brea,48901.0,103.0,1.0,6.0,45.0,51.0,1401.0,132.0,1193.0,76.0,3.0
CALIFORNIA,Brentwood,65352.0,158.0,0.0,20.0,59.0,79.0,1562.0,144.0,1250.0,168.0,5.0
CALIFORNIA,Brisbane,4493.0,18.0,0.0,1.0,1.0,16.0,54.0,2.0,42.0,10.0,4.0
CALIFORNIA,Broadmoor,4413.0,5.0,0.0,0.0,1.0,4.0,42.0,11.0,24.0,7.0,1.0
CALIFORNIA,Buellton,4935.0,12.0,0.0,2.0,1.0,9.0,58.0,14.0,38.0,6.0,0.0
CALIFORNIA,Buena Park,81334.0,203.0,0.0,24.0,75.0,104.0,1922.0,177.0,1404.0,341.0,16.0
CALIFORNIA,Burbank,101377.0,396.0,2.0,12.0,96.0,286.0,3114.0,347.0,2470.0,297.0,24.0
CALIFORNIA,Burlingame,29471.0,54.0,0.0,10.0,6.0,38.0,597.0,29.0,513.0,55.0,1.0
CALIFORNIA,Calabasas,21897.0,35.0,0.0,7.0,5.0,23.0,286.0,79.0,180.0,27.0,4.0
CALIFORNIA,Calexico,38106.0,56.0,0.0,4.0,11.0,41.0,204.0,19.0,84.0,101.0,8.0
CALIFORNIA,California City,13418.0,79.0,1.0,3.0,6.0,69.0,213.0,51.0,113.0,49.0,5.0
CALIFORNIA,Calimesa,11503.0,13.0,0.0,0.0,0.0,13.0,200.0,22.0,139.0,39.0,0.0
CALIFORNIA,Calipatria,6020.0,4.0,0.0,0.0,0.0,4.0,14.0,8.0,4.0,2.0,1.0
CALIFORNIA,Calistoga,5005.0,15.0,0.0,4.0,0.0,11.0,53.0,1.0,48.0,4.0,0.0
CALIFORNIA,Camarillo,69115.0,89.0,1.0,16.0,11.0,61.0,823.0,76.0,675.0,72.0,0.0
CALIFORNIA,Campbell,41029.0,201.0,0.0,19.0,70.0,112.0,1210.0,198.0,824.0,188.0,41.0
CALIFORNIA,Canyon Lake,11100.0,5.0,0.0,1.0,2.0,2.0,84.0,11.0,57.0,16.0,0.0
CALIFORNIA,Capitola,9459.0,23.0,0.0,5.0,6.0,12.0,275.0,14.0,247.0,14.0,3.0
CALIFORNIA,Carlsbad,113023.0,225.0,1.0,7.0,39.0,178.0,1708.0,267.0,1318.0,123.0,8.0
CALIFORNIA,Carmel,3070.0,4.0,0.0,0.0,1.0,3.0,61.0,7.0,51.0,3.0,0.0
CALIFORNIA,Carpinteria,12692.0,24.0,0.0,0.0,6.0,18.0,174.0,25.0,131.0,18.0,2.0
CALIFORNIA,Carson,89767.0,377.0,9.0,24.0,105.0,239.0,2631.0,387.0,1519.0,725.0,16.0
CALIFORNIA,Cathedral City,52602.0,149.0,0.0,16.0,29.0,104.0,642.0,97.0,358.0,187.0,15.0
CALIFORNIA,Central Marin,34703.0,43.0,0.0,9.0,12.0,22.0,616.0,47.0,531.0,38.0,6.0
CALIFORNIA,Ceres,48107.0,191.0,2.0,34.0,44.0,111.0,889.0,72.0,651.0,166.0,11.0
CALIFORNIA,Cerritos,45961.0,161.0,1.0,9.0,86.0,65.0,2451.0,448.0,1718.0,285.0,0.0
CALIFORNIA,Chico,100831.0,705.0,2.0,139.0,83.0,481.0,1914.0,210.0,1499.0,205.0,15.0
CALIFORNIA,Chino,93818.0,281.0,3.0,34.0,53.0,191.0,2075.0,206.0,1558.0,311.0,10.0
CALIFORNIA,Chino Hills,76802.0,106.0,0.0,15.0,20.0,71.0,749.0,157.0,526.0,66.0,2.0
CALIFORNIA,Chowchilla,19504.0,132.0,0.0,12.0,5.0,115.0,232.0,55.0,139.0,38.0,8.0
CALIFORNIA,Chula Vista,273843.0,1029.0,3.0,53.0,225.0,748.0,3101.0,368.0,1825.0,908.0,35.0
CALIFORNIA,Citrus Heights,85809.0,377.0,3.0,33.0,82.0,259.0,1825.0,317.0,1265.0,243.0,36.0
CALIFORNIA,Claremont,35139.0,176.0,0.0,12.0,14.0,150.0,674.0,76.0,531.0,67.0,5.0
CALIFORNIA,Clayton,10655.0,9.0,0.0,1.0,2.0,6.0,54.0,10.0,38.0,6.0,0.0
CALIFORNIA,Clearlake,16410.0,136.0,4.0,15.0,16.0,101.0,260.0,50.0,155.0,55.0,8.0
CALIFORNIA,Cloverdale,8763.0,30.0,0.0,2.0,3.0,25.0,67.0,1.0,62.0,4.0,0.0
CALIFORNIA,Clovis,127560.0,312.0,2.0,38.0,45.0,227.0,2125.0,188.0,1714.0,223.0,12.0
CALIFORNIA,Coachella,44131.0,132.0,5.0,11.0,21.0,95.0,680.0,78.0,420.0,182.0,4.0
CALIFORNIA,Coalinga,17290.0,85.0,1.0,3.0,2.0,79.0,71.0,17.0,46.0,8.0,4.0
CALIFORNIA,Colma,1378.0,22.0,0.0,0.0,8.0,14.0,800.0,5.0,781.0,14.0,1.0
CALIFORNIA,Colton,53153.0,209.0,3.0,12.0,56.0,138.0,1119.0,160.0,754.0,205.0,5.0
CALIFORNIA,Colusa,6566.0,29.0,0.0,3.0,4.0,22.0,38.0,8.0,20.0,10.0,2.0
CALIFORNIA,Commerce,11464.0,166.0,1.0,7.0,70.0,88.0,1417.0,186.0,850.0,381.0,6.0
CALIFORNIA,Compton,89564.0,1139.0,18.0,34.0,314.0,773.0,2817.0,347.0,1443.0,1027.0,70.0
CALIFORNIA,Concord,121341.0,588.0,3.0,50.0,175.0,360.0,3502.0,515.0,2361.0,626.0,73.0
CALIFORNIA,Corcoran,21831.0,114.0,2.0,11.0,7.0,94.0,222.0,62.0,127.0,33.0,5.0
CALIFORNIA,Corning,8020.0,76.0,0.0,8.0,6.0,62.0,136.0,5.0,100.0,31.0,2.0
CALIFORNIA,Corona,161174.0,402.0,2.0,44.0,102.0,254.0,2778.0,393.0,2050.0,335.0,15.0
CALIFORNIA,Coronado,18545.0,64.0,0.0,11.0,4.0,49.0,297.0,16.0,216.0,65.0,1.0
CALIFORNIA,Costa Mesa,107235.0,791.0,3.0,66.0,80.0,642.0,3042.0,398.0,2341.0,303.0,29.0
CALIFORNIA,Cotati,7377.0,15.0,0.0,3.0,4.0,8.0,77.0,16.0,49.0,12.0,1.0
CALIFORNIA,Covina,47940.0,169.0,4.0,10.0,48.0,107.0,773.0,218.0,435.0,120.0,15.0
CALIFORNIA,Crescent City,5339.0,74.0,0.0,7.0,12.0,55.0,345.0,31.0,294.0,20.0,6.0
CALIFORNIA,Cudahy,21401.0,140.0,4.0,7.0,33.0,96.0,307.0,46.0,155.0,106.0,2.0
CALIFORNIA,Culver City,38514.0,257.0,0.0,10.0,114.0,133.0,2258.0,237.0,1824.0,197.0,19.0
CALIFORNIA,Cupertino,56375.0,63.0,0.0,8.0,29.0,26.0,883.0,133.0,713.0,37.0,9.0
CALIFORNIA,Cypress,48367.0,138.0,0.0,11.0,20.0,107.0,769.0,220.0,455.0,94.0,2.0
CALIFORNIA,Daly City,98217.0,291.0,1.0,30.0,94.0,166.0,1776.0,94.0,1362.0,320.0,12.0
CALIFORNIA,Dana Point,32405.0,60.0,0.0,2.0,9.0,49.0,283.0,31.0,195.0,57.0,1.0
CALIFORNIA,Danville,42814.0,27.0,0.0,7.0,6.0,14.0,250.0,27.0,204.0,19.0,10.0
CALIFORNIA,Davis,65483.0,122.0,1.0,19.0,21.0,81.0,1448.0,93.0,1260.0,95.0,26.0
CALIFORNIA,Delano,52061.0,179.0,1.0,28.0,27.0,123.0,579.0,44.0,352.0,183.0,18.0
CALIFORNIA,Del Mar,3841.0,5.0,0.0,0.0,1.0,4.0,55.0,14.0,33.0,8.0,0.0
CALIFORNIA,Del Rey Oaks,1537.0,3.0,0.0,0.0,0.0,3.0,39.0,2.0,36.0,1.0,1.0
CALIFORNIA,Desert Hot Springs,33749.0,166.0,3.0,10.0,40.0,113.0,405.0,92.0,186.0,127.0,2.0
CALIFORNIA,Diamond Bar,51126.0,40.0,0.0,5.0,11.0,24.0,952.0,346.0,532.0,74.0,3.0
CALIFORNIA,Dinuba,26230.0,152.0,0.0,11.0,17.0,124.0,574.0,62.0,432.0,80.0,13.0
CALIFORNIA,Dixon,19402.0,55.0,0.0,8.0,8.0,39.0,248.0,39.0,178.0,31.0,5.0
CALIFORNIA,Dorris,823.0,4.0,1.0,0.0,0.0,3.0,7.0,5.0,2.0,0.0,0.0
CALIFORNIA,Dos Palos,5683.0,42.0,0.0,4.0,5.0,33.0,107.0,16.0,62.0,29.0,4.0
CALIFORNIA,Duarte,23654.0,59.0,0.0,3.0,30.0,26.0,289.0,66.0,166.0,57.0,1.0
CALIFORNIA,Dublin,68099.0,105.0,1.0,4.0,35.0,65.0,1306.0,107.0,1063.0,136.0,6.0
CALIFORNIA,Dunsmuir,1623.0,12.0,0.0,0.0,3.0,9.0,7.0,2.0,4.0,1.0,0.0
CALIFORNIA,East Palo Alto,27663.0,168.0,2.0,26.0,59.0,81.0,531.0,30.0,374.0,127.0,12.0
CALIFORNIA,Eastvale,70669.0,66.0,0.0,5.0,27.0,34.0,1222.0,105.0,975.0,142.0,1.0
CALIFORNIA,El Cajon,101983.0,443.0,0.0,27.0,108.0,308.0,1530.0,157.0,1105.0,268.0,18.0
CALIFORNIA,El Centro,43550.0,143.0,2.0,10.0,32.0,99.0,552.0,207.0,271.0,74.0,5.0
CALIFORNIA,El Cerrito,25424.0,122.0,0.0,4.0,73.0,45.0,774.0,86.0,573.0,115.0,14.0
CALIFORNIA,Elk Grove,179074.0,340.0,3.0,37.0,90.0,210.0,2206.0,198.0,1784.0,224.0,9.0
CALIFORNIA,El Monte,102088.0,432.0,6.0,32.0,166.0,228.0,2095.0,397.0,1211.0,487.0,14.0
CALIFORNIA,El Segundo,16196.0,83.0,0.0,2.0,22.0,59.0,885.0,220.0,548.0,117.0,6.0
CALIFORNIA,Emeryville,12671.0,156.0,0.0,3.0,102.0,51.0,1709.0,95.0,1300.0,314.0,2.0
CALIFORNIA,Encinitas,60461.0,130.0,1.0,4.0,22.0,103.0,569.0,98.0,397.0,74.0,6.0
CALIFORNIA,Escalon,7317.0,30.0,0.0,1.0,4.0,25.0,96.0,17.0,69.0,10.0,0.0
CALIFORNIA,Escondido,147170.0,638.0,2.0,26.0,165.0,445.0,2186.0,328.0,1546.0,312.0,25.0
CALIFORNIA,Etna,646.0,4.0,0.0,1.0,0.0,3.0,4.0,0.0,3.0,1.0,0.0
CALIFORNIA,Eureka,25485.0,259.0,0.0,30.0,58.0,171.0,808.0,135.0,535.0,138.0,29.0
CALIFORNIA,Exeter,10167.0,32.0,0.0,7.0,3.0,22.0,204.0,32.0,148.0,24.0,1.0
CALIFORNIA,Fairfax,7362.0,8.0,0.0,2.0,1.0,5.0,71.0,11.0,44.0,16.0,0.0
CALIFORNIA,Fairfield,121082.0,603.0,1.0,49.0,142.0,411.0,2041.0,259.0,1495.0,287.0,41.0
CALIFORNIA,Farmersville,10192.0,50.0,0.0,5.0,6.0,39.0,103.0,14.0,70.0,19.0,4.0
CALIFORNIA,Ferndale,1386.0,5.0,0.0,0.0,0.0,5.0,11.0,0.0,11.0,0.0,0.0
CALIFORNIA,Fillmore,17428.0,33.0,0.0,5.0,4.0,24.0,116.0,10.0,96.0,10.0,3.0
CALIFORNIA,Firebaugh,8698.0,20.0,0.0,1.0,2.0,17.0,74.0,16.0,42.0,16.0,4.0
CALIFORNIA,Folsom,86152.0,158.0,4.0,25.0,25.0,104.0,1251.0,101.0,1085.0,65.0,9.0
CALIFORNIA,Fontana,217605.0,588.0,2.0,48.0,122.0,416.0,2647.0,319.0,1728.0,600.0,12.0
CALIFORNIA,Fort Bragg,6901.0,48.0,0.0,5.0,7.0,36.0,182.0,26.0,138.0,18.0,3.0
CALIFORNIA,Fort Jones,665.0,1.0,0.0,0.0,0.0,1.0,2.0,1.0,1.0,0.0,0.0
CALIFORNIA,Fortuna,12216.0,37.0,0.0,8.0,6.0,23.0,134.0,5.0,114.0,15.0,3.0
CALIFORNIA,Foster City,31680.0,22.0,0.0,2.0,7.0,13.0,212.0,7.0,176.0,29.0,2.0
CALIFORNIA,Fountain Valley,54975.0,98.0,0.0,9.0,34.0,55.0,981.0,151.0,735.0,95.0,7.0
CALIFORNIA,Fowler,7458.0,38.0,0.0,0.0,5.0,33.0,92.0,25.0,54.0,13.0,0.0
CALIFORNIA,Fremont,224820.0,440.0,6.0,36.0,145.0,253.0,5233.0,771.0,3248.0,1214.0,41.0
CALIFORNIA,Fresno,546722.0,4021.0,32.0,244.0,918.0,2827.0,17885.0,2166.0,12050.0,3669.0,211.0
CALIFORNIA,Fullerton,137942.0,628.0,1.0,45.0,125.0,457.0,2792.0,451.0,2051.0,290.0,19.0
CALIFORNIA,Galt,25806.0,106.0,0.0,13.0,16.0,77.0,380.0,44.0,274.0,62.0,8.0
CALIFORNIA,Gardena,57584.0,405.0,3.0,16.0,116.0,270.0,1757.0,243.0,995.0,519.0,7.0
CALIFORNIA,Garden Grove,167041.0,462.0,1.0,25.0,110.0,326.0,2938.0,514.0,1963.0,461.0,24.0
CALIFORNIA,Gilroy,57877.0,267.0,0.0,32.0,66.0,169.0,1252.0,148.0,871.0,233.0,28.0
CALIFORNIA,Glendale,184180.0,529.0,4.0,34.0,172.0,319.0,3733.0,372.0,2937.0,424.0,33.0
CALIFORNIA,Glendora,49136.0,83.0,0.0,7.0,20.0,56.0,982.0,177.0,719.0,86.0,8.0
CALIFORNIA,Goleta,32632.0,67.0,0.0,5.0,14.0,48.0,512.0,67.0,420.0,25.0,16.0
CALIFORNIA,Gonzales,8226.0,33.0,0.0,1.0,6.0,26.0,35.0,5.0,25.0,5.0,0.0
CALIFORNIA,Grand Terrace,12868.0,34.0,0.0,4.0,3.0,27.0,222.0,35.0,131.0,56.0,2.0
CALIFORNIA,Grass Valley,14070.0,76.0,0.0,13.0,5.0,58.0,302.0,40.0,201.0,61.0,8.0
CALIFORNIA,Greenfield,21230.0,134.0,0.0,14.0,20.0,100.0,170.0,33.0,115.0,22.0,6.0
CALIFORNIA,Gridley,7231.0,32.0,0.0,9.0,3.0,20.0,86.0,16.0,61.0,9.0,4.0
CALIFORNIA,Grover Beach,12496.0,40.0,0.0,8.0,2.0,30.0,145.0,16.0,124.0,5.0,6.0
CALIFORNIA,Guadalupe,8762.0,8.0,0.0,4.0,2.0,2.0,43.0,11.0,24.0,8.0,1.0
CALIFORNIA,Gustine,6086.0,14.0,0.0,2.0,1.0,11.0,59.0,5.0,43.0,11.0,1.0
CALIFORNIA,Hanford,60208.0,291.0,3.0,23.0,32.0,233.0,694.0,98.0,460.0,136.0,19.0
CALIFORNIA,Hawaiian Gardens,13172.0,97.0,3.0,6.0,15.0,73.0,277.0,80.0,123.0,74.0,0.0
CALIFORNIA,Hawthorne,81941.0,596.0,8.0,31.0,183.0,374.0,2020.0,239.0,1135.0,646.0,14.0
CALIFORNIA,Hayward,153419.0,732.0,12.0,72.0,267.0,381.0,5610.0,559.0,2939.0,2112.0,34.0
CALIFORNIA,Healdsburg,11068.0,39.0,0.0,6.0,3.0,30.0,154.0,18.0,130.0,6.0,3.0
CALIFORNIA,Hemet,93212.0,396.0,4.0,33.0,92.0,267.0,1523.0,158.0,1135.0,230.0,8.0
CALIFORNIA,Hercules,26739.0,45.0,0.0,0.0,9.0,36.0,180.0,18.0,126.0,36.0,0.0
CALIFORNIA,Hermosa Beach,18312.0,72.0,0.0,6.0,9.0,57.0,450.0,97.0,306.0,47.0,3.0
CALIFORNIA,Hesperia,100850.0,524.0,8.0,37.0,91.0,388.0,1438.0,324.0,573.0,541.0,25.0
CALIFORNIA,Hidden Hills,1667.0,2.0,0.0,0.0,0.0,2.0,9.0,5.0,3.0,1.0,0.0
CALIFORNIA,Highland,55936.0,299.0,4.0,13.0,65.0,217.0,740.0,112.0,408.0,220.0,14.0
CALIFORNIA,Hillsborough,10728.0,10.0,0.0,4.0,1.0,5.0,73.0,18.0,46.0,9.0,0.0
CALIFORNIA,Hollister,45626.0,152.0,1.0,19.0,17.0,115.0,379.0,25.0,282.0,72.0,5.0
CALIFORNIA,Holtville,5541.0,2.0,0.0,0.0,0.0,2.0,21.0,2.0,14.0,5.0,0.0
CALIFORNIA,Hughson,7747.0,13.0,0.0,1.0,2.0,10.0,32.0,4.0,25.0,3.0,0.0
CALIFORNIA,Huntington Beach,190081.0,394.0,5.0,66.0,97.0,226.0,3781.0,382.0,3125.0,274.0,31.0
CALIFORNIA,Huntington Park,51054.0,353.0,3.0,30.0,202.0,118.0,1593.0,228.0,822.0,543.0,15.0
CALIFORNIA,Huron,6368.0,49.0,0.0,4.0,11.0,34.0,34.0,12.0,15.0,7.0,1.0
CALIFORNIA,Imperial,21980.0,17.0,0.0,2.0,0.0,15.0,40.0,7.0,23.0,10.0,1.0
CALIFORNIA,Imperial Beach,25247.0,136.0,0.0,0.0,18.0,118.0,161.0,7.0,83.0,71.0,1.0
CALIFORNIA,Indian Wells,4889.0,10.0,0.0,2.0,1.0,7.0,69.0,14.0,50.0,5.0,0.0
CALIFORNIA,Industry,254.0,93.0,4.0,4.0,40.0,45.0,1266.0,287.0,753.0,226.0,7.0
CALIFORNIA,Inglewood,101399.0,684.0,7.0,46.0,268.0,363.0,3665.0,301.0,2486.0,878.0,26.0
CALIFORNIA,Ione,5531.0,16.0,0.0,3.0,3.0,10.0,23.0,1.0,22.0,0.0,1.0
CALIFORNIA,Irvine,316764.0,266.0,5.0,42.0,70.0,149.0,4402.0,627.0,3554.0,221.0,17.0
CALIFORNIA,Irwindale,1414.0,33.0,2.0,0.0,7.0,24.0,298.0,135.0,118.0,45.0,2.0
CALIFORNIA,Isleton,770.0,7.0,0.0,2.0,0.0,5.0,34.0,20.0,14.0,0.0,0.0
CALIFORNIA,Jackson,5177.0,25.0,0.0,4.0,0.0,21.0,76.0,9.0,61.0,6.0,1.0
CALIFORNIA,Jurupa Valley,107986.0,199.0,4.0,9.0,67.0,119.0,2720.0,337.0,1678.0,705.0,8.0
CALIFORNIA,Kensington,5398.0,6.0,0.0,1.0,2.0,3.0,67.0,8.0,50.0,9.0,1.0
CALIFORNIA,Kerman,17657.0,58.0,0.0,3.0,7.0,48.0,269.0,33.0,179.0,57.0,0.0
CALIFORNIA,King City,14112.0,41.0,0.0,7.0,4.0,30.0,97.0,11.0,76.0,10.0,5.0
CALIFORNIA,Kingsburg,13218.0,22.0,0.0,2.0,4.0,16.0,176.0,42.0,111.0,23.0,0.0
CALIFORNIA,La Canada Flintridge,19229.0,17.0,0.0,0.0,4.0,13.0,292.0,99.0,182.0,11.0,2.0
CALIFORNIA,Lafayette,24934.0,20.0,0.0,0.0,10.0,10.0,316.0,26.0,275.0,15.0,0.0
CALIFORNIA,Laguna Beach,22115.0,37.0,0.0,3.0,9.0,25.0,210.0,28.0,165.0,17.0,0.0
CALIFORNIA,Laguna Hills,29895.0,70.0,0.0,0.0,29.0,41.0,338.0,42.0,252.0,44.0,0.0
CALIFORNIA,Laguna Niguel,62363.0,79.0,0.0,7.0,17.0,55.0,564.0,94.0,408.0,62.0,3.0
CALIFORNIA,Laguna Woods,16797.0,10.0,0.0,0.0,2.0,8.0,150.0,13.0,91.0,46.0,0.0
CALIFORNIA,La Habra,60335.0,219.0,0.0,29.0,49.0,141.0,1303.0,117.0,1041.0,145.0,6.0
CALIFORNIA,La Habra Heights,5273.0,9.0,0.0,0.0,2.0,7.0,36.0,10.0,22.0,4.0,0.0
CALIFORNIA,Lake Elsinore,73871.0,128.0,2.0,9.0,49.0,68.0,1369.0,146.0,1067.0,156.0,3.0
CALIFORNIA,Lake Forest,85811.0,125.0,0.0,3.0,28.0,94.0,712.0,92.0,487.0,133.0,7.0
CALIFORNIA,Lakeport,5170.0,61.0,0.0,5.0,3.0,53.0,94.0,19.0,59.0,16.0,2.0
CALIFORNIA,Lake Shastina,2547.0,5.0,0.0,0.0,2.0,3.0,8.0,0.0,6.0,2.0,0.0
CALIFORNIA,Lakewood,76818.0,348.0,3.0,12.0,140.0,193.0,1986.0,227.0,1287.0,472.0,3.0
CALIFORNIA,La Mesa,60352.0,251.0,4.0,8.0,50.0,189.0,832.0,133.0,541.0,158.0,7.0
CALIFORNIA,La Mirada,44755.0,77.0,1.0,2.0,33.0,41.0,803.0,128.0,521.0,154.0,3.0
CALIFORNIA,Lancaster,164012.0,1369.0,29.0,77.0,282.0,981.0,3150.0,631.0,1121.0,1398.0,53.0
CALIFORNIA,La Palma,14856.0,31.0,0.0,4.0,12.0,15.0,271.0,52.0,179.0,40.0,0.0
CALIFORNIA,La Puente,36056.0,148.0,2.0,6.0,32.0,108.0,465.0,121.0,223.0,121.0,6.0
CALIFORNIA,La Quinta,39536.0,70.0,1.0,7.0,21.0,41.0,769.0,114.0,567.0,88.0,3.0
CALIFORNIA,Lathrop,44277.0,134.0,1.0,12.0,29.0,92.0,629.0,52.0,498.0,79.0,8.0
CALIFORNIA,La Verne,29391.0,58.0,0.0,8.0,17.0,33.0,702.0,107.0,565.0,30.0,3.0
CALIFORNIA,Lawndale,29647.0,176.0,0.0,6.0,61.0,109.0,553.0,62.0,332.0,159.0,1.0
CALIFORNIA,Lemon Grove,27559.0,122.0,3.0,1.0,36.0,82.0,296.0,50.0,164.0,82.0,4.0
CALIFORNIA,Lemoore,26707.0,110.0,1.0,20.0,14.0,75.0,289.0,25.0,196.0,68.0,3.0
CALIFORNIA,Lincoln,56152.0,54.0,1.0,10.0,8.0,35.0,315.0,20.0,276.0,19.0,5.0
CALIFORNIA,Lindsay,12449.0,56.0,1.0,6.0,11.0,38.0,181.0,26.0,116.0,39.0,3.0
CALIFORNIA,Livermore,81316.0,191.0,3.0,27.0,40.0,121.0,1891.0,236.0,1342.0,313.0,18.0
CALIFORNIA,Livingston,14786.0,55.0,0.0,6.0,5.0,44.0,208.0,11.0,161.0,36.0,0.0
CALIFORNIA,Loma Linda,25186.0,86.0,1.0,12.0,15.0,58.0,387.0,84.0,209.0,94.0,9.0
CALIFORNIA,Lomita,19433.0,69.0,0.0,1.0,16.0,52.0,347.0,71.0,205.0,71.0,6.0
CALIFORNIA,Lompoc,42607.0,213.0,0.0,25.0,35.0,153.0,621.0,68.0,405.0,148.0,6.0
CALIFORNIA,Long Beach,444232.0,3005.0,37.0,200.0,989.0,1779.0,15454.0,3131.0,7977.0,4346.0,136.0
CALIFORNIA,Los Alamitos,11945.0,42.0,0.0,3.0,4.0,35.0,219.0,97.0,99.0,23.0,3.0
CALIFORNIA,Los Altos,29551.0,23.0,0.0,3.0,5.0,15.0,358.0,75.0,267.0,16.0,0.0
CALIFORNIA,Los Altos Hills,8092.0,4.0,0.0,0.0,0.0,4.0,29.0,22.0,7.0,0.0,0.0
CALIFORNIA,Los Angeles2,3796352.0,27656.0,264.0,1530.0,7967.0,17895.0,56335.0,14152.0,32326.0,9857.0,407.0
CALIFORNIA,Los Banos,49549.0,106.0,1.0,20.0,20.0,65.0,908.0,100.0,696.0,112.0,8.0
CALIFORNIA,Los Gatos,31828.0,47.0,0.0,7.0,14.0,26.0,456.0,70.0,358.0,28.0,4.0
CALIFORNIA,Lynwood,62089.0,565.0,5.0,20.0,214.0,326.0,1992.0,232.0,907.0,853.0,23.0
CALIFORNIA,Madera,68607.0,270.0,2.0,33.0,51.0,184.0,808.0,70.0,549.0,189.0,52.0
CALIFORNIA,Malibu,10164.0,65.0,0.0,5.0,12.0,48.0,368.0,72.0,264.0,32.0,7.0
CALIFORNIA,Mammoth Lakes,7171.0,37.0,0.0,2.0,1.0,34.0,82.0,7.0,74.0,1.0,3.0
CALIFORNIA,Manhattan Beach,32724.0,49.0,1.0,5.0,16.0,27.0,829.0,134.0,620.0,75.0,3.0
CALIFORNIA,Manteca,93538.0,325.0,1.0,40.0,68.0,216.0,1374.0,184.0,968.0,222.0,15.0
CALIFORNIA,Marina,23021.0,67.0,0.0,15.0,8.0,44.0,286.0,14.0,256.0,16.0,1.0
CALIFORNIA,Martinez,36132.0,100.0,0.0,15.0,21.0,64.0,444.0,27.0,327.0,90.0,12.0
CALIFORNIA,Marysville,12616.0,94.0,2.0,6.0,10.0,76.0,260.0,26.0,153.0,81.0,5.0
CALIFORNIA,Maywood,23432.0,135.0,1.0,8.0,48.0,78.0,315.0,43.0,172.0,100.0,1.0
CALIFORNIA,McFarland,14008.0,59.0,1.0,7.0,3.0,48.0,109.0,8.0,60.0,41.0,0.0
CALIFORNIA,Mendota,12511.0,86.0,0.0,1.0,11.0,74.0,84.0,13.0,43.0,28.0,1.0
CALIFORNIA,Menifee,117055.0,214.0,1.0,29.0,28.0,156.0,935.0,110.0,649.0,176.0,2.0
CALIFORNIA,Menlo Park,31052.0,71.0,0.0,10.0,8.0,53.0,553.0,87.0,425.0,41.0,3.0
CALIFORNIA,Merced,96077.0,754.0,7.0,99.0,160.0,488.0,2683.0,547.0,1670.0,466.0,73.0
CALIFORNIA,Mill Valley,13658.0,13.0,0.0,0.0,4.0,9.0,137.0,25.0,108.0,4.0,3.0
CALIFORNIA,Milpitas,76523.0,240.0,3.0,33.0,64.0,140.0,2436.0,189.0,1943.0,304.0,9.0
CALIFORNIA,Mission Viejo,89699.0,89.0,0.0,4.0,29.0,56.0,1064.0,97.0,877.0,90.0,4.0
CALIFORNIA,Modesto,218990.0,1436.0,7.0,123.0,248.0,1058.0,5288.0,585.0,3983.0,720.0,126.0
CALIFORNIA,Monrovia,36365.0,115.0,2.0,13.0,35.0,65.0,835.0,91.0,616.0,128.0,9.0
CALIFORNIA,Montague,1169.0,7.0,0.0,3.0,0.0,4.0,4.0,0.0,4.0,0.0,0.0
CALIFORNIA,Montclair,37414.0,241.0,0.0,14.0,67.0,160.0,1364.0,218.0,857.0,289.0,19.0
CALIFORNIA,Montebello,59231.0,293.0,2.0,14.0,79.0,198.0,1548.0,185.0,874.0,489.0,11.0
CALIFORNIA,Monterey,28792.0,110.0,0.0,19.0,18.0,73.0,513.0,79.0,407.0,27.0,6.0
CALIFORNIA,Monterey Park,56904.0,156.0,1.0,11.0,64.0,80.0,1201.0,236.0,763.0,202.0,7.0
CALIFORNIA,Monte Sereno,3455.0,3.0,0.0,0.0,0.0,3.0,25.0,16.0,9.0,0.0,0.0
CALIFORNIA,Moorpark,35312.0,35.0,0.0,1.0,5.0,29.0,252.0,28.0,210.0,14.0,1.0
CALIFORNIA,Moraga,16438.0,15.0,1.0,3.0,0.0,11.0,80.0,26.0,51.0,3.0,2.0
CALIFORNIA,Moreno Valley,213581.0,582.0,7.0,19.0,182.0,374.0,3558.0,500.0,2503.0,555.0,4.0
CALIFORNIA,Morgan Hill,44083.0,86.0,1.0,9.0,19.0,57.0,665.0,78.0,486.0,101.0,6.0
CALIFORNIA,Morro Bay,10532.0,31.0,0.0,7.0,2.0,22.0,83.0,4.0,74.0,5.0,4.0
CALIFORNIA,Mountain View,81461.0,250.0,0.0,38.0,45.0,167.0,2259.0,403.0,1667.0,189.0,19.0
CALIFORNIA,Mount Shasta,3166.0,22.0,0.0,2.0,1.0,19.0,14.0,2.0,9.0,3.0,1.0
CALIFORNIA,Murrieta,112125.0,206.0,1.0,31.0,39.0,135.0,1058.0,151.0,784.0,123.0,15.0
CALIFORNIA,Napa,76888.0,222.0,4.0,19.0,35.0,164.0,1063.0,66.0,881.0,116.0,26.0
CALIFORNIA,National City,54915.0,382.0,4.0,16.0,122.0,240.0,1065.0,133.0,571.0,361.0,9.0
CALIFORNIA,Needles,4790.0,44.0,1.0,7.0,5.0,31.0,113.0,30.0,54.0,29.0,5.0
CALIFORNIA,Nevada City,3250.0,57.0,0.0,0.0,0.0,57.0,40.0,7.0,27.0,6.0,2.0
CALIFORNIA,Newark,46736.0,178.0,1.0,7.0,60.0,110.0,1852.0,214.0,1219.0,419.0,14.0
CALIFORNIA,Newman,12146.0,14.0,0.0,3.0,3.0,8.0,52.0,8.0,30.0,14.0,1.0
CALIFORNIA,Newport Beach,81811.0,206.0,2.0,27.0,38.0,139.0,1532.0,258.0,1153.0,121.0,1.0
CALIFORNIA,Norco,25405.0,37.0,0.0,4.0,14.0,19.0,646.0,72.0,508.0,66.0,1.0
CALIFORNIA,Norwalk,96677.0,362.0,2.0,11.0,142.0,207.0,1893.0,230.0,1109.0,554.0,9.0
CALIFORNIA,Novato,51258.0,130.0,0.0,17.0,24.0,89.0,694.0,40.0,571.0,83.0,19.0
CALIFORNIA,Oakdale,22988.0,91.0,0.0,17.0,12.0,62.0,278.0,33.0,208.0,37.0,2.0
CALIFORNIA,Oakland,435042.0,8376.0,81.0,296.0,2960.0,5039.0,31455.0,3423.0,18118.0,9914.0,114.0
CALIFORNIA,Oakley,46548.0,68.0,0.0,13.0,12.0,43.0,450.0,45.0,283.0,122.0,4.0
CALIFORNIA,Oceanside,168725.0,774.0,4.0,51.0,144.0,575.0,2821.0,520.0,1964.0,337.0,22.0
CALIFORNIA,Ojai,7412.0,20.0,0.0,0.0,2.0,18.0,57.0,5.0,49.0,3.0,2.0
CALIFORNIA,Ontario,184763.0,503.0,4.0,81.0,143.0,275.0,3358.0,441.0,2057.0,860.0,23.0
CALIFORNIA,Orange,137970.0,312.0,0.0,17.0,106.0,189.0,1777.0,493.0,970.0,314.0,15.0
CALIFORNIA,Orange Cove,9448.0,29.0,0.0,0.0,1.0,28.0,29.0,7.0,16.0,6.0,0.0
CALIFORNIA,Orinda,19314.0,11.0,1.0,1.0,5.0,4.0,170.0,29.0,125.0,16.0,0.0
CALIFORNIA,Orland,8068.0,23.0,0.0,0.0,7.0,16.0,70.0,14.0,45.0,11.0,0.0
CALIFORNIA,Oroville,19270.0,189.0,0.0,31.0,34.0,124.0,736.0,84.0,508.0,144.0,13.0
CALIFORNIA,Oxnard,197361.0,1177.0,6.0,65.0,234.0,872.0,3705.0,396.0,2596.0,713.0,53.0
CALIFORNIA,Pacifica,35759.0,52.0,0.0,11.0,3.0,38.0,467.0,15.0,409.0,43.0,2.0
CALIFORNIA,Pacific Grove,14649.0,21.0,0.0,3.0,3.0,15.0,133.0,13.0,114.0,6.0,0.0
CALIFORNIA,Palmdale,158983.0,876.0,9.0,45.0,241.0,581.0,2965.0,399.0,1742.0,824.0,39.0
CALIFORNIA,Palm Desert,52205.0,169.0,0.0,11.0,41.0,117.0,1476.0,233.0,1129.0,114.0,4.0
CALIFORNIA,Palm Springs,45406.0,274.0,5.0,31.0,67.0,171.0,1459.0,175.0,1069.0,215.0,9.0
CALIFORNIA,Palo Alto,65079.0,138.0,1.0,25.0,35.0,77.0,1974.0,147.0,1707.0,120.0,7.0
CALIFORNIA,Palos Verdes Estates,12432.0,3.0,0.0,1.0,0.0,2.0,98.0,33.0,52.0,13.0,0.0
CALIFORNIA,Paradise,9809.0,28.0,1.0,9.0,2.0,16.0,68.0,4.0,50.0,14.0,5.0
CALIFORNIA,Paramount,50265.0,275.0,1.0,10.0,100.0,164.0,1415.0,222.0,673.0,520.0,17.0
CALIFORNIA,Parlier,14377.0,129.0,0.0,11.0,6.0,112.0,139.0,17.0,81.0,41.0,0.0
CALIFORNIA,Pasadena,131966.0,634.0,1.0,44.0,158.0,431.0,3559.0,735.0,2461.0,363.0,34.0
CALIFORNIA,Paso Robles,31018.0,113.0,0.0,20.0,11.0,82.0,576.0,47.0,497.0,32.0,4.0
CALIFORNIA,Patterson,25491.0,70.0,0.0,5.0,15.0,50.0,244.0,46.0,142.0,56.0,1.0
CALIFORNIA,Perris,81203.0,266.0,3.0,26.0,73.0,164.0,1490.0,139.0,1119.0,232.0,8.0
CALIFORNIA,Petaluma,58493.0,159.0,0.0,26.0,26.0,107.0,686.0,56.0,571.0,59.0,14.0
CALIFORNIA,Pico Rivera,58318.0,273.0,3.0,16.0,110.0,144.0,1176.0,154.0,671.0,351.0,9.0
CALIFORNIA,Piedmont,10435.0,7.0,0.0,1.0,4.0,2.0,355.0,78.0,206.0,71.0,5.0
CALIFORNIA,Pinole,18310.0,74.0,1.0,3.0,31.0,39.0,376.0,44.0,268.0,64.0,4.0
CALIFORNIA,Pismo Beach,7910.0,29.0,1.0,7.0,4.0,17.0,159.0,7.0,144.0,8.0,2.0
CALIFORNIA,Pittsburg,75621.0,348.0,2.0,28.0,85.0,233.0,1625.0,243.0,775.0,607.0,7.0
CALIFORNIA,Placentia,52034.0,186.0,1.0,9.0,31.0,145.0,763.0,128.0,513.0,122.0,8.0
CALIFORNIA,Placerville,10632.0,62.0,0.0,7.0,6.0,49.0,162.0,34.0,117.0,11.0,9.0
CALIFORNIA,Pleasant Hill,33539.0,79.0,2.0,4.0,34.0,39.0,1350.0,92.0,1147.0,111.0,3.0
CALIFORNIA,Pleasanton,73054.0,84.0,1.0,6.0,35.0,42.0,1225.0,153.0,905.0,167.0,3.0
CALIFORNIA,Pomona,143726.0,1029.0,12.0,61.0,313.0,643.0,3957.0,604.0,2501.0,852.0,28.0
CALIFORNIA,Porterville,62891.0,242.0,0.0,20.0,44.0,178.0,932.0,182.0,529.0,221.0,6.0
CALIFORNIA,Port Hueneme,20969.0,107.0,3.0,3.0,18.0,83.0,371.0,61.0,274.0,36.0,5.0
CALIFORNIA,Poway,47808.0,64.0,0.0,2.0,14.0,48.0,279.0,53.0,197.0,29.0,0.0
CALIFORNIA,Rancho Cordova,83622.0,356.0,4.0,33.0,67.0,252.0,1766.0,272.0,1223.0,271.0,12.0
CALIFORNIA,Rancho Cucamonga,174313.0,512.0,2.0,36.0,111.0,363.0,3157.0,476.0,2295.0,386.0,19.0
CALIFORNIA,Rancho Mirage,18056.0,34.0,0.0,2.0,7.0,25.0,432.0,95.0,299.0,38.0,2.0
CALIFORNIA,Rancho Palos Verdes,39289.0,36.0,0.0,4.0,4.0,28.0,347.0,103.0,195.0,49.0,5.0
CALIFORNIA,Rancho Santa Margarita,45633.0,37.0,0.0,0.0,8.0,29.0,239.0,33.0,160.0,46.0,1.0
CALIFORNIA,Red Bluff,14329.0,183.0,1.0,29.0,33.0,120.0,609.0,27.0,515.0,67.0,30.0
CALIFORNIA,Redding,92468.0,599.0,6.0,86.0,95.0,412.0,1614.0,185.0,1198.0,231.0,5.0
CALIFORNIA,Redlands,72331.0,216.0,3.0,35.0,53.0,125.0,1556.0,196.0,1114.0,246.0,14.0
CALIFORNIA,Redondo Beach,66593.0,166.0,1.0,16.0,64.0,85.0,1722.0,276.0,1256.0,190.0,6.0
CALIFORNIA,Redwood City,80060.0,378.0,2.0,43.0,110.0,223.0,1297.0,95.0,998.0,204.0,22.0
CALIFORNIA,Reedley,26201.0,148.0,4.0,4.0,19.0,121.0,226.0,42.0,138.0,46.0,4.0
CALIFORNIA,Rialto,103164.0,662.0,2.0,45.0,128.0,487.0,2471.0,314.0,1747.0,410.0,29.0
CALIFORNIA,Richmond,113418.0,1047.0,9.0,24.0,262.0,752.0,3133.0,146.0,1875.0,1112.0,33.0
CALIFORNIA,Ridgecrest,28110.0,190.0,1.0,18.0,18.0,153.0,302.0,45.0,205.0,52.0,2.0
CALIFORNIA,Rio Dell,3283.0,12.0,0.0,3.0,0.0,9.0,53.0,2.0,48.0,3.0,1.0
CALIFORNIA,Rio Vista,10191.0,25.0,1.0,2.0,0.0,22.0,39.0,7.0,26.0,6.0,4.0
CALIFORNIA,Ripon,16053.0,27.0,0.0,12.0,2.0,13.0,139.0,26.0,106.0,7.0,0.0
CALIFORNIA,Riverbank,25043.0,41.0,0.0,3.0,15.0,23.0,382.0,20.0,338.0,24.0,4.0
CALIFORNIA,Riverside,320148.0,1888.0,10.0,173.0,385.0,1320.0,9067.0,1268.0,6353.0,1446.0,93.0
CALIFORNIA,Rocklin,74048.0,122.0,1.0,25.0,13.0,83.0,669.0,53.0,573.0,43.0,14.0
CALIFORNIA,Rohnert Park,44573.0,115.0,1.0,33.0,17.0,64.0,563.0,105.0,379.0,79.0,5.0
CALIFORNIA,Rolling Hills,1615.0,0.0,0.0,0.0,0.0,0.0,1.0,1.0,0.0,0.0,0.0
CALIFORNIA,Rolling Hills Estates,7958.0,8.0,0.0,2.0,1.0,5.0,123.0,43.0,70.0,10.0,1.0
CALIFORNIA,Rosemead,48740.0,172.0,4.0,8.0,70.0,90.0,1220.0,230.0,786.0,204.0,6.0
CALIFORNIA,Roseville,162841.0,357.0,2.0,61.0,112.0,182.0,2313.0,226.0,1919.0,168.0,28.0
CALIFORNIA,Ross,2273.0,2.0,0.0,0.0,1.0,1.0,39.0,8.0,27.0,4.0,0.0
CALIFORNIA,Sacramento,526670.0,3976.0,45.0,182.0,1012.0,2737.0,13416.0,2326.0,8406.0,2684.0,155.0
CALIFORNIA,Salinas,158233.0,830.0,6.0,81.0,223.0,520.0,2651.0,232.0,1833.0,586.0,44.0
CALIFORNIA,San Bernardino,224283.0,2012.0,25.0,112.0,541.0,1334.0,6499.0,1021.0,3762.0,1716.0,52.0
CALIFORNIA,San Bruno,40553.0,104.0,0.0,6.0,23.0,75.0,797.0,23.0,663.0,111.0,5.0
CALIFORNIA,San Clemente,61692.0,113.0,1.0,4.0,26.0,82.0,782.0,84.0,571.0,127.0,10.0
CALIFORNIA,Sand City,329.0,6.0,0.0,0.0,3.0,3.0,294.0,5.0,285.0,4.0,0.0
CALIFORNIA,San Diego,1389024.0,5726.0,35.0,297.0,1075.0,4319.0,23197.0,2603.0,15100.0,5494.0,136.0
CALIFORNIA,San Dimas,32560.0,92.0,1.0,5.0,28.0,58.0,743.0,109.0,559.0,75.0,3.0
CALIFORNIA,San Fernando,23173.0,84.0,2.0,2.0,44.0,36.0,505.0,41.0,335.0,129.0,6.0
CALIFORNIA,San Francisco,802856.0,4789.0,35.0,280.0,2145.0,2329.0,31545.0,5118.0,21026.0,5401.0,266.0
CALIFORNIA,San Gabriel,37172.0,68.0,1.0,4.0,25.0,38.0,731.0,191.0,477.0,63.0,4.0
CALIFORNIA,Sanger,26245.0,127.0,2.0,14.0,10.0,101.0,282.0,26.0,205.0,51.0,7.0
CALIFORNIA,San Jacinto,55863.0,142.0,2.0,7.0,65.0,68.0,965.0,205.0,614.0,146.0,9.0
CALIFORNIA,San Jose,956840.0,5806.0,26.0,740.0,1347.0,3693.0,24762.0,4086.0,14575.0,6101.0,147.0
CALIFORNIA,San Juan Capistrano,34620.0,57.0,2.0,4.0,12.0,39.0,373.0,61.0,241.0,71.0,17.0
CALIFORNIA,San Leandro,84200.0,462.0,4.0,16.0,236.0,206.0,3303.0,484.0,1797.0,1022.0,11.0
CALIFORNIA,San Luis Obispo,49948.0,212.0,0.0,30.0,41.0,141.0,1333.0,161.0,1097.0,75.0,2.0
CALIFORNIA,San Marcos,93974.0,209.0,1.0,6.0,30.0,172.0,620.0,142.0,376.0,102.0,7.0
CALIFORNIA,San Marino,11816.0,4.0,0.0,0.0,0.0,4.0,139.0,55.0,76.0,8.0,2.0
CALIFORNIA,San Mateo,99929.0,243.0,5.0,26.0,74.0,138.0,1882.0,98.0,1577.0,207.0,4.0
CALIFORNIA,San Pablo,30974.0,194.0,1.0,14.0,70.0,109.0,777.0,89.0,401.0,287.0,19.0
CALIFORNIA,San Rafael,59037.0,330.0,1.0,30.0,88.0,211.0,1450.0,156.0,1045.0,249.0,16.0
CALIFORNIA,San Ramon,84452.0,73.0,0.0,12.0,19.0,42.0,940.0,114.0,700.0,126.0,4.0
CALIFORNIA,Santa Ana,310304.0,1530.0,15.0,163.0,329.0,1023.0,5282.0,700.0,3601.0,981.0,24.0
CALIFORNIA,Santa Barbara,85758.0,556.0,0.0,71.0,64.0,421.0,1552.0,146.0,1236.0,170.0,10.0
CALIFORNIA,Santa Clara,131901.0,240.0,2.0,26.0,76.0,136.0,3300.0,445.0,2336.0,519.0,13.0
CALIFORNIA,Santa Clarita,221303.0,366.0,2.0,28.0,94.0,242.0,2604.0,433.0,1731.0,440.0,21.0
CALIFORNIA,Santa Cruz,61346.0,376.0,3.0,26.0,63.0,284.0,1543.0,83.0,1363.0,97.0,46.0
CALIFORNIA,Santa Fe Springs,20534.0,186.0,1.0,9.0,71.0,105.0,1265.0,283.0,724.0,258.0,10.0
CALIFORNIA,Santa Maria,110056.0,727.0,3.0,75.0,191.0,458.0,2072.0,344.0,1265.0,463.0,75.0
CALIFORNIA,Santa Monica,88948.0,692.0,4.0,64.0,180.0,444.0,4261.0,755.0,3009.0,497.0,55.0
CALIFORNIA,Santa Paula,32139.0,105.0,1.0,12.0,16.0,76.0,281.0,27.0,216.0,38.0,5.0
CALIFORNIA,Santa Rosa,175147.0,600.0,2.0,118.0,117.0,363.0,2312.0,405.0,1610.0,297.0,26.0
CALIFORNIA,Santee,59351.0,151.0,2.0,5.0,25.0,119.0,339.0,45.0,222.0,72.0,7.0
CALIFORNIA,Saratoga,29185.0,26.0,0.0,4.0,7.0,15.0,175.0,56.0,103.0,16.0,3.0
CALIFORNIA,Sausalito,6945.0,5.0,0.0,0.0,0.0,5.0,121.0,17.0,97.0,7.0,1.0
CALIFORNIA,Scotts Valley,11765.0,36.0,0.0,5.0,4.0,27.0,188.0,9.0,175.0,4.0,2.0
CALIFORNIA,Seal Beach,24079.0,116.0,0.0,1.0,17.0,98.0,662.0,92.0,542.0,28.0,1.0
CALIFORNIA,Seaside,30985.0,159.0,0.0,13.0,20.0,126.0,258.0,23.0,194.0,41.0,6.0
CALIFORNIA,Sebastopol,7336.0,31.0,0.0,4.0,3.0,24.0,116.0,11.0,101.0,4.0,5.0
CALIFORNIA,Selma,24399.0,140.0,1.0,4.0,13.0,122.0,390.0,70.0,243.0,77.0,17.0
CALIFORNIA,Shafter,22570.0,63.0,0.0,12.0,2.0,49.0,308.0,26.0,182.0,100.0,6.0
CALIFORNIA,Sierra Madre,10544.0,22.0,0.0,1.0,1.0,20.0,63.0,23.0,35.0,5.0,1.0
CALIFORNIA,Signal Hill,11068.0,101.0,0.0,4.0,23.0,74.0,655.0,68.0,451.0,136.0,7.0
CALIFORNIA,Simi Valley,124707.0,161.0,3.0,19.0,31.0,108.0,1152.0,155.0,891.0,106.0,8.0
CALIFORNIA,Solana Beach,12592.0,13.0,0.0,2.0,4.0,7.0,147.0,35.0,86.0,26.0,1.0
CALIFORNIA,Soledad,23708.0,61.0,0.0,9.0,5.0,47.0,125.0,13.0,90.0,22.0,1.0
CALIFORNIA,Solvang,5923.0,4.0,0.0,1.0,0.0,3.0,55.0,10.0,40.0,5.0,2.0
CALIFORNIA,Sonoma,10583.0,19.0,0.0,1.0,4.0,14.0,122.0,22.0,92.0,8.0,1.0
CALIFORNIA,Sonora,4889.0,45.0,0.0,7.0,5.0,33.0,102.0,5.0,95.0,2.0,1.0
CALIFORNIA,South El Monte,18861.0,88.0,0.0,2.0,29.0,57.0,610.0,191.0,290.0,129.0,6.0
CALIFORNIA,South Gate,89223.0,469.0,4.0,26.0,215.0,224.0,3211.0,257.0,2084.0,870.0,19.0
CALIFORNIA,South Lake Tahoe,21005.0,165.0,0.0,13.0,9.0,143.0,307.0,40.0,244.0,23.0,10.0
CALIFORNIA,South Pasadena,25228.0,53.0,1.0,5.0,19.0,28.0,634.0,84.0,477.0,73.0,5.0
CALIFORNIA,South San Francisco,62229.0,187.0,0.0,14.0,22.0,151.0,970.0,64.0,689.0,217.0,10.0
CALIFORNIA,Stallion Springs,2629.0,6.0,0.0,0.0,0.0,6.0,9.0,1.0,4.0,4.0,0.0
CALIFORNIA,Stanton,39059.0,200.0,2.0,6.0,62.0,130.0,661.0,86.0,462.0,113.0,6.0
CALIFORNIA,St. Helena,5224.0,9.0,0.0,1.0,0.0,8.0,39.0,5.0,33.0,1.0,0.0
CALIFORNIA,Stockton,319069.0,3656.0,51.0,129.0,1073.0,2403.0,8422.0,1794.0,4697.0,1931.0,162.0
CALIFORNIA,Suisun City,28502.0,111.0,1.0,11.0,21.0,78.0,421.0,49.0,301.0,71.0,6.0
CALIFORNIA,Sunnyvale,150893.0,369.0,1.0,41.0,87.0,240.0,2881.0,463.0,1988.0,430.0,33.0
CALIFORNIA,Susanville,11646.0,80.0,3.0,5.0,8.0,64.0,134.0,13.0,109.0,12.0,5.0
CALIFORNIA,Sutter Creek,2739.0,5.0,0.0,0.0,0.0,5.0,26.0,1.0,20.0,5.0,2.0
CALIFORNIA,Taft,6801.0,32.0,0.0,6.0,3.0,23.0,184.0,29.0,124.0,31.0,3.0
CALIFORNIA,Tehachapi,10275.0,59.0,0.0,8.0,10.0,41.0,262.0,13.0,210.0,39.0,1.0
CALIFORNIA,Temecula,110880.0,168.0,0.0,14.0,50.0,104.0,1862.0,255.0,1415.0,192.0,6.0
CALIFORNIA,Temple City,34359.0,76.0,4.0,8.0,23.0,41.0,362.0,153.0,188.0,21.0,2.0
CALIFORNIA,Thousand Oaks,122363.0,125.0,3.0,8.0,23.0,91.0,1249.0,153.0,1027.0,69.0,4.0
CALIFORNIA,Tiburon,8751.0,4.0,0.0,1.0,0.0,3.0,98.0,17.0,71.0,10.0,0.0
CALIFORNIA,Torrance,136899.0,426.0,0.0,37.0,158.0,231.0,3800.0,656.0,2491.0,653.0,12.0
CALIFORNIA,Tracy,99519.0,300.0,4.0,37.0,84.0,175.0,1584.0,153.0,1166.0,265.0,8.0
CALIFORNIA,Truckee,17132.0,64.0,0.0,6.0,2.0,56.0,111.0,17.0,82.0,12.0,4.0
CALIFORNIA,Tulare,71689.0,410.0,8.0,46.0,64.0,292.0,1321.0,238.0,854.0,229.0,19.0
CALIFORNIA,Tulelake,856.0,0.0,0.0,0.0,0.0,0.0,0.0,0.0,0.0,0.0,0.0
CALIFORNIA,Turlock,71886.0,342.0,3.0,35.0,96.0,208.0,1349.0,141.0,984.0,224.0,11.0
CALIFORNIA,Tustin,76985.0,163.0,0.0,9.0,69.0,85.0,1620.0,165.0,1317.0,138.0,9.0
CALIFORNIA,Twentynine Palms,28976.0,121.0,1.0,12.0,12.0,96.0,225.0,64.0,124.0,37.0,5.0
CALIFORNIA,Ukiah,15915.0,88.0,0.0,9.0,23.0,56.0,218.0,30.0,145.0,43.0,12.0
CALIFORNIA,Union City,63976.0,261.0,2.0,11.0,77.0,171.0,1430.0,187.0,812.0,431.0,16.0
CALIFORNIA,Upland,78584.0,291.0,2.0,27.0,87.0,175.0,1409.0,273.0,931.0,205.0,18.0
CALIFORNIA,Vacaville,102672.0,301.0,1.0,43.0,55.0,202.0,1786.0,157.0,1417.0,212.0,22.0
CALIFORNIA,Vallejo,121795.0,901.0,20.0,65.0,299.0,517.0,4860.0,678.0,3223.0,959.0,31.0
CALIFORNIA,Ventura,108543.0,446.0,3.0,50.0,90.0,303.0,2394.0,288.0,1882.0,224.0,18.0
CALIFORNIA,Vernon,205.0,51.0,1.0,1.0,24.0,25.0,530.0,67.0,335.0,128.0,7.0
CALIFORNIA,Victorville,140309.0,1425.0,11.0,89.0,239.0,1086.0,2987.0,497.0,1620.0,870.0,67.0
CALIFORNIA,Villa Park,5611.0,2.0,0.0,0.0,0.0,2.0,40.0,13.0,22.0,5.0,0.0
CALIFORNIA,Visalia,146090.0,636.0,7.0,99.0,138.0,392.0,3112.0,384.0,2219.0,509.0,30.0
CALIFORNIA,Vista,98290.0,311.0,2.0,9.0,50.0,250.0,849.0,122.0,543.0,184.0,7.0
CALIFORNIA,Walnut,26702.0,34.0,0.0,1.0,7.0,26.0,505.0,243.0,224.0,38.0,1.0
CALIFORNIA,Walnut Creek,68808.0,193.0,0.0,17.0,59.0,117.0,1994.0,268.0,1553.0,173.0,2.0
CALIFORNIA,Waterford,9387.0,17.0,0.0,1.0,2.0,14.0,83.0,11.0,61.0,11.0,1.0
CALIFORNIA,Watsonville,50340.0,201.0,0.0,28.0,27.0,146.0,595.0,70.0,375.0,150.0,4.0
CALIFORNIA,Weed,2487.0,18.0,0.0,1.0,3.0,14.0,28.0,5.0,17.0,6.0,1.0
CALIFORNIA,West Covina,104467.0,250.0,3.0,17.0,76.0,154.0,2192.0,309.0,1511.0,372.0,14.0
CALIFORNIA,West Hollywood,33928.0,300.0,2.0,26.0,107.0,165.0,1863.0,290.0,1444.0,129.0,7.0
CALIFORNIA,Westlake Village,7437.0,11.0,0.0,0.0,1.0,10.0,143.0,35.0,87.0,21.0,2.0
CALIFORNIA,Westminster,88026.0,384.0,3.0,26.0,100.0,255.0,2199.0,321.0,1682.0,196.0,14.0
CALIFORNIA,Westmorland,1970.0,6.0,0.0,0.0,0.0,6.0,15.0,1.0,7.0,7.0,0.0
CALIFORNIA,West Sacramento,56536.0,166.0,2.0,13.0,45.0,106.0,774.0,127.0,490.0,157.0,7.0
CALIFORNIA,Wheatland,4130.0,6.0,0.0,0.0,2.0,4.0,20.0,3.0,15.0,2.0,0.0
CALIFORNIA,Whittier,83186.0,408.0,5.0,24.0,119.0,260.0,1976.0,284.0,1336.0,356.0,10.0
CALIFORNIA,Wildomar,37145.0,38.0,1.0,4.0,6.0,27.0,379.0,67.0,246.0,66.0,2.0
CALIFORNIA,Williams,5642.0,35.0,0.0,2.0,3.0,30.0,50.0,4.0,34.0,12.0,0.0
CALIFORNIA,Willits,4799.0,8.0,0.0,1.0,0.0,7.0,22.0,0.0,2.0,20.0,1.0
CALIFORNIA,Windsor,25660.0,60.0,0.0,26.0,8.0,26.0,188.0,25.0,148.0,15.0,2.0
CALIFORNIA,Winters,7869.0,7.0,0.0,1.0,0.0,6.0,42.0,5.0,33.0,4.0,0.0
CALIFORNIA,Woodlake,7970.0,38.0,1.0,2.0,2.0,33.0,86.0,9.0,66.0,11.0,2.0
CALIFORNIA,Woodland,61177.0,168.0,5.0,15.0,37.0,111.0,868.0,72.0,643.0,153.0,6.0
CALIFORNIA,Yorba Linda,65469.0,61.0,0.0,3.0,12.0,46.0,501.0,70.0,376.0,55.0,2.0
CALIFORNIA,Yountville,3332.0,3.0,0.0,1.0,1.0,1.0,11.0,0.0,10.0,1.0,0.0
CALIFORNIA,Yreka,7813.0,55.0,0.0,9.0,6.0,40.0,191.0,10.0,169.0,12.0,9.0
CALIFORNIA,Yuba City,68200.0,289.0,4.0,50.0,51.0,184.0,1131.0,115.0,843.0,173.0,15.0
CALIFORNIA,Yucaipa,53735.0,188.0,0.0,8.0,26.0,154.0,443.0,86.0,275.0,82.0,5.0
CALIFORNIA,Yucca Valley,21630.0,131.0,2.0,12.0,14.0,103.0,208.0,60.0,108.0,40.0,6.0
COLORADO,Alamosa,9906.0,97.0,5.0,18.0,4.0,70.0,470.0,40.0,411.0,19.0,4.0
COLORADO,Arvada,120456.0,344.0,0.0,25.0,56.0,263.0,2986.0,414.0,2120.0,452.0,48.0
COLORADO,Aspen,6489.0,9.0,0.0,7.0,0.0,2.0,195.0,11.0,177.0,7.0,0.0
COLORADO,Ault,2978.0,7.0,0.0,4.0,0.0,3.0,36.0,3.0,26.0,7.0,1.0
COLORADO,Aurora,397852.0,3771.0,41.0,292.0,542.0,2896.0,12349.0,1477.0,7305.0,3567.0,90.0
COLORADO,Avon,5896.0,25.0,0.0,4.0,2.0,19.0,152.0,11.0,139.0,2.0,0.0
COLORADO,Basalt,4012.0,7.0,0.0,4.0,0.0,3.0,53.0,16.0,35.0,2.0,0.0
COLORADO,Bayfield,2883.0,0.0,0.0,0.0,0.0,0.0,9.0,0.0,8.0,1.0,0.0
COLORADO,Black Hawk,128.0,20.0,0.0,1.0,5.0,14.0,232.0,4.0,217.0,11.0,0.0
COLORADO,Blue River,844.0,0.0,0.0,0.0,0.0,0.0,1.0,0.0,1.0,0.0,0.0
COLORADO,Boulder,105195.0,339.0,0.0,37.0,47.0,255.0,2875.0,403.0,2253.0,219.0,32.0
COLORADO,Bow Mar,814.0,0.0,0.0,0.0,0.0,0.0,4.0,1.0,3.0,0.0,0.0
COLORADO,Breckenridge,4902.0,16.0,0.0,3.0,0.0,13.0,147.0,10.0,136.0,1.0,0.0
COLORADO,Brighton,43231.0,204.0,1.0,35.0,16.0,152.0,1089.0,108.0,823.0,158.0,6.0
COLORADO,Broomfield,78294.0,116.0,1.0,25.0,16.0,74.0,1453.0,160.0,1105.0,188.0,5.0
COLORADO,Buena Vista,3155.0,3.0,0.0,0.0,0.0,3.0,11.0,1.0,9.0,1.0,0.0
COLORADO,Burlington,3116.0,13.0,0.0,1.0,0.0,12.0,36.0,8.0,24.0,4.0,1.0
COLORADO,Calhan,716.0,3.0,0.0,0.0,0.0,3.0,7.0,0.0,4.0,3.0,0.0
COLORADO,Carbondale,6795.0,9.0,0.0,5.0,0.0,4.0,42.0,4.0,36.0,2.0,2.0
COLORADO,Castle Rock,84098.0,30.0,0.0,7.0,5.0,18.0,789.0,52.0,701.0,36.0,2.0
COLORADO,Cedaredge,2452.0,0.0,0.0,0.0,0.0,0.0,22.0,5.0,15.0,2.0,0.0
COLORADO,Centennial,106454.0,184.0,0.0,9.0,22.0,153.0,1819.0,300.0,1220.0,299.0,23.0
COLORADO,Center,1922.0,2.0,0.0,1.0,0.0,1.0,6.0,0.0,6.0,0.0,0.0
COLORADO,Cherry Hills Village,6222.0,3.0,0.0,1.0,1.0,1.0,86.0,22.0,56.0,8.0,1.0
COLORADO,Colorado Springs,491474.0,3517.0,38.0,498.0,381.0,2600.0,16950.0,2604.0,10947.0,3399.0,145.0
COLORADO,Columbine Valley,1740.0,2.0,0.0,0.0,0.0,2.0,11.0,1.0,8.0,2.0,0.0
COLORADO,Commerce City,70170.0,555.0,6.0,72.0,79.0,398.0,2015.0,222.0,1204.0,589.0,28.0
COLORADO,Cortez,9120.0,42.0,0.0,15.0,6.0,21.0,268.0,19.0,227.0,22.0,2.0
COLORADO,Craig,9052.0,42.0,0.0,10.0,2.0,30.0,144.0,38.0,96.0,10.0,0.0
COLORADO,Crested Butte,1660.0,2.0,0.0,0.0,0.0,2.0,9.0,3.0,5.0,1.0,0.0
COLORADO,Cripple Creek,1105.0,0.0,0.0,0.0,0.0,0.0,23.0,1.0,20.0,2.0,0.0
COLORADO,Dacono,6679.0,8.0,0.0,2.0,1.0,5.0,57.0,8.0,43.0,6.0,0.0
COLORADO,Del Norte,1399.0,0.0,0.0,0.0,0.0,0.0,4.0,1.0,2.0,1.0,0.0
COLORADO,Delta,9785.0,18.0,0.0,4.0,3.0,11.0,317.0,49.0,239.0,29.0,5.0
COLORADO,Denver,722031.0,7170.0,71.0,676.0,1272.0,5151.0,34380.0,5112.0,20373.0,8895.0,133.0
COLORADO,Dillon,1000.0,3.0,0.0,1.0,0.0,2.0,36.0,12.0,22.0,2.0,0.0
COLORADO,Eagle,7354.0,5.0,0.0,0.0,1.0,4.0,35.0,2.0,33.0,0.0,1.0
COLORADO,Eaton,5828.0,3.0,0.0,0.0,0.0,3.0,47.0,3.0,40.0,4.0,0.0
COLORADO,Edgewater,4842.0,15.0,0.0,1.0,2.0,12.0,484.0,24.0,403.0,57.0,0.0
COLORADO,Elizabeth,2798.0,0.0,0.0,0.0,0.0,0.0,18.0,1.0,15.0,2.0,0.0
COLORADO,Englewood,34496.0,226.0,0.0,40.0,39.0,147.0,1812.0,233.0,1139.0,440.0,34.0
COLORADO,Erie,37055.0,11.0,0.0,2.0,1.0,8.0,332.0,65.0,248.0,19.0,6.0
COLORADO,Estes Park,5799.0,13.0,0.0,1.0,2.0,10.0,46.0,4.0,36.0,6.0,1.0
COLORADO,Evans,22341.0,83.0,0.0,13.0,2.0,68.0,347.0,30.0,242.0,75.0,4.0
COLORADO,Fairplay,740.0,6.0,0.0,0.0,0.0,6.0,20.0,9.0,10.0,1.0,0.0
COLORADO,Firestone,19282.0,27.0,0.0,7.0,0.0,20.0,186.0,9.0,138.0,39.0,2.0
COLORADO,Florence,3869.0,15.0,0.0,4.0,0.0,11.0,35.0,4.0,28.0,3.0,1.0
COLORADO,Fort Collins,170509.0,465.0,3.0,39.0,42.0,381.0,3675.0,390.0,2971.0,314.0,24.0
COLORADO,Fort Lupton,9984.0,27.0,0.0,9.0,1.0,17.0,150.0,13.0,98.0,39.0,4.0
COLORADO,Fort Morgan,11567.0,33.0,0.0,6.0,1.0,26.0,229.0,18.0,192.0,19.0,6.0
COLORADO,Fountain,28037.0,135.0,0.0,30.0,22.0,83.0,531.0,71.0,392.0,68.0,4.0
COLORADO,Fraser/Winter Park,2665.0,17.0,0.0,6.0,0.0,11.0,49.0,7.0,41.0,1.0,1.0
COLORADO,Frederick,18791.0,16.0,0.0,2.0,2.0,12.0,116.0,7.0,82.0,27.0,2.0
COLORADO,Frisco,2711.0,5.0,0.0,1.0,3.0,1.0,66.0,11.0,54.0,1.0,1.0
COLORADO,Fruita,13949.0,2.0,0.0,2.0,0.0,0.0,107.0,14.0,86.0,7.0,2.0
COLORADO,Garden City,249.0,5.0,0.0,0.0,3.0,2.0,28.0,1.0,24.0,3.0,1.0
COLORADO,Glendale,4397.0,100.0,1.0,8.0,16.0,75.0,853.0,48.0,697.0,108.0,1.0
COLORADO,Glenwood Springs,10334.0,32.0,1.0,8.0,2.0,21.0,461.0,42.0,390.0,29.0,5.0
COLORADO,Golden,20193.0,25.0,0.0,1.0,3.0,21.0,482.0,51.0,370.0,61.0,5.0
COLORADO,Granby,2316.0,3.0,0.0,0.0,0.0,3.0,15.0,0.0,13.0,2.0,0.0
COLORADO,Grand Junction,70686.0,386.0,3.0,59.0,34.0,290.0,2241.0,227.0,1855.0,159.0,40.0
COLORADO,Greeley,113757.0,763.0,6.0,50.0,74.0,633.0,3435.0,389.0,2470.0,576.0,29.0
COLORADO,Green Mountain Falls,597.0,0.0,0.0,0.0,0.0,0.0,1.0,0.0,0.0,1.0,0.0
COLORADO,Greenwood Village,15060.0,59.0,1.0,13.0,9.0,36.0,937.0,74.0,742.0,121.0,4.0
COLORADO,Gunnison,6897.0,27.0,0.0,4.0,2.0,21.0,260.0,16.0,235.0,9.0,0.0
COLORADO,Gypsum,9101.0,9.0,1.0,0.0,0.0,8.0,26.0,2.0,22.0,2.0,0.0
COLORADO,Haxtun,965.0,1.0,0.0,0.0,0.0,1.0,1.0,1.0,0.0,0.0,0.0
COLORADO,Hayden,1915.0,3.0,0.0,0.0,0.0,3.0,18.0,4.0,12.0,2.0,0.0
COLORADO,Holyoke,2279.0,0.0,0.0,0.0,0.0,0.0,4.0,2.0,2.0,0.0,0.0
COLORADO,Hotchkiss,945.0,2.0,0.0,0.0,0.0,2.0,14.0,8.0,5.0,1.0,0.0
COLORADO,Hudson,1606.0,2.0,0.0,0.0,0.0,2.0,23.0,0.0,20.0,3.0,0.0
COLORADO,Hugo,771.0,0.0,0.0,0.0,0.0,0.0,1.0,0.0,1.0,0.0,0.0
COLORADO,Idaho Springs,1678.0,8.0,0.0,0.0,2.0,6.0,44.0,3.0,36.0,5.0,0.0
COLORADO,Johnstown,20284.0,36.0,0.0,5.0,5.0,26.0,620.0,26.0,566.0,28.0,0.0
COLORADO,Keenesburg,2435.0,7.0,0.0,0.0,1.0,6.0,23.0,1.0,18.0,4.0,0.0
COLORADO,Kersey,1485.0,0.0,0.0,0.0,0.0,0.0,24.0,1.0,20.0,3.0,0.0
COLORADO,Kremmling,1424.0,6.0,0.0,2.0,0.0,4.0,12.0,0.0,10.0,2.0,0.0
COLORADO,Lafayette,30442.0,83.0,0.0,19.0,6.0,58.0,816.0,149.0,594.0,73.0,3.0
COLORADO,La Junta,6942.0,35.0,1.0,7.0,1.0,26.0,486.0,73.0,389.0,24.0,1.0
COLORADO,Lakeside,16.0,8.0,0.0,0.0,1.0,7.0,220.0,72.0,140.0,8.0,0.0
COLORADO,Lakewood,155868.0,1227.0,4.0,93.0,215.0,915.0,7939.0,917.0,5817.0,1205.0,30.0
COLORADO,Lamar,7468.0,0.0,0.0,0.0,0.0,0.0,39.0,9.0,30.0,0.0,0.0
COLORADO,La Salle,2282.0,2.0,0.0,1.0,0.0,1.0,23.0,1.0,18.0,4.0,0.0
COLORADO,Leadville,2630.0,1.0,0.0,0.0,0.0,1.0,23.0,5.0,18.0,0.0,0.0
COLORADO,Limon,1992.0,5.0,0.0,0.0,0.0,5.0,2.0,2.0,0.0,0.0,1.0
COLORADO,Littleton,44076.0,94.0,1.0,34.0,15.0,44.0,1110.0,154.0,729.0,227.0,3.0
COLORADO,Lochbuie,8382.0,17.0,0.0,2.0,1.0,14.0,66.0,3.0,44.0,19.0,1.0
COLORADO,Lone Tree,13992.0,61.0,0.0,1.0,8.0,52.0,1536.0,90.0,1386.0,60.0,4.0
COLORADO,Longmont,98446.0,462.0,4.0,118.0,31.0,309.0,2578.0,219.0,2052.0,307.0,24.0
COLORADO,Louisville,20136.0,26.0,1.0,6.0,1.0,18.0,360.0,127.0,207.0,26.0,3.0
COLORADO,Loveland,80374.0,253.0,3.0,61.0,24.0,165.0,1622.0,135.0,1337.0,150.0,12.0
COLORADO,Manitou Springs,4540.0,6.0,0.0,0.0,0.0,6.0,75.0,9.0,50.0,16.0,0.0
COLORADO,Mead,7124.0,11.0,0.0,0.0,0.0,11.0,62.0,1.0,49.0,12.0,1.0
COLORADO,Meeker,2367.0,3.0,0.0,0.0,0.0,3.0,3.0,2.0,0.0,1.0,0.0
COLORADO,Milliken,9303.0,0.0,0.0,0.0,0.0,0.0,50.0,2.0,34.0,14.0,0.0
COLORADO,Monte Vista,4011.0,18.0,0.0,0.0,2.0,16.0,197.0,62.0,125.0,10.0,1.0
COLORADO,Montrose,21661.0,51.0,0.0,4.0,5.0,42.0,480.0,53.0,394.0,33.0,2.0
COLORADO,Monument,12701.0,18.0,0.0,2.0,3.0,13.0,234.0,27.0,183.0,24.0,2.0
COLORADO,Mountain View,513.0,1.0,0.0,0.0,0.0,1.0,6.0,2.0,4.0,0.0,0.0
COLORADO,Mountain Village,1220.0,1.0,0.0,0.0,1.0,0.0,11.0,1.0,10.0,0.0,0.0
COLORADO,Mount Crested Butte,969.0,1.0,0.0,0.0,0.0,1.0,1.0,0.0,1.0,0.0,0.0
COLORADO,New Castle,4851.0,6.0,0.0,3.0,0.0,3.0,33.0,8.0,20.0,5.0,0.0
COLORADO,Northglenn,38210.0,165.0,2.0,29.0,20.0,114.0,985.0,112.0,737.0,136.0,5.0
COLORADO,Ouray,927.0,0.0,0.0,0.0,0.0,0.0,5.0,0.0,4.0,1.0,0.0
COLORADO,Pagosa Springs,1828.0,11.0,0.0,1.0,1.0,9.0,31.0,1.0,28.0,2.0,0.0
COLORADO,Palisade,2613.0,4.0,1.0,1.0,1.0,1.0,24.0,2.0,20.0,2.0,2.0
COLORADO,Palmer Lake,2563.0,4.0,0.0,1.0,0.0,3.0,23.0,6.0,15.0,2.0,0.0
COLORADO,Paonia,1462.0,1.0,0.0,1.0,0.0,0.0,18.0,1.0,17.0,0.0,0.0
COLORADO,Parachute,1355.0,4.0,0.0,1.0,0.0,3.0,17.0,1.0,12.0,4.0,0.0
COLORADO,Parker,64088.0,134.0,2.0,25.0,7.0,100.0,1056.0,119.0,849.0,88.0,7.0
COLORADO,Platteville,3894.0,3.0,0.0,0.0,0.0,3.0,39.0,2.0,29.0,8.0,0.0
COLORADO,Pueblo,110805.0,1578.0,19.0,160.0,243.0,1156.0,5476.0,938.0,3228.0,1310.0,56.0
COLORADO,Rangely,2281.0,7.0,0.0,1.0,0.0,6.0,23.0,0.0,22.0,1.0,0.0
COLORADO,Rifle,10607.0,32.0,0.0,8.0,1.0,23.0,107.0,7.0,92.0,8.0,0.0
COLORADO,Rocky Ford,3803.0,5.0,0.0,1.0,0.0,4.0,29.0,7.0,16.0,6.0,1.0
COLORADO,Salida,5968.0,11.0,0.0,1.0,0.0,10.0,36.0,6.0,26.0,4.0,1.0
COLORADO,Severance,11997.0,14.0,0.0,1.0,0.0,13.0,61.0,7.0,49.0,5.0,2.0
COLORADO,Sheridan,5844.0,54.0,1.0,2.0,7.0,44.0,408.0,41.0,301.0,66.0,1.0
COLORADO,Silverthorne,5113.0,4.0,0.0,2.0,0.0,2.0,113.0,16.0,95.0,2.0,0.0
COLORADO,Snowmass Village,2984.0,0.0,0.0,0.0,0.0,0.0,37.0,3.0,32.0,2.0,0.0
COLORADO,South Fork,505.0,2.0,0.0,0.0,0.0,2.0,17.0,14.0,2.0,1.0,0.0
COLORADO,Springfield,1280.0,1.0,0.0,0.0,0.0,1.0,4.0,1.0,1.0,2.0,0.0
COLORADO,Steamboat Springs,13606.0,44.0,0.0,7.0,1.0,36.0,172.0,23.0,144.0,5.0,1.0
COLORADO,Sterling,12806.0,51.0,0.0,4.0,1.0,46.0,374.0,53.0,296.0,25.0,1.0
COLORADO,Telluride,2493.0,0.0,0.0,0.0,0.0,0.0,33.0,6.0,27.0,0.0,1.0
COLORADO,Thornton,145847.0,399.0,2.0,116.0,72.0,209.0,4136.0,404.0,3016.0,716.0,29.0
COLORADO,Timnath,11404.0,6.0,0.0,0.0,0.0,6.0,101.0,14.0,82.0,5.0,1.0
COLORADO,Trinidad,8176.0,63.0,0.0,2.0,2.0,59.0,243.0,66.0,158.0,19.0,5.0
COLORADO,Vail,4426.0,12.0,0.0,0.0,2.0,10.0,179.0,10.0,163.0,6.0,0.0
COLORADO,Westminster,114310.0,347.0,6.0,49.0,92.0,200.0,4047.0,399.0,2820.0,828.0,33.0
COLORADO,Wheat Ridge,31615.0,152.0,0.0,26.0,14.0,112.0,1412.0,195.0,996.0,221.0,20.0
COLORADO,Windsor,43050.0,20.0,0.0,0.0,1.0,19.0,224.0,26.0,170.0,28.0,0.0
COLORADO,Woodland Park,7857.0,10.0,1.0,2.0,2.0,5.0,93.0,15.0,69.0,9.0,0.0
COLORADO,Wray,2309.0,1.0,0.0,0.0,0.0,1.0,2.0,1.0,1.0,0.0,0.0
CONNECTICUT,Ansonia,19049.0,13.0,1.0,9.0,3.0,0.0,268.0,9.0,217.0,42.0,0.0
CONNECTICUT,Avon,18886.0,4.0,0.0,0.0,0.0,4.0,119.0,10.0,98.0,11.0,0.0
CONNECTICUT,Berlin,20529.0,19.0,0.0,4.0,5.0,10.0,289.0,18.0,218.0,53.0,1.0
CONNECTICUT,Bethel,20799.0,2.0,0.0,2.0,0.0,0.0,110.0,15.0,90.0,5.0,0.0
CONNECTICUT,Bloomfield,22032.0,24.0,1.0,4.0,5.0,14.0,506.0,63.0,406.0,37.0,2.0
CONNECTICUT,Branford,28000.0,13.0,0.0,4.0,4.0,5.0,468.0,121.0,295.0,52.0,0.0
CONNECTICUT,Bridgeport,148132.0,582.0,12.0,62.0,227.0,281.0,2176.0,332.0,1143.0,701.0,0.0
CONNECTICUT,Bristol,61895.0,36.0,2.0,5.0,16.0,13.0,593.0,53.0,349.0,191.0,1.0
CONNECTICUT,Brookfield,17496.0,10.0,0.0,1.0,0.0,9.0,93.0,12.0,71.0,10.0,0.0
CONNECTICUT,Canton,10166.0,4.0,0.0,1.0,1.0,2.0,55.0,3.0,48.0,4.0,0.0
CONNECTICUT,Cheshire,29399.0,4.0,0.0,0.0,2.0,2.0,113.0,7.0,81.0,25.0,0.0
CONNECTICUT,Clinton,13481.0,10.0,0.0,5.0,3.0,2.0,301.0,10.0,276.0,15.0,0.0
CONNECTICUT,Coventry,12338.0,10.0,0.0,5.0,1.0,4.0,59.0,10.0,41.0,8.0,0.0
CONNECTICUT,Cromwell,14411.0,12.0,1.0,1.0,9.0,1.0,272.0,16.0,242.0,14.0,0.0
CONNECTICUT,Danbury,86257.0,226.0,0.0,26.0,28.0,172.0,1084.0,175.0,798.0,111.0,3.0
CONNECTICUT,Darien,22216.0,7.0,0.0,1.0,2.0,4.0,233.0,34.0,155.0,44.0,0.0
CONNECTICUT,Derby,12437.0,39.0,0.0,1.0,6.0,32.0,317.0,35.0,189.0,93.0,4.0
CONNECTICUT,East Hampton,13090.0,3.0,0.0,1.0,0.0,2.0,55.0,8.0,43.0,4.0,0.0
CONNECTICUT,East Hartford,50584.0,45.0,3.0,6.0,15.0,21.0,845.0,64.0,604.0,177.0,1.0
CONNECTICUT,East Haven,27447.0,27.0,0.0,8.0,4.0,15.0,536.0,37.0,376.0,123.0,1.0
CONNECTICUT,East Lyme,19094.0,2.0,1.0,0.0,0.0,1.0,79.0,8.0,62.0,9.0,1.0
CONNECTICUT,Easton,7652.0,0.0,0.0,0.0,0.0,0.0,40.0,0.0,32.0,8.0,0.0
CONNECTICUT,East Windsor,11179.0,7.0,0.0,2.0,4.0,1.0,286.0,15.0,251.0,20.0,0.0
CONNECTICUT,Enfield,40659.0,66.0,0.0,12.0,8.0,46.0,761.0,95.0,603.0,63.0,1.0
CONNECTICUT,Fairfield,64098.0,15.0,0.0,1.0,5.0,9.0,904.0,36.0,784.0,84.0,1.0
CONNECTICUT,Farmington,26852.0,6.0,0.0,2.0,4.0,0.0,412.0,26.0,358.0,28.0,0.0
CONNECTICUT,Glastonbury,35249.0,10.0,0.0,2.0,1.0,7.0,339.0,25.0,289.0,25.0,2.0
CONNECTICUT,Granby,11371.0,3.0,0.0,0.0,1.0,2.0,61.0,2.0,52.0,7.0,0.0
CONNECTICUT,Greenwich,63651.0,6.0,0.0,3.0,3.0,0.0,552.0,58.0,409.0,85.0,0.0
CONNECTICUT,Groton,9282.0,18.0,0.0,5.0,0.0,13.0,63.0,6.0,44.0,13.0,1.0
CONNECTICUT,Groton Long Point,517.0,0.0,0.0,0.0,0.0,0.0,5.0,0.0,3.0,2.0,0.0
CONNECTICUT,Groton Town,27927.0,26.0,1.0,3.0,3.0,19.0,276.0,24.0,226.0,26.0,0.0
CONNECTICUT,Guilford,22021.0,6.0,0.0,6.0,0.0,0.0,204.0,16.0,170.0,18.0,0.0
CONNECTICUT,Hamden,59908.0,258.0,1.0,5.0,33.0,219.0,1868.0,127.0,1304.0,437.0,3.0
CONNECTICUT,Hartford,119626.0,617.0,21.0,51.0,163.0,382.0,3404.0,267.0,2082.0,1055.0,28.0
CONNECTICUT,Ledyard,15483.0,9.0,1.0,2.0,1.0,5.0,35.0,1.0,30.0,4.0,0.0
CONNECTICUT,Madison,17458.0,3.0,0.0,3.0,0.0,0.0,51.0,2.0,35.0,14.0,0.0
CONNECTICUT,Manchester,59378.0,79.0,0.0,25.0,19.0,35.0,1256.0,136.0,995.0,125.0,3.0
CONNECTICUT,Meriden,59943.0,77.0,1.0,12.0,31.0,33.0,1012.0,183.0,728.0,101.0,4.0
CONNECTICUT,Middlebury,8057.0,2.0,0.0,0.0,0.0,2.0,38.0,5.0,23.0,10.0,0.0
CONNECTICUT,Middletown,48331.0,30.0,1.0,2.0,9.0,18.0,556.0,56.0,418.0,82.0,2.0
CONNECTICUT,Milford,53065.0,62.0,1.0,13.0,37.0,11.0,1112.0,46.0,964.0,102.0,4.0
CONNECTICUT,Monroe,18852.0,4.0,0.0,1.0,0.0,3.0,98.0,25.0,55.0,18.0,0.0
CONNECTICUT,Montville,17730.0,4.0,0.0,3.0,0.0,1.0,62.0,7.0,46.0,9.0,0.0
CONNECTICUT,Naugatuck,31930.0,16.0,0.0,8.0,2.0,6.0,326.0,16.0,254.0,56.0,2.0
CONNECTICUT,New Britain,74528.0,314.0,3.0,34.0,49.0,228.0,1435.0,97.0,975.0,363.0,16.0
CONNECTICUT,New Canaan,20973.0,2.0,0.0,1.0,0.0,1.0,163.0,16.0,107.0,40.0,0.0
CONNECTICUT,New Haven,137243.0,734.0,15.0,44.0,248.0,427.0,4923.0,518.0,3297.0,1108.0,14.0
CONNECTICUT,Newington,31504.0,24.0,0.0,8.0,7.0,9.0,673.0,56.0,572.0,45.0,1.0
CONNECTICUT,New London,27848.0,56.0,0.0,10.0,12.0,34.0,388.0,47.0,283.0,58.0,0.0
CONNECTICUT,New Milford,28377.0,8.0,0.0,5.0,1.0,2.0,153.0,15.0,121.0,17.0,0.0
CONNECTICUT,Newtown,27890.0,5.0,0.0,0.0,0.0,5.0,98.0,10.0,75.0,13.0,0.0
CONNECTICUT,North Branford,13385.0,2.0,0.0,1.0,1.0,0.0,94.0,12.0,71.0,11.0,0.0
CONNECTICUT,North Haven,24340.0,9.0,0.0,1.0,7.0,1.0,639.0,50.0,521.0,68.0,0.0
CONNECTICUT,Norwalk,92987.0,79.0,0.0,15.0,15.0,49.0,1399.0,227.0,1021.0,151.0,0.0
CONNECTICUT,Norwich,39832.0,82.0,0.0,24.0,20.0,38.0,502.0,82.0,364.0,56.0,1.0
CONNECTICUT,Old Saybrook,10606.0,8.0,0.0,1.0,2.0,5.0,172.0,13.0,128.0,31.0,0.0
CONNECTICUT,Orange,14352.0,6.0,0.0,0.0,4.0,2.0,503.0,22.0,452.0,29.0,0.0
CONNECTICUT,Plainfield,15265.0,12.0,0.0,6.0,0.0,6.0,19.0,2.0,8.0,9.0,0.0
CONNECTICUT,Plainville,17504.0,12.0,0.0,3.0,1.0,8.0,264.0,12.0,214.0,38.0,0.0
CONNECTICUT,Plymouth,11806.0,1.0,0.0,1.0,0.0,0.0,58.0,4.0,48.0,6.0,0.0
CONNECTICUT,Portland,9449.0,0.0,0.0,0.0,0.0,0.0,41.0,8.0,29.0,4.0,1.0
CONNECTICUT,Putnam,9345.0,11.0,0.0,5.0,1.0,5.0,74.0,8.0,53.0,13.0,2.0
CONNECTICUT,Redding,8716.0,1.0,0.0,1.0,0.0,0.0,25.0,1.0,19.0,5.0,0.0
CONNECTICUT,Ridgefield,24924.0,6.0,1.0,0.0,0.0,5.0,70.0,0.0,47.0,23.0,0.0
CONNECTICUT,Rocky Hill,20692.0,16.0,0.0,6.0,6.0,4.0,255.0,30.0,205.0,20.0,0.0
CONNECTICUT,Seymour,17034.0,8.0,0.0,1.0,0.0,7.0,98.0,9.0,62.0,27.0,0.0
CONNECTICUT,Shelton,42616.0,18.0,0.0,2.0,7.0,9.0,302.0,25.0,230.0,47.0,0.0
CONNECTICUT,Simsbury,25108.0,4.0,1.0,1.0,2.0,0.0,144.0,14.0,112.0,18.0,1.0
CONNECTICUT,Southington,43849.0,29.0,0.0,4.0,18.0,7.0,664.0,78.0,541.0,45.0,1.0
CONNECTICUT,South Windsor,26741.0,10.0,0.0,1.0,3.0,6.0,321.0,48.0,260.0,13.0,1.0
CONNECTICUT,Stamford,136483.0,215.0,1.0,15.0,51.0,148.0,1672.0,207.0,1215.0,250.0,4.0
CONNECTICUT,Stonington,18469.0,12.0,0.0,0.0,3.0,9.0,159.0,11.0,139.0,9.0,1.0
CONNECTICUT,Stratford,52531.0,35.0,0.0,7.0,15.0,13.0,1043.0,67.0,821.0,155.0,4.0
CONNECTICUT,Suffield,15641.0,4.0,0.0,3.0,0.0,1.0,98.0,13.0,63.0,22.0,2.0
CONNECTICUT,Thomaston,7523.0,0.0,0.0,0.0,0.0,0.0,39.0,4.0,33.0,2.0,0.0
CONNECTICUT,Torrington,35612.0,29.0,0.0,5.0,9.0,15.0,370.0,23.0,327.0,20.0,1.0
CONNECTICUT,Trumbull,37492.0,39.0,0.0,4.0,17.0,18.0,852.0,42.0,778.0,32.0,3.0
CONNECTICUT,Vernon,30738.0,13.0,0.0,4.0,2.0,7.0,315.0,25.0,251.0,39.0,1.0
CONNECTICUT,Wallingford,43561.0,8.0,2.0,0.0,1.0,5.0,196.0,11.0,172.0,13.0,1.0
CONNECTICUT,Waterbury,115363.0,372.0,8.0,51.0,121.0,192.0,3367.0,265.0,2370.0,732.0,4.0
CONNECTICUT,Waterford,19913.0,5.0,0.0,1.0,1.0,3.0,334.0,4.0,317.0,13.0,0.0
CONNECTICUT,Watertown,22337.0,3.0,0.0,1.0,0.0,2.0,257.0,20.0,200.0,37.0,1.0
CONNECTICUT,West Hartford,64093.0,41.0,0.0,3.0,28.0,10.0,1751.0,156.0,1441.0,154.0,0.0
CONNECTICUT,West Haven,54598.0,57.0,2.0,8.0,22.0,25.0,676.0,67.0,458.0,151.0,0.0
CONNECTICUT,Weston,10353.0,0.0,0.0,0.0,0.0,0.0,23.0,1.0,12.0,10.0,0.0
CONNECTICUT,Westport,27606.0,1.0,0.0,0.0,0.0,1.0,312.0,19.0,244.0,49.0,0.0
CONNECTICUT,Wethersfield,27073.0,16.0,0.0,1.0,11.0,4.0,371.0,37.0,282.0,52.0,0.0
CONNECTICUT,Willimantic,18393.0,32.0,0.0,1.0,7.0,24.0,150.0,8.0,110.0,32.0,0.0
CONNECTICUT,Wilton,18398.0,3.0,0.0,1.0,0.0,2.0,116.0,14.0,77.0,25.0,1.0
CONNECTICUT,Winchester,10247.0,7.0,0.0,2.0,5.0,0.0,87.0,5.0,72.0,10.0,1.0
CONNECTICUT,Windsor,29382.0,18.0,1.0,0.0,7.0,10.0,516.0,25.0,429.0,62.0,1.0
CONNECTICUT,Windsor Locks,12513.0,11.0,0.0,0.0,4.0,7.0,125.0,12.0,98.0,15.0,0.0
CONNECTICUT,Wolcott,16379.0,4.0,0.0,0.0,2.0,2.0,29.0,3.0,19.0,7.0,0.0
CONNECTICUT,Woodbridge,9010.0,1.0,0.0,0.0,0.0,1.0,93.0,7.0,60.0,26.0,0.0
DELAWARE,Bethany Beach,1093.0,7.0,0.0,1.0,0.0,6.0,101.0,0.0,100.0,1.0,0.0
DELAWARE,Blades,1336.0,10.0,0.0,0.0,1.0,9.0,24.0,2.0,19.0,3.0,0.0
DELAWARE,Bridgeville,2920.0,7.0,0.0,0.0,0.0,7.0,35.0,2.0,31.0,2.0,0.0
DELAWARE,Camden,4364.0,14.0,0.0,2.0,3.0,9.0,183.0,17.0,163.0,3.0,0.0
DELAWARE,Cheswold,2379.0,7.0,0.0,0.0,1.0,6.0,23.0,4.0,15.0,4.0,0.0
DELAWARE,Clayton,4545.0,5.0,0.0,1.0,0.0,4.0,23.0,4.0,17.0,2.0,0.0
DELAWARE,Dagsboro,992.0,2.0,0.0,0.0,0.0,2.0,14.0,1.0,13.0,0.0,0.0
DELAWARE,Delaware City,1912.0,3.0,0.0,0.0,0.0,3.0,11.0,1.0,7.0,3.0,0.0
DELAWARE,Delmar,2279.0,14.0,0.0,0.0,0.0,14.0,52.0,13.0,38.0,1.0,0.0
DELAWARE,Dewey Beach,406.0,18.0,0.0,1.0,0.0,17.0,23.0,7.0,16.0,0.0,0.0
DELAWARE,Dover,40087.0,406.0,7.0,16.0,46.0,337.0,2433.0,56.0,2234.0,143.0,8.0
DELAWARE,Ellendale,558.0,0.0,0.0,0.0,0.0,0.0,5.0,3.0,2.0,0.0,0.0
DELAWARE,Elsmere,6135.0,15.0,0.0,0.0,1.0,14.0,109.0,15.0,72.0,22.0,0.0
DELAWARE,Felton,1369.0,4.0,0.0,1.0,0.0,3.0,21.0,2.0,18.0,1.0,0.0
DELAWARE,Fenwick Island,388.0,1.0,0.0,0.0,0.0,1.0,8.0,0.0,8.0,0.0,0.0
DELAWARE,Frankford,905.0,1.0,0.0,0.0,1.0,0.0,7.0,0.0,7.0,0.0,0.0
DELAWARE,Georgetown,8117.0,57.0,0.0,2.0,9.0,46.0,405.0,98.0,297.0,10.0,0.0
DELAWARE,Greenwood,1123.0,1.0,0.0,0.0,0.0,1.0,13.0,5.0,5.0,3.0,0.0
DELAWARE,Harrington,3888.0,15.0,0.0,2.0,0.0,13.0,80.0,8.0,66.0,6.0,1.0
DELAWARE,Laurel,4410.0,64.0,1.0,2.0,5.0,56.0,133.0,19.0,108.0,6.0,0.0
DELAWARE,Lewes,3704.0,6.0,0.0,0.0,0.0,6.0,20.0,2.0,15.0,3.0,0.0
DELAWARE,Middletown,25594.0,32.0,0.0,0.0,2.0,30.0,395.0,32.0,332.0,31.0,1.0
DELAWARE,Milford,14028.0,111.0,3.0,5.0,7.0,96.0,512.0,44.0,425.0,43.0,0.0
DELAWARE,Millsboro,7883.0,33.0,1.0,1.0,3.0,28.0,186.0,30.0,147.0,9.0,0.0
DELAWARE,Milton,3793.0,10.0,0.0,0.0,1.0,9.0,38.0,4.0,33.0,1.0,0.0
DELAWARE,Newark,30030.0,93.0,1.0,7.0,7.0,78.0,600.0,54.0,484.0,62.0,1.0
DELAWARE,New Castle,5552.0,21.0,0.0,0.0,0.0,21.0,196.0,13.0,169.0,14.0,0.0
DELAWARE,Newport,892.0,4.0,0.0,1.0,1.0,2.0,27.0,2.0,19.0,6.0,0.0
DELAWARE,Ocean View,3035.0,2.0,0.0,0.0,0.0,2.0,17.0,1.0,13.0,3.0,0.0
DELAWARE,Rehoboth Beach,1258.0,8.0,0.0,1.0,2.0,5.0,96.0,7.0,87.0,2.0,0.0
DELAWARE,Seaford,8998.0,102.0,0.0,5.0,17.0,80.0,411.0,15.0,377.0,19.0,0.0
DELAWARE,Selbyville,3286.0,3.0,0.0,0.0,1.0,2.0,47.0,5.0,41.0,1.0,0.0
DELAWARE,Smyrna,13386.0,65.0,0.0,6.0,5.0,54.0,263.0,33.0,202.0,28.0,0.0
DELAWARE,South Bethany,520.0,0.0,0.0,0.0,0.0,0.0,3.0,0.0,3.0,0.0,0.0
DELAWARE,Townsend,2862.0,1.0,0.0,0.0,0.0,1.0,10.0,2.0,5.0,3.0,2.0
DELAWARE,Viola,149.0,0.0,0.0,0.0,0.0,0.0,1.0,0.0,1.0,0.0,0.0
DELAWARE,Wilmington,71958.0,811.0,25.0,5.0,183.0,598.0,2273.0,350.0,1440.0,483.0,2.0
DELAWARE,Wyoming,1926.0,11.0,0.0,2.0,1.0,8.0,15.0,3.0,10.0,2.0,0.0
DISTRICT OF COLUMBIA,Washington,702250.0,6502.0,179.0,239.0,3080.0,3004.0,25197.0,1671.0,18220.0,5306.0,0.0
FLORIDA3,Altamonte Springs,44956.0,153.0,0.0,12.0,23.0,118.0,1039.0,75.0,911.0,53.0,0.0
FLORIDA3,Apopka,60583.0,261.0,1.0,27.0,37.0,196.0,1404.0,288.0,968.0,148.0,4.0
FLORIDA3,Arcadia,7986.0,41.0,5.0,5.0,4.0,27.0,109.0,28.0,80.0,1.0,0.0
FLORIDA3,Astatula,2107.0,4.0,0.0,0.0,0.0,4.0,10.0,1.0,7.0,2.0,0.0
FLORIDA3,Atlantic Beach,13079.0,21.0,0.0,1.0,1.0,19.0,195.0,17.0,169.0,9.0,0.0
FLORIDA3,Auburndale,21677.0,47.0,1.0,3.0,6.0,37.0,459.0,62.0,386.0,11.0,0.0
FLORIDA3,Aventura,38317.0,63.0,0.0,7.0,25.0,31.0,1567.0,56.0,1498.0,13.0,1.0
FLORIDA3,Bartow,20948.0,103.0,1.0,9.0,14.0,79.0,375.0,78.0,272.0,25.0,3.0
FLORIDA3,Bay Harbor Islands,5610.0,2.0,0.0,0.0,0.0,2.0,48.0,6.0,40.0,2.0,0.0
FLORIDA3,Belleair,4568.0,1.0,0.0,1.0,0.0,0.0,30.0,0.0,26.0,4.0,0.0
FLORIDA3,Belleair Beach,1612.0,1.0,0.0,0.0,0.0,1.0,6.0,0.0,6.0,0.0,0.0
FLORIDA3,Belleair Bluffs,2277.0,4.0,0.0,2.0,1.0,1.0,15.0,4.0,10.0,1.0,0.0
FLORIDA3,Belle Glade,16880.0,224.0,7.0,6.0,15.0,196.0,449.0,57.0,364.0,28.0,2.0
FLORIDA3,Belleview,5881.0,25.0,6.0,3.0,1.0,15.0,177.0,42.0,129.0,6.0,0.0
FLORIDA3,Blountstown,2275.0,8.0,0.0,0.0,0.0,8.0,34.0,7.0,23.0,4.0,0.0
FLORIDA3,Boca Raton,100557.0,172.0,2.0,36.0,34.0,100.0,1686.0,156.0,1429.0,101.0,1.0
FLORIDA3,Bowling Green,2464.0,1.0,0.0,0.0,0.0,1.0,16.0,6.0,9.0,1.0,0.0
FLORIDA3,Boynton Beach,81473.0,340.0,3.0,30.0,63.0,244.0,1860.0,166.0,1615.0,79.0,4.0
FLORIDA3,Bradenton,57503.0,258.0,4.0,23.0,30.0,201.0,1073.0,114.0,920.0,39.0,2.0
FLORIDA3,Brooksville,10086.0,43.0,0.0,5.0,5.0,33.0,203.0,16.0,178.0,9.0,2.0
FLORIDA3,Casselberry,31166.0,88.0,1.0,11.0,5.0,71.0,807.0,51.0,718.0,38.0,1.0
FLORIDA3,Clewiston,7212.0,11.0,0.0,1.0,0.0,10.0,26.0,4.0,21.0,1.0,0.0
FLORIDA3,Cocoa,20235.0,219.0,1.0,11.0,37.0,170.0,719.0,80.0,620.0,19.0,3.0
FLORIDA3,Coral Springs,135157.0,185.0,4.0,36.0,27.0,118.0,1478.0,110.0,1334.0,34.0,1.0
FLORIDA3,Crescent City,1709.0,1.0,0.0,1.0,0.0,0.0,23.0,7.0,16.0,0.0,0.0
FLORIDA3,Crestview,29903.0,64.0,0.0,8.0,1.0,55.0,421.0,83.0,310.0,28.0,0.0
FLORIDA3,Cutler Bay,43290.0,64.0,1.0,6.0,21.0,36.0,590.0,23.0,505.0,62.0,3.0
FLORIDA3,Davenport,17456.0,13.0,0.0,3.0,0.0,10.0,60.0,17.0,40.0,3.0,0.0
FLORIDA3,DeFuniak Springs,7053.0,27.0,0.0,1.0,3.0,23.0,158.0,12.0,140.0,6.0,0.0
FLORIDA3,Delray Beach,67780.0,286.0,2.0,27.0,37.0,220.0,1783.0,117.0,1541.0,125.0,3.0
FLORIDA3,Dunedin,35885.0,29.0,0.0,10.0,4.0,15.0,331.0,32.0,266.0,33.0,0.0
FLORIDA3,Eatonville,2266.0,30.0,0.0,5.0,3.0,22.0,142.0,94.0,42.0,6.0,0.0
FLORIDA3,Fellsmere,5032.0,3.0,0.0,0.0,1.0,2.0,30.0,9.0,19.0,2.0,0.0
FLORIDA3,Florida City,12441.0,285.0,8.0,12.0,54.0,211.0,997.0,100.0,876.0,21.0,3.0
FLORIDA3,Gainesville,147022.0,1085.0,7.0,126.0,196.0,756.0,3975.0,452.0,3371.0,152.0,13.0
FLORIDA3,Greenacres City,44143.0,108.0,2.0,14.0,25.0,67.0,594.0,44.0,501.0,49.0,5.0
FLORIDA3,Gulf Breeze,6991.0,1.0,0.0,0.0,0.0,1.0,22.0,4.0,18.0,0.0,0.0
FLORIDA3,Gulfport,11618.0,36.0,0.0,4.0,7.0,25.0,254.0,39.0,197.0,18.0,1.0
FLORIDA3,Haines City,41035.0,54.0,2.0,4.0,5.0,43.0,326.0,57.0,246.0,23.0,0.0
FLORIDA3,Hialeah Gardens,22065.0,14.0,0.0,0.0,1.0,13.0,225.0,3.0,222.0,0.0,0.0
FLORIDA3,Holmes Beach,3032.0,1.0,0.0,1.0,0.0,0.0,38.0,5.0,29.0,4.0,0.0
FLORIDA3,Indian Harbour Beach,9020.0,13.0,0.0,0.0,0.0,13.0,47.0,8.0,39.0,0.0,0.0
FLORIDA3,Indian Rocks Beach,3629.0,5.0,0.0,0.0,1.0,4.0,59.0,6.0,44.0,9.0,0.0
FLORIDA3,Indian Shores,3352.0,0.0,0.0,0.0,0.0,0.0,15.0,2.0,11.0,2.0,0.0
FLORIDA3,Juno Beach,3868.0,3.0,0.0,2.0,1.0,0.0,27.0,2.0,25.0,0.0,0.0
FLORIDA3,Jupiter Inlet Colony,434.0,0.0,0.0,0.0,0.0,0.0,1.0,0.0,1.0,0.0,0.0
FLORIDA3,Jupiter Island,834.0,1.0,0.0,0.0,1.0,0.0,5.0,1.0,4.0,0.0,0.0
FLORIDA3,Key Biscayne,14306.0,8.0,0.0,4.0,0.0,4.0,111.0,6.0,98.0,7.0,0.0
FLORIDA3,Key West,24697.0,87.0,0.0,13.0,8.0,66.0,558.0,53.0,491.0,14.0,2.0
FLORIDA3,Kissimmee,81967.0,403.0,2.0,52.0,57.0,292.0,1553.0,215.0,1288.0,50.0,4.0
FLORIDA3,Lake Alfred,7649.0,6.0,0.0,0.0,1.0,5.0,78.0,24.0,46.0,8.0,0.0
FLORIDA3,Lake Hamilton,1675.0,2.0,0.0,0.0,0.0,2.0,38.0,6.0,29.0,3.0,0.0
FLORIDA3,Lake Helen,3005.0,7.0,0.0,0.0,0.0,7.0,5.0,3.0,2.0,0.0,0.0
FLORIDA3,Lake Mary,16669.0,23.0,0.0,4.0,1.0,18.0,173.0,23.0,146.0,4.0,0.0
FLORIDA3,Lake Park,8959.0,52.0,2.0,4.0,10.0,36.0,615.0,38.0,560.0,17.0,0.0
FLORIDA3,Lake Wales,16813.0,41.0,0.0,4.0,3.0,34.0,257.0,32.0,200.0,25.0,0.0
FLORIDA3,Lake Worth,41324.0,302.0,4.0,25.0,87.0,186.0,1098.0,123.0,858.0,117.0,5.0
FLORIDA3,Leesburg,33435.0,127.0,4.0,14.0,19.0,90.0,728.0,95.0,581.0,52.0,4.0
FLORIDA3,Lighthouse Point,10512.0,5.0,0.0,0.0,1.0,4.0,145.0,2.0,126.0,17.0,0.0
FLORIDA3,Longboat Key,7484.0,0.0,0.0,0.0,0.0,0.0,31.0,4.0,27.0,0.0,0.0
FLORIDA3,Longwood,17298.0,42.0,0.0,3.0,9.0,30.0,236.0,34.0,191.0,11.0,1.0
FLORIDA3,Loxatachee Groves,3484.0,11.0,0.0,3.0,1.0,7.0,48.0,8.0,31.0,9.0,0.0
FLORIDA3,Lynn Haven,21152.0,30.0,1.0,4.0,3.0,22.0,136.0,18.0,112.0,6.0,0.0
FLORIDA3,Madeira Beach,4036.0,13.0,0.0,1.0,0.0,12.0,96.0,19.0,69.0,8.0,0.0
FLORIDA3,Maitland,19136.0,24.0,0.0,4.0,2.0,18.0,259.0,51.0,185.0,23.0,0.0
FLORIDA3,Mangonia Park,2755.0,26.0,0.0,2.0,5.0,19.0,143.0,8.0,123.0,12.0,3.0
FLORIDA3,Marco Island,16362.0,10.0,0.0,5.0,0.0,5.0,67.0,1.0,63.0,3.0,1.0
FLORIDA3,Marianna,7670.0,16.0,0.0,3.0,1.0,12.0,74.0,28.0,46.0,0.0,1.0
FLORIDA3,Miami,460392.0,2179.0,28.0,108.0,439.0,1604.0,13789.0,1355.0,10545.0,1889.0,46.0
FLORIDA3,Miami Gardens,110466.0,458.0,13.0,22.0,81.0,342.0,2684.0,162.0,2126.0,396.0,9.0
FLORIDA3,Miami Lakes,31511.0,32.0,0.0,2.0,5.0,25.0,414.0,19.0,302.0,93.0,0.0
FLORIDA3,Miami Shores,11476.0,29.0,0.0,4.0,9.0,16.0,423.0,29.0,363.0,31.0,1.0
FLORIDA3,Neptune Beach,6914.0,9.0,0.0,0.0,1.0,8.0,81.0,6.0,68.0,7.0,0.0
FLORIDA3,North Miami Beach,42574.0,248.0,4.0,17.0,83.0,144.0,1240.0,155.0,1010.0,75.0,3.0
FLORIDA3,North Palm Beach,13082.0,11.0,0.0,2.0,0.0,9.0,72.0,8.0,57.0,7.0,0.0
FLORIDA3,North Port,93930.0,88.0,0.0,23.0,4.0,61.0,734.0,48.0,670.0,16.0,0.0
FLORIDA3,North Redington Beach,1465.0,1.0,0.0,0.0,0.0,1.0,8.0,4.0,4.0,0.0,0.0
FLORIDA3,Ocala,70046.0,350.0,5.0,34.0,41.0,270.0,2136.0,192.0,1921.0,23.0,3.0
FLORIDA3,Ocean Ridge,1845.0,0.0,0.0,0.0,0.0,0.0,15.0,2.0,11.0,2.0,0.0
FLORIDA3,Oldsmar,14801.0,18.0,1.0,2.0,4.0,11.0,272.0,23.0,237.0,12.0,0.0
FLORIDA3,Oviedo,41656.0,44.0,0.0,7.0,4.0,33.0,243.0,41.0,196.0,6.0,0.0
FLORIDA3,Pahokee,5567.0,63.0,2.0,2.0,2.0,57.0,125.0,10.0,103.0,12.0,3.0
FLORIDA3,Palatka,10816.0,29.0,0.0,1.0,3.0,25.0,404.0,22.0,371.0,11.0,1.0
FLORIDA3,Palm Bay,141137.0,490.0,11.0,67.0,73.0,339.0,1436.0,324.0,1023.0,89.0,3.0
FLORIDA3,Palm Beach,9262.0,16.0,0.0,6.0,0.0,10.0,118.0,26.0,90.0,2.0,0.0
FLORIDA3,Palm Beach Shores,1324.0,1.0,0.0,0.0,0.0,1.0,29.0,3.0,26.0,0.0,0.0
FLORIDA3,Palmetto,13662.0,83.0,1.0,6.0,15.0,61.0,243.0,34.0,187.0,22.0,1.0
FLORIDA3,Palmetto Bay,24245.0,36.0,0.0,4.0,12.0,20.0,489.0,23.0,433.0,33.0,1.0
FLORIDA3,Panama City,36646.0,238.0,3.0,21.0,9.0,205.0,802.0,147.0,616.0,39.0,1.0
FLORIDA3,Parker,4876.0,17.0,0.0,3.0,0.0,14.0,95.0,9.0,83.0,3.0,0.0
FLORIDA3,Pinellas Park,53481.0,125.0,3.0,14.0,22.0,86.0,1180.0,103.0,986.0,91.0,2.0
FLORIDA3,Plantation,98100.0,206.0,7.0,12.0,48.0,139.0,2230.0,93.0,1852.0,285.0,2.0
FLORIDA3,Riviera Beach,39021.0,368.0,7.0,24.0,62.0,275.0,1417.0,262.0,999.0,156.0,8.0
FLORIDA3,Royal Palm Beach,39654.0,63.0,0.0,12.0,8.0,43.0,586.0,21.0,542.0,23.0,0.0
FLORIDA3,Safety Harbor,16924.0,22.0,0.0,5.0,4.0,13.0,117.0,16.0,94.0,7.0,2.0
FLORIDA3,Sanford,66900.0,363.0,4.0,27.0,62.0,270.0,1507.0,175.0,1198.0,134.0,2.0
FLORIDA3,Sarasota,58432.0,321.0,7.0,23.0,50.0,241.0,944.0,144.0,794.0,6.0,0.0
FLORIDA3,Sebastian,27445.0,42.0,1.0,10.0,2.0,29.0,247.0,11.0,221.0,15.0,0.0
FLORIDA3,Seminole,19201.0,37.0,0.0,7.0,3.0,27.0,360.0,32.0,297.0,31.0,0.0
FLORIDA3,South Bay,4891.0,49.0,1.0,6.0,3.0,39.0,105.0,12.0,88.0,5.0,1.0
FLORIDA3,South Miami,12106.0,54.0,2.0,2.0,11.0,39.0,262.0,53.0,202.0,7.0,0.0
FLORIDA3,South Palm Beach,1454.0,1.0,0.0,0.0,1.0,0.0,8.0,4.0,4.0,0.0,0.0
FLORIDA3,South Pasadena,5268.0,8.0,0.0,4.0,0.0,4.0,67.0,6.0,57.0,4.0,0.0
FLORIDA3,Springfield,8330.0,67.0,0.0,12.0,4.0,51.0,181.0,47.0,125.0,9.0,0.0
FLORIDA3,St. Cloud,68966.0,130.0,2.0,13.0,7.0,108.0,523.0,91.0,417.0,15.0,1.0
FLORIDA3,St. Pete Beach,8687.0,27.0,0.0,7.0,4.0,16.0,185.0,27.0,139.0,19.0,0.0
FLORIDA3,St. Petersburg,264999.0,1642.0,18.0,115.0,216.0,1293.0,6516.0,555.0,5379.0,582.0,12.0
FLORIDA3,Stuart,20109.0,62.0,1.0,12.0,6.0,43.0,432.0,21.0,408.0,3.0,1.0
FLORIDA3,Sunny Isles Beach,21762.0,29.0,0.0,4.0,7.0,18.0,260.0,22.0,230.0,8.0,1.0
FLORIDA3,Sweetwater,20733.0,21.0,0.0,0.0,11.0,10.0,429.0,10.0,345.0,74.0,0.0
FLORIDA3,Tampa,408646.0,1817.0,36.0,171.0,241.0,1369.0,5988.0,684.0,4718.0,586.0,27.0
FLORIDA3,Tarpon Springs,26119.0,62.0,1.0,14.0,7.0,40.0,406.0,32.0,348.0,26.0,3.0
FLORIDA3,Tavares,21790.0,14.0,0.0,2.0,1.0,11.0,53.0,11.0,41.0,1.0,0.0
FLORIDA3,Temple Terrace,27062.0,113.0,1.0,8.0,11.0,93.0,447.0,93.0,324.0,30.0,1.0
FLORIDA3,Tequesta,6128.0,7.0,0.0,0.0,0.0,7.0,28.0,1.0,27.0,0.0,0.0
FLORIDA3,Titusville,49970.0,259.0,0.0,20.0,21.0,218.0,640.0,126.0,511.0,3.0,2.0
FLORIDA3,Treasure Island,6504.0,12.0,0.0,5.0,2.0,5.0,119.0,17.0,85.0,17.0,0.0
FLORIDA3,Vero Beach,17622.0,8.0,0.0,2.0,1.0,5.0,48.0,5.0,43.0,0.0,0.0
FLORIDA3,Village of Pinecrest,17963.0,17.0,0.0,0.0,4.0,13.0,314.0,30.0,281.0,3.0,0.0
FLORIDA3,Wauchula,4958.0,14.0,0.0,0.0,2.0,12.0,43.0,18.0,22.0,3.0,0.0
FLORIDA3,Wellington,61652.0,80.0,2.0,16.0,7.0,55.0,490.0,35.0,393.0,62.0,2.0
FLORIDA3,Westlake,6121.0,4.0,0.0,1.0,0.0,3.0,61.0,12.0,47.0,2.0,0.0
FLORIDA3,West Melbourne,30057.0,46.0,0.0,4.0,7.0,35.0,360.0,18.0,335.0,7.0,0.0
FLORIDA3,West Palm Beach,126427.0,728.0,10.0,75.0,201.0,442.0,2703.0,389.0,2278.0,36.0,16.0
FLORIDA3,Winter Haven,59450.0,140.0,4.0,3.0,14.0,119.0,921.0,96.0,760.0,65.0,1.0
FLORIDA3,Winter Park,29853.0,61.0,0.0,8.0,15.0,38.0,590.0,70.0,448.0,72.0,2.0
GEORGIA,Acworth,22364.0,6.0,0.0,3.0,0.0,3.0,269.0,5.0,259.0,5.0,0.0
GEORGIA,Adairsville,5107.0,6.0,0.0,0.0,1.0,5.0,75.0,5.0,63.0,7.0,1.0
GEORGIA,Albany,66169.0,545.0,17.0,39.0,35.0,454.0,1064.0,136.0,818.0,110.0,7.0
GEORGIA,Alma,3488.0,19.0,0.0,4.0,2.0,13.0,155.0,37.0,109.0,9.0,4.0
GEORGIA,Alpharetta,67788.0,169.0,1.0,15.0,8.0,145.0,781.0,51.0,691.0,39.0,1.0
GEORGIA,Alto,1005.0,0.0,0.0,0.0,0.0,0.0,3.0,1.0,2.0,0.0,0.0
GEORGIA,Americus,15541.0,257.0,5.0,10.0,14.0,228.0,611.0,95.0,487.0,29.0,1.0
GEORGIA,Arcade,2008.0,4.0,0.0,1.0,1.0,2.0,28.0,4.0,23.0,1.0,0.0
GEORGIA,Athens-Clarke County,129765.0,527.0,5.0,57.0,53.0,412.0,2954.0,290.0,2445.0,219.0,17.0
GEORGIA,Auburn,10527.0,0.0,0.0,0.0,0.0,0.0,56.0,19.0,33.0,4.0,0.0
GEORGIA,Bainbridge,14402.0,70.0,2.0,12.0,9.0,47.0,453.0,78.0,336.0,39.0,2.0
GEORGIA,Bartow,177.0,0.0,0.0,0.0,0.0,0.0,0.0,0.0,0.0,0.0,0.0
GEORGIA,Baxley,4934.0,10.0,0.0,1.0,2.0,7.0,167.0,39.0,117.0,11.0,2.0
GEORGIA,Blackshear,3694.0,6.0,1.0,2.0,0.0,3.0,37.0,7.0,27.0,3.0,0.0
GEORGIA,Blairsville,850.0,0.0,0.0,0.0,0.0,0.0,15.0,1.0,14.0,0.0,0.0
GEORGIA,Blakely,5178.0,41.0,1.0,2.0,0.0,38.0,108.0,25.0,76.0,7.0,0.0
GEORGIA,Bloomingdale,3219.0,5.0,2.0,2.0,0.0,1.0,35.0,4.0,19.0,12.0,0.0
GEORGIA,Boston,1218.0,1.0,0.0,0.0,0.0,1.0,4.0,0.0,4.0,0.0,1.0
GEORGIA,Bowdon,2229.0,2.0,0.0,0.0,2.0,0.0,22.0,4.0,18.0,0.0,0.0
GEORGIA,Braselton,16240.0,20.0,1.0,2.0,3.0,14.0,108.0,4.0,97.0,7.0,0.0
GEORGIA,Braswell ,370.0,0.0,0.0,0.0,0.0,0.0,0.0,0.0,0.0,0.0,0.0
GEORGIA,Bremen,7879.0,8.0,0.0,4.0,0.0,4.0,145.0,22.0,119.0,4.0,0.0
GEORGIA,Brookhaven,58329.0,177.0,5.0,17.0,64.0,91.0,1307.0,167.0,1015.0,125.0,7.0
GEORGIA,Brooklet,2189.0,0.0,0.0,0.0,0.0,0.0,7.0,2.0,5.0,0.0,0.0
GEORGIA,Broxton,1081.0,2.0,0.0,0.0,1.0,1.0,5.0,2.0,3.0,0.0,0.0
GEORGIA,Buchanan,966.0,0.0,0.0,0.0,0.0,0.0,0.0,0.0,0.0,0.0,0.0
GEORGIA,Byron,6277.0,10.0,0.0,3.0,2.0,5.0,67.0,8.0,53.0,6.0,1.0
GEORGIA,Cairo,9953.0,24.0,2.0,4.0,6.0,12.0,247.0,34.0,201.0,12.0,3.0
GEORGIA,Camilla,5063.0,9.0,0.0,1.0,2.0,6.0,76.0,6.0,65.0,5.0,1.0
GEORGIA,Canon,705.0,0.0,0.0,0.0,0.0,0.0,1.0,0.0,1.0,0.0,0.0
GEORGIA,Canton,38085.0,65.0,0.0,7.0,2.0,56.0,289.0,20.0,261.0,8.0,0.0
GEORGIA,Carrollton,28124.0,44.0,0.0,11.0,7.0,26.0,498.0,36.0,440.0,22.0,0.0
GEORGIA,Cartersville,25543.0,67.0,1.0,14.0,10.0,42.0,431.0,29.0,379.0,23.0,2.0
GEORGIA,Cave Spring,1210.0,4.0,0.0,0.0,0.0,4.0,9.0,0.0,7.0,2.0,0.0
GEORGIA,Cecil,281.0,0.0,0.0,0.0,0.0,0.0,1.0,0.0,1.0,0.0,0.0
GEORGIA,Cedartown,10338.0,38.0,0.0,5.0,1.0,32.0,206.0,20.0,177.0,9.0,1.0
GEORGIA,Chamblee,32423.0,203.0,4.0,13.0,61.0,125.0,1152.0,116.0,899.0,137.0,7.0
GEORGIA,Chatsworth,4882.0,6.0,0.0,0.0,0.0,6.0,26.0,1.0,24.0,1.0,0.0
GEORGIA,Chickamauga,3106.0,0.0,0.0,0.0,0.0,0.0,13.0,3.0,10.0,0.0,0.0
GEORGIA,Claxton,2431.0,8.0,0.0,0.0,3.0,5.0,72.0,4.0,65.0,3.0,0.0
GEORGIA,Clayton,2086.0,7.0,0.0,3.0,0.0,4.0,59.0,10.0,46.0,3.0,1.0
GEORGIA,Cleveland,3546.0,1.0,0.0,0.0,1.0,0.0,63.0,2.0,61.0,0.0,1.0
GEORGIA,Cochran,4664.0,9.0,0.0,0.0,0.0,9.0,105.0,21.0,79.0,5.0,1.0
GEORGIA,College Park,13916.0,193.0,9.0,9.0,33.0,142.0,1022.0,95.0,745.0,182.0,0.0
GEORGIA,Columbus,201061.0,1214.0,26.0,51.0,102.0,1035.0,4495.0,711.0,3289.0,495.0,6.0
GEORGIA,Conyers,20274.0,76.0,0.0,14.0,19.0,43.0,502.0,46.0,405.0,51.0,0.0
GEORGIA,Coolidge,530.0,2.0,0.0,0.0,1.0,1.0,9.0,0.0,9.0,0.0,0.0
GEORGIA,Cordele,9762.0,108.0,1.0,2.0,16.0,89.0,412.0,47.0,321.0,44.0,3.0
GEORGIA,Covington,14825.0,96.0,1.0,7.0,5.0,83.0,566.0,54.0,460.0,52.0,2.0
GEORGIA,Dallas,15276.0,15.0,0.0,0.0,4.0,11.0,89.0,12.0,70.0,7.0,0.0
GEORGIA,Dalton,34537.0,84.0,0.0,18.0,11.0,55.0,657.0,61.0,561.0,35.0,3.0
GEORGIA,Danielsville,850.0,0.0,0.0,0.0,0.0,0.0,6.0,1.0,4.0,1.0,0.0
GEORGIA,Dawson,4140.0,20.0,0.0,0.0,1.0,19.0,42.0,15.0,25.0,2.0,1.0
GEORGIA,Decatur,24112.0,32.0,0.0,3.0,15.0,14.0,547.0,67.0,430.0,50.0,1.0
GEORGIA,Demorest,2054.0,1.0,0.0,1.0,0.0,0.0,5.0,2.0,3.0,0.0,0.0
GEORGIA,Doerun,712.0,2.0,0.0,0.0,1.0,1.0,14.0,4.0,7.0,3.0,0.0
GEORGIA,Donalsonville,2822.0,4.0,0.0,0.0,1.0,3.0,22.0,4.0,17.0,1.0,0.0
GEORGIA,Doraville,10837.0,61.0,0.0,3.0,17.0,41.0,566.0,49.0,451.0,66.0,2.0
GEORGIA,Douglasville,40595.0,216.0,3.0,30.0,27.0,156.0,1882.0,178.0,1644.0,60.0,1.0
GEORGIA,Duluth,32511.0,55.0,0.0,6.0,3.0,46.0,388.0,22.0,347.0,19.0,1.0
GEORGIA,Dunwoody ,51752.0,116.0,1.0,8.0,26.0,81.0,1694.0,108.0,1486.0,100.0,1.0
GEORGIA,East Ellijay,1799.0,5.0,0.0,0.0,0.0,5.0,38.0,1.0,36.0,1.0,0.0
GEORGIA,Eastman,5538.0,17.0,0.0,2.0,7.0,8.0,297.0,27.0,266.0,4.0,1.0
GEORGIA,East Point,38222.0,460.0,30.0,21.0,100.0,309.0,2548.0,266.0,1841.0,441.0,2.0
GEORGIA,Eatonton,6661.0,8.0,0.0,0.0,1.0,7.0,90.0,6.0,84.0,0.0,2.0
GEORGIA,Elberton,4827.0,38.0,0.0,3.0,0.0,35.0,122.0,17.0,96.0,9.0,0.0
GEORGIA,Ellaville,1526.0,3.0,0.0,2.0,1.0,0.0,20.0,7.0,13.0,0.0,0.0
GEORGIA,Ellijay,1978.0,3.0,0.0,0.0,0.0,3.0,26.0,2.0,22.0,2.0,0.0
GEORGIA,Emerson,1431.0,3.0,0.0,0.0,0.0,3.0,13.0,2.0,10.0,1.0,0.0
GEORGIA,Eton,852.0,0.0,0.0,0.0,0.0,0.0,0.0,0.0,0.0,0.0,0.0
GEORGIA,Euharlee,4132.0,7.0,0.0,2.0,0.0,5.0,35.0,2.0,33.0,0.0,0.0
GEORGIA,Fairburn,16784.0,17.0,1.0,0.0,3.0,13.0,175.0,27.0,122.0,26.0,0.0
GEORGIA,Fayetteville,20451.0,32.0,2.0,9.0,2.0,19.0,520.0,24.0,475.0,21.0,1.0
GEORGIA,Fitzgerald,8922.0,35.0,1.0,8.0,2.0,24.0,300.0,20.0,252.0,28.0,1.0
GEORGIA,Flowery Branch,12402.0,9.0,0.0,5.0,0.0,4.0,104.0,8.0,90.0,6.0,0.0
GEORGIA,Folkston,4738.0,3.0,0.0,0.0,0.0,3.0,23.0,1.0,20.0,2.0,0.0
GEORGIA,Forest Park,19232.0,110.0,6.0,4.0,21.0,79.0,551.0,71.0,368.0,112.0,4.0
GEORGIA,Fort Oglethorpe,10679.0,16.0,0.0,1.0,0.0,15.0,318.0,9.0,298.0,11.0,1.0
GEORGIA,Franklin,967.0,1.0,0.0,1.0,0.0,0.0,8.0,1.0,7.0,0.0,0.0
GEORGIA,Franklin Springs,1199.0,0.0,0.0,0.0,0.0,0.0,3.0,0.0,3.0,0.0,0.0
GEORGIA,Gainesville,48944.0,239.0,6.0,38.0,40.0,155.0,1126.0,72.0,976.0,78.0,7.0
GEORGIA,Garden City,10363.0,84.0,0.0,2.0,10.0,72.0,333.0,28.0,237.0,68.0,1.0
GEORGIA,Grantville,3337.0,4.0,0.0,1.0,0.0,3.0,19.0,2.0,14.0,3.0,0.0
GEORGIA,Gray,3534.0,0.0,0.0,0.0,0.0,0.0,18.0,0.0,18.0,0.0,0.0
GEORGIA,Greensboro,3598.0,9.0,0.0,0.0,1.0,8.0,29.0,4.0,19.0,6.0,1.0
GEORGIA,Griffin,24238.0,234.0,3.0,20.0,22.0,189.0,805.0,101.0,629.0,75.0,3.0
GEORGIA,Grovetown,18169.0,10.0,0.0,2.0,0.0,8.0,36.0,5.0,30.0,1.0,1.0
GEORGIA,Hahira,3484.0,14.0,1.0,2.0,1.0,10.0,41.0,4.0,32.0,5.0,0.0
GEORGIA,Hamilton,1790.0,2.0,0.0,0.0,1.0,1.0,2.0,0.0,2.0,0.0,0.0
GEORGIA,Hampton,9440.0,24.0,0.0,3.0,1.0,20.0,32.0,1.0,26.0,5.0,0.0
GEORGIA,Hartwell,4698.0,19.0,1.0,1.0,2.0,15.0,101.0,11.0,83.0,7.0,1.0
GEORGIA,Hazlehurst,4066.0,21.0,1.0,3.0,3.0,14.0,140.0,36.0,99.0,5.0,0.0
GEORGIA,Hephzibah,3811.0,5.0,0.0,1.0,0.0,4.0,73.0,14.0,53.0,6.0,1.0
GEORGIA,Hinesville,36562.0,251.0,1.0,16.0,32.0,202.0,889.0,77.0,765.0,47.0,3.0
GEORGIA,Hiram,5492.0,12.0,0.0,4.0,1.0,7.0,272.0,12.0,246.0,14.0,0.0
GEORGIA,Hogansville,3227.0,7.0,0.0,0.0,0.0,7.0,32.0,5.0,25.0,2.0,0.0
GEORGIA,Holly Springs,20625.0,1.0,0.0,1.0,0.0,0.0,100.0,2.0,96.0,2.0,0.0
GEORGIA,Homerville,2325.0,3.0,1.0,0.0,1.0,1.0,11.0,3.0,8.0,0.0,0.0
GEORGIA,Jasper,5298.0,4.0,0.0,3.0,0.0,1.0,63.0,6.0,55.0,2.0,0.0
GEORGIA,Jefferson,16643.0,6.0,0.0,3.0,0.0,3.0,76.0,6.0,65.0,5.0,1.0
GEORGIA,Johns Creek,81056.0,29.0,0.0,2.0,7.0,20.0,435.0,39.0,371.0,25.0,0.0
GEORGIA,Kennesaw,35138.0,89.0,2.0,6.0,3.0,78.0,297.0,58.0,205.0,34.0,0.0
GEORGIA,Kingsland,21064.0,31.0,1.0,10.0,2.0,18.0,233.0,16.0,194.0,23.0,1.0
GEORGIA,Kingston,968.0,0.0,0.0,0.0,0.0,0.0,1.0,1.0,0.0,0.0,0.0
GEORGIA,LaGrange,32833.0,207.0,1.0,43.0,30.0,133.0,1471.0,152.0,1206.0,113.0,1.0
GEORGIA,Lake City,2876.0,13.0,0.0,1.0,3.0,9.0,80.0,19.0,45.0,16.0,1.0
GEORGIA,Lavonia,2179.0,15.0,0.0,0.0,1.0,14.0,67.0,7.0,56.0,4.0,0.0
GEORGIA,Lawrenceville,31160.0,101.0,3.0,12.0,16.0,70.0,677.0,124.0,512.0,41.0,2.0
GEORGIA,Leary,495.0,0.0,0.0,0.0,0.0,0.0,0.0,0.0,0.0,0.0,0.0
GEORGIA,Leesburg,3575.0,2.0,0.0,0.0,2.0,0.0,14.0,4.0,10.0,0.0,0.0
GEORGIA,Leslie,336.0,0.0,0.0,0.0,0.0,0.0,0.0,0.0,0.0,0.0,0.0
GEORGIA,Lilburn,16426.0,29.0,1.0,1.0,9.0,18.0,374.0,47.0,298.0,29.0,0.0
GEORGIA,Lithonia,2558.0,9.0,0.0,0.0,2.0,7.0,67.0,7.0,44.0,16.0,0.0
GEORGIA,Locust Grove,11978.0,31.0,0.0,16.0,5.0,10.0,355.0,23.0,308.0,24.0,0.0
GEORGIA,Loganville,17366.0,11.0,0.0,3.0,3.0,5.0,153.0,12.0,118.0,23.0,1.0
GEORGIA,Lookout Mountain,1680.0,1.0,0.0,0.0,0.0,1.0,4.0,0.0,3.0,1.0,0.0
GEORGIA,Madison,5154.0,7.0,0.0,0.0,0.0,7.0,113.0,14.0,92.0,7.0,0.0
GEORGIA,Manchester,3511.0,9.0,0.0,0.0,0.0,9.0,151.0,74.0,74.0,3.0,0.0
GEORGIA,Marietta,63354.0,189.0,6.0,17.0,25.0,141.0,1147.0,115.0,897.0,135.0,3.0
GEORGIA,McDonough,33140.0,111.0,1.0,30.0,16.0,64.0,870.0,55.0,708.0,107.0,0.0
GEORGIA,McRae-Helena,4378.0,17.0,0.0,0.0,0.0,17.0,48.0,17.0,30.0,1.0,2.0
GEORGIA,Metter,3977.0,13.0,0.0,2.0,3.0,8.0,91.0,25.0,62.0,4.0,0.0
GEORGIA,Midville,379.0,0.0,0.0,0.0,0.0,0.0,4.0,1.0,2.0,1.0,0.0
GEORGIA,Milledgeville,16302.0,100.0,0.0,10.0,6.0,84.0,534.0,80.0,430.0,24.0,4.0
GEORGIA,Millen,2962.0,16.0,1.0,1.0,1.0,13.0,29.0,4.0,21.0,4.0,0.0
GEORGIA,Milner,828.0,0.0,0.0,0.0,0.0,0.0,0.0,0.0,0.0,0.0,0.0
GEORGIA,Milton,41603.0,39.0,0.0,5.0,5.0,29.0,187.0,16.0,164.0,7.0,2.0
GEORGIA,Monroe,16241.0,52.0,3.0,3.0,8.0,38.0,265.0,22.0,234.0,9.0,0.0
GEORGIA,Morrow,6307.0,35.0,0.0,3.0,9.0,23.0,409.0,39.0,313.0,57.0,0.0
GEORGIA,Moultrie,14546.0,169.0,2.0,8.0,18.0,141.0,714.0,93.0,579.0,42.0,2.0
GEORGIA,Mount Zion,2110.0,0.0,0.0,0.0,0.0,0.0,8.0,1.0,6.0,1.0,0.0
GEORGIA,Nashville,4949.0,21.0,0.0,3.0,2.0,16.0,116.0,26.0,81.0,9.0,3.0
GEORGIA,Newington,297.0,2.0,0.0,0.0,0.0,2.0,7.0,1.0,6.0,0.0,0.0
GEORGIA,Newnan,45655.0,252.0,3.0,28.0,17.0,204.0,796.0,64.0,695.0,37.0,0.0
GEORGIA,Norcross,18213.0,51.0,2.0,9.0,14.0,26.0,455.0,61.0,355.0,39.0,4.0
GEORGIA,Oakwood,7029.0,12.0,1.0,4.0,1.0,6.0,137.0,11.0,110.0,16.0,1.0
GEORGIA,Ocilla,2791.0,8.0,1.0,0.0,2.0,5.0,63.0,9.0,48.0,6.0,2.0
GEORGIA,Omega,1320.0,3.0,0.0,1.0,0.0,2.0,6.0,0.0,6.0,0.0,0.0
GEORGIA,Oxford,2291.0,0.0,0.0,0.0,0.0,0.0,10.0,1.0,9.0,0.0,1.0
GEORGIA,Palmetto,5024.0,3.0,0.0,2.0,0.0,1.0,23.0,2.0,19.0,2.0,0.0
GEORGIA,Peachtree City,40820.0,9.0,0.0,1.0,2.0,6.0,333.0,23.0,300.0,10.0,1.0
GEORGIA,Pelham,3413.0,20.0,0.0,1.0,1.0,18.0,93.0,8.0,80.0,5.0,1.0
GEORGIA,Pendergrass ,1839.0,4.0,0.0,0.0,0.0,4.0,5.0,1.0,3.0,1.0,0.0
GEORGIA,Perry,25159.0,39.0,0.0,4.0,2.0,33.0,438.0,25.0,390.0,23.0,3.0
GEORGIA,Pine Mountain,1301.0,5.0,0.0,1.0,0.0,4.0,12.0,0.0,11.0,1.0,0.0
GEORGIA,Pooler,30962.0,33.0,0.0,2.0,4.0,27.0,523.0,35.0,453.0,35.0,1.0
GEORGIA,Porterdale,1912.0,4.0,1.0,1.0,1.0,1.0,24.0,2.0,18.0,4.0,0.0
GEORGIA,Port Wentworth,15911.0,27.0,1.0,4.0,6.0,16.0,205.0,18.0,138.0,49.0,0.0
GEORGIA,Richmond Hill,19051.0,22.0,0.0,4.0,4.0,14.0,213.0,21.0,163.0,29.0,1.0
GEORGIA,Rincon,11833.0,10.0,0.0,4.0,0.0,6.0,63.0,5.0,54.0,4.0,0.0
GEORGIA,Ringgold,3444.0,7.0,0.0,1.0,1.0,5.0,83.0,2.0,72.0,9.0,0.0
GEORGIA,Rockmart,5274.0,16.0,0.0,2.0,0.0,14.0,115.0,14.0,95.0,6.0,1.0
GEORGIA,Rome,38257.0,299.0,3.0,31.0,31.0,234.0,1222.0,119.0,999.0,104.0,10.0
GEORGIA,Roswell,91789.0,147.0,2.0,18.0,23.0,104.0,937.0,95.0,784.0,58.0,9.0
GEORGIA,Sandy Springs,105580.0,147.0,1.0,24.0,16.0,106.0,1542.0,209.0,1182.0,151.0,1.0
GEORGIA,Savannah,241780.0,49.0,23.0,25.0,0.0,1.0,0.0,0.0,0.0,0.0,0.0
GEORGIA,Senoia,6263.0,1.0,0.0,0.0,0.0,1.0,13.0,0.0,12.0,1.0,0.0
GEORGIA,Shiloh,429.0,0.0,0.0,0.0,0.0,0.0,31.0,30.0,0.0,1.0,0.0
GEORGIA,Smyrna,56700.0,129.0,2.0,14.0,15.0,98.0,744.0,143.0,501.0,100.0,1.0
GEORGIA,Snellville,22586.0,42.0,1.0,5.0,8.0,28.0,468.0,20.0,411.0,37.0,3.0
GEORGIA,Soperton,2906.0,17.0,0.0,0.0,4.0,13.0,33.0,3.0,29.0,1.0,0.0
GEORGIA,South Fulton,112441.0,529.0,25.0,22.0,71.0,411.0,2145.0,245.0,1426.0,474.0,16.0
GEORGIA,Springfield,3507.0,6.0,0.0,1.0,1.0,4.0,23.0,2.0,17.0,4.0,0.0
GEORGIA,Stapleton,399.0,0.0,0.0,0.0,0.0,0.0,0.0,0.0,0.0,0.0,0.0
GEORGIA,Statesboro,34788.0,129.0,3.0,9.0,19.0,98.0,779.0,52.0,669.0,58.0,1.0
GEORGIA,Statham,3192.0,3.0,0.0,1.0,1.0,1.0,15.0,3.0,11.0,1.0,1.0
GEORGIA,St. Marys,19882.0,58.0,1.0,14.0,3.0,40.0,226.0,19.0,186.0,21.0,2.0
GEORGIA,Stockbridge,35352.0,136.0,0.0,22.0,14.0,100.0,776.0,76.0,592.0,108.0,2.0
GEORGIA,Stone Mountain,6505.0,35.0,0.0,1.0,1.0,33.0,122.0,18.0,68.0,36.0,0.0
GEORGIA,Summerville,4426.0,13.0,0.0,0.0,1.0,12.0,67.0,13.0,50.0,4.0,1.0
GEORGIA,Suwanee,23585.0,30.0,1.0,6.0,5.0,18.0,733.0,19.0,703.0,11.0,1.0
GEORGIA,Sylvania,2628.0,1.0,0.0,0.0,0.0,1.0,11.0,2.0,9.0,0.0,0.0
GEORGIA,Sylvester,5379.0,11.0,1.0,3.0,2.0,5.0,70.0,6.0,63.0,1.0,0.0
GEORGIA,Temple,6836.0,4.0,0.0,2.0,0.0,2.0,67.0,14.0,43.0,10.0,0.0
GEORGIA,Thomaston,9893.0,30.0,2.0,8.0,3.0,17.0,241.0,20.0,208.0,13.0,2.0
GEORGIA,Thomasville,18457.0,122.0,1.0,21.0,13.0,87.0,606.0,84.0,467.0,55.0,1.0
GEORGIA,Thunderbolt,2535.0,0.0,0.0,0.0,0.0,0.0,13.0,0.0,9.0,4.0,0.0
GEORGIA,Toccoa,9348.0,21.0,2.0,3.0,0.0,16.0,258.0,24.0,216.0,18.0,1.0
GEORGIA,Tyrone,8025.0,4.0,0.0,0.0,1.0,3.0,37.0,4.0,30.0,3.0,0.0
GEORGIA,Valdosta,54896.0,305.0,4.0,27.0,63.0,211.0,2239.0,250.0,1855.0,134.0,3.0
GEORGIA,Vidalia,10724.0,77.0,4.0,8.0,10.0,55.0,501.0,67.0,406.0,28.0,2.0
GEORGIA,Wadley,1547.0,9.0,0.0,1.0,0.0,8.0,34.0,3.0,30.0,1.0,0.0
GEORGIA,Warner Robins,85900.0,572.0,7.0,28.0,65.0,472.0,2560.0,309.0,2043.0,208.0,12.0
GEORGIA,Warwick,489.0,0.0,0.0,0.0,0.0,0.0,2.0,0.0,2.0,0.0,0.0
GEORGIA,Waycross,13644.0,141.0,1.0,15.0,16.0,109.0,686.0,77.0,568.0,41.0,2.0
GEORGIA,Winder,20117.0,40.0,0.0,2.0,6.0,32.0,236.0,10.0,206.0,20.0,1.0
GEORGIA,Woodstock,39613.0,22.0,1.0,3.0,2.0,16.0,406.0,10.0,377.0,19.0,1.0
HAWAII,Honolulu,992973.0,1839.0,15.0,294.0,511.0,1019.0,17770.0,1503.0,12622.0,3645.0,183.0
IDAHO,American Falls,4857.0,13.0,0.0,2.0,0.0,11.0,14.0,4.0,9.0,1.0,0.0
IDAHO,Bellevue,2579.0,5.0,0.0,2.0,0.0,3.0,12.0,5.0,3.0,4.0,0.0
IDAHO,Blackfoot,13196.0,38.0,0.0,2.0,1.0,35.0,120.0,32.0,79.0,9.0,1.0
IDAHO,Boise,235223.0,691.0,3.0,167.0,37.0,484.0,2611.0,252.0,2053.0,306.0,28.0
IDAHO,Bonners Ferry,2754.0,5.0,0.0,1.0,0.0,4.0,27.0,6.0,21.0,0.0,0.0
IDAHO,Buhl,4765.0,4.0,0.0,0.0,0.0,4.0,16.0,4.0,11.0,1.0,1.0
IDAHO,Caldwell,71115.0,322.0,1.0,61.0,4.0,256.0,695.0,105.0,524.0,66.0,4.0
IDAHO,Challis,934.0,8.0,0.0,1.0,0.0,7.0,9.0,3.0,6.0,0.0,0.0
IDAHO,Chubbuck,16600.0,44.0,0.0,4.0,0.0,40.0,446.0,41.0,391.0,14.0,0.0
IDAHO,Coeur d'Alene,57561.0,139.0,0.0,53.0,7.0,79.0,550.0,57.0,465.0,28.0,5.0
IDAHO,Emmett,8766.0,30.0,0.0,2.0,0.0,28.0,36.0,13.0,22.0,1.0,0.0
IDAHO,Fruitland,7157.0,7.0,0.0,0.0,1.0,6.0,39.0,13.0,24.0,2.0,0.0
IDAHO,Garden City,12956.0,85.0,0.0,11.0,1.0,73.0,186.0,21.0,148.0,17.0,2.0
IDAHO,Gooding,3831.0,15.0,0.0,0.0,0.0,15.0,37.0,11.0,22.0,4.0,1.0
IDAHO,Grangeville,3719.0,3.0,0.0,0.0,0.0,3.0,10.0,2.0,8.0,0.0,0.0
IDAHO,Hagerman,994.0,2.0,0.0,0.0,0.0,2.0,2.0,0.0,2.0,0.0,0.0
IDAHO,Hailey,10039.0,18.0,0.0,3.0,0.0,15.0,48.0,15.0,31.0,2.0,2.0
IDAHO,Heyburn,3734.0,13.0,0.0,2.0,0.0,11.0,23.0,2.0,18.0,3.0,0.0
IDAHO,Idaho Falls,68716.0,245.0,3.0,49.0,7.0,186.0,831.0,212.0,532.0,87.0,4.0
IDAHO,Jerome,13399.0,15.0,1.0,3.0,0.0,11.0,93.0,10.0,61.0,22.0,0.0
IDAHO,Kellogg,2495.0,7.0,0.0,1.0,0.0,6.0,13.0,3.0,9.0,1.0,0.0
IDAHO,Ketchum,3628.0,4.0,0.0,0.0,0.0,4.0,31.0,3.0,28.0,0.0,0.0
IDAHO,Kimberly,5618.0,3.0,0.0,3.0,0.0,0.0,20.0,3.0,12.0,5.0,0.0
IDAHO,Lewiston,35036.0,67.0,0.0,23.0,4.0,40.0,460.0,102.0,311.0,47.0,2.0
IDAHO,McCall,4188.0,13.0,0.0,0.0,0.0,13.0,52.0,15.0,36.0,1.0,2.0
IDAHO,Meridian,140353.0,206.0,1.0,42.0,15.0,148.0,802.0,73.0,677.0,52.0,6.0
IDAHO,Middleton,11550.0,15.0,0.0,4.0,0.0,11.0,69.0,11.0,50.0,8.0,0.0
IDAHO,Montpelier,2742.0,0.0,0.0,0.0,0.0,0.0,21.0,2.0,19.0,0.0,1.0
IDAHO,Moscow,26684.0,5.0,0.0,0.0,0.0,5.0,271.0,29.0,236.0,6.0,0.0
IDAHO,Mountain Home,16927.0,34.0,1.0,8.0,2.0,23.0,89.0,12.0,74.0,3.0,0.0
IDAHO,Nampa,118950.0,420.0,3.0,92.0,18.0,307.0,883.0,180.0,605.0,98.0,7.0
IDAHO,Osburn,1688.0,4.0,0.0,0.0,0.0,4.0,11.0,1.0,8.0,2.0,0.0
IDAHO,Parma,2168.0,6.0,0.0,1.0,1.0,4.0,9.0,1.0,7.0,1.0,0.0
IDAHO,Payette,8790.0,26.0,0.0,2.0,0.0,24.0,87.0,13.0,68.0,6.0,3.0
IDAHO,Plummer,1147.0,1.0,0.0,1.0,0.0,0.0,15.0,3.0,10.0,2.0,0.0
IDAHO,Pocatello,58618.0,200.0,0.0,23.0,9.0,168.0,930.0,149.0,697.0,84.0,5.0
IDAHO,Ponderay,2242.0,1.0,0.0,1.0,0.0,0.0,10.0,0.0,10.0,0.0,0.0
IDAHO,Post Falls,46835.0,71.0,1.0,4.0,5.0,61.0,301.0,41.0,238.0,22.0,1.0
IDAHO,Preston,6282.0,4.0,0.0,0.0,1.0,3.0,24.0,2.0,22.0,0.0,1.0
IDAHO,Priest River,1852.0,2.0,0.0,1.0,0.0,1.0,7.0,0.0,4.0,3.0,0.0
IDAHO,Rathdrum,12467.0,8.0,0.0,1.0,0.0,7.0,106.0,17.0,84.0,5.0,0.0
IDAHO,Rexburg,40164.0,28.0,1.0,9.0,0.0,18.0,210.0,16.0,186.0,8.0,4.0
IDAHO,Rigby,5756.0,10.0,0.0,0.0,0.0,10.0,68.0,12.0,54.0,2.0,1.0
IDAHO,Rupert,6399.0,41.0,0.0,5.0,0.0,36.0,48.0,5.0,39.0,4.0,0.0
IDAHO,Salmon,3357.0,4.0,0.0,0.0,0.0,4.0,6.0,0.0,5.0,1.0,0.0
IDAHO,Sandpoint,10498.0,9.0,0.0,1.0,0.0,8.0,105.0,17.0,80.0,8.0,1.0
IDAHO,Shelley,5305.0,11.0,0.0,4.0,0.0,7.0,47.0,16.0,31.0,0.0,0.0
IDAHO,Soda Springs,3188.0,1.0,0.0,0.0,0.0,1.0,10.0,3.0,7.0,0.0,0.0
IDAHO,Spirit Lake,2525.0,6.0,0.0,1.0,0.0,5.0,18.0,1.0,17.0,0.0,0.0
IDAHO,St. Anthony,4137.0,7.0,0.0,0.0,0.0,7.0,19.0,2.0,13.0,4.0,1.0
IDAHO,St. Maries,2511.0,7.0,0.0,0.0,0.0,7.0,9.0,0.0,9.0,0.0,0.0
IDAHO,Sun Valley,1764.0,1.0,0.0,1.0,0.0,0.0,8.0,0.0,8.0,0.0,0.0
IDAHO,Twin Falls,55932.0,233.0,3.0,51.0,5.0,174.0,630.0,54.0,530.0,46.0,3.0
IDAHO,Weiser,6194.0,8.0,0.0,0.0,0.0,8.0,3.0,1.0,2.0,0.0,0.0
IDAHO,Wendell,3039.0,7.0,0.0,1.0,0.0,6.0,15.0,1.0,11.0,3.0,0.0
ILLINOIS,Addison,35011.0,49.0,0.0,17.0,8.0,24.0,313.0,78.0,189.0,46.0,1.0
ILLINOIS,Albers,1111.0,0.0,0.0,0.0,0.0,0.0,0.0,0.0,0.0,0.0,0.0
ILLINOIS,Albion,1845.0,1.0,0.0,1.0,0.0,0.0,6.0,1.0,5.0,0.0,0.0
ILLINOIS,Aledo,3553.0,4.0,0.0,2.0,1.0,1.0,15.0,3.0,12.0,0.0,0.0
ILLINOIS,Algonquin,30289.0,18.0,0.0,9.0,0.0,9.0,357.0,35.0,312.0,10.0,2.0
ILLINOIS,Alsip,17941.0,52.0,0.0,23.0,20.0,9.0,548.0,141.0,299.0,108.0,5.0
ILLINOIS,Altamont,2178.0,3.0,0.0,2.0,0.0,1.0,25.0,3.0,22.0,0.0,1.0
ILLINOIS,Alton,24809.0,239.0,3.0,34.0,29.0,173.0,662.0,234.0,369.0,59.0,6.0
ILLINOIS,Amboy,2223.0,2.0,0.0,0.0,0.0,2.0,2.0,2.0,0.0,0.0,0.0
ILLINOIS,Anna,4088.0,18.0,0.0,1.0,0.0,17.0,115.0,9.0,99.0,7.0,1.0
ILLINOIS,Annawan,861.0,0.0,0.0,0.0,0.0,0.0,3.0,3.0,0.0,0.0,0.0
ILLINOIS,Antioch,14907.0,6.0,0.0,2.0,1.0,3.0,79.0,6.0,65.0,8.0,0.0
ILLINOIS,Arcola,2877.0,10.0,1.0,2.0,0.0,7.0,15.0,7.0,8.0,0.0,0.0
ILLINOIS,Arlington Heights,73545.0,37.0,0.0,10.0,8.0,19.0,647.0,118.0,473.0,56.0,11.0
ILLINOIS,Arthur,2259.0,11.0,0.0,2.0,0.0,9.0,10.0,5.0,5.0,0.0,0.0
ILLINOIS,Ashland,1164.0,0.0,0.0,0.0,0.0,0.0,0.0,0.0,0.0,0.0,0.0
ILLINOIS,Assumption,1103.0,0.0,0.0,0.0,0.0,0.0,0.0,0.0,0.0,0.0,0.0
ILLINOIS,Athens,1886.0,7.0,0.0,2.0,0.0,5.0,6.0,2.0,4.0,0.0,0.0
ILLINOIS,Atkinson,932.0,2.0,0.0,0.0,0.0,2.0,11.0,5.0,5.0,1.0,0.0
ILLINOIS,Atwood,1094.0,4.0,0.0,1.0,0.0,3.0,11.0,10.0,1.0,0.0,0.0
ILLINOIS,Auburn,4411.0,10.0,0.0,1.0,1.0,8.0,22.0,11.0,11.0,0.0,0.0
ILLINOIS,Aurora,176688.0,470.0,1.0,100.0,64.0,305.0,2212.0,448.0,1306.0,458.0,7.0
ILLINOIS,Aviston,2446.0,1.0,0.0,0.0,0.0,1.0,1.0,0.0,1.0,0.0,0.0
ILLINOIS,Bannockburn,1003.0,0.0,0.0,0.0,0.0,0.0,9.0,1.0,8.0,0.0,0.0
ILLINOIS,Barrington,10402.0,11.0,1.0,4.0,2.0,4.0,85.0,20.0,54.0,11.0,3.0
ILLINOIS,Barrington Hills,3993.0,2.0,0.0,0.0,1.0,1.0,13.0,3.0,9.0,1.0,0.0
ILLINOIS,Bartlett,39656.0,11.0,0.0,5.0,0.0,6.0,155.0,41.0,105.0,9.0,0.0
ILLINOIS,Bartonville,5730.0,22.0,0.0,6.0,2.0,14.0,116.0,31.0,77.0,8.0,1.0
ILLINOIS,Batavia,26208.0,24.0,0.0,7.0,2.0,15.0,197.0,51.0,139.0,7.0,0.0
ILLINOIS,Bedford Park,578.0,12.0,0.0,4.0,3.0,5.0,396.0,11.0,340.0,45.0,0.0
ILLINOIS,Beecher,4681.0,2.0,0.0,2.0,0.0,0.0,18.0,3.0,12.0,3.0,0.0
ILLINOIS,Belleville,40225.0,214.0,6.0,31.0,15.0,162.0,729.0,234.0,363.0,132.0,9.0
ILLINOIS,Bellwood,17623.0,54.0,2.0,4.0,18.0,30.0,211.0,50.0,112.0,49.0,1.0
ILLINOIS,Belvidere,25302.0,38.0,0.0,7.0,4.0,27.0,111.0,28.0,70.0,13.0,1.0
ILLINOIS,Bensenville,18220.0,23.0,0.0,9.0,4.0,10.0,212.0,61.0,110.0,41.0,0.0
ILLINOIS,Berkeley,5015.0,4.0,0.0,1.0,0.0,3.0,31.0,11.0,17.0,3.0,1.0
ILLINOIS,Berwyn,53581.0,64.0,0.0,8.0,31.0,25.0,607.0,70.0,430.0,107.0,4.0
ILLINOIS,Bethalto,9125.0,8.0,0.0,1.0,1.0,6.0,72.0,18.0,49.0,5.0,0.0
ILLINOIS,Bloomingdale,22280.0,16.0,0.0,7.0,0.0,9.0,309.0,55.0,250.0,4.0,2.0
ILLINOIS,Blue Island,21179.0,92.0,3.0,11.0,23.0,55.0,569.0,136.0,260.0,173.0,1.0
ILLINOIS,Blue Mound,1076.0,0.0,0.0,0.0,0.0,0.0,0.0,0.0,0.0,0.0,0.0
ILLINOIS,Bluffs,583.0,0.0,0.0,0.0,0.0,0.0,0.0,0.0,0.0,0.0,0.0
ILLINOIS,Bolingbrook,74177.0,135.0,1.0,33.0,13.0,88.0,578.0,179.0,324.0,75.0,6.0
ILLINOIS,Bourbonnais,18021.0,23.0,0.0,4.0,2.0,17.0,125.0,46.0,79.0,0.0,0.0
ILLINOIS,Bradley,15224.0,41.0,2.0,7.0,3.0,29.0,356.0,81.0,275.0,0.0,0.0
ILLINOIS,Braidwood,6168.0,4.0,0.0,1.0,0.0,3.0,24.0,5.0,17.0,2.0,0.0
ILLINOIS,Breese,4579.0,2.0,0.0,1.0,0.0,1.0,7.0,4.0,3.0,0.0,0.0
ILLINOIS,Bridgeport,1673.0,3.0,0.0,1.0,0.0,2.0,13.0,3.0,8.0,2.0,0.0
ILLINOIS,Brookfield,18330.0,17.0,0.0,4.0,5.0,8.0,118.0,37.0,62.0,19.0,0.0
ILLINOIS,Buffalo Grove,42283.0,9.0,0.0,2.0,2.0,5.0,303.0,49.0,232.0,22.0,6.0
ILLINOIS,Bull Valley,1111.0,0.0,0.0,0.0,0.0,0.0,0.0,0.0,0.0,0.0,0.0
ILLINOIS,Burbank,27784.0,55.0,0.0,15.0,17.0,23.0,546.0,106.0,359.0,81.0,1.0
ILLINOIS,Burr Ridge,10971.0,3.0,0.0,1.0,0.0,2.0,95.0,25.0,67.0,3.0,1.0
ILLINOIS,Byron,3768.0,4.0,0.0,1.0,0.0,3.0,10.0,0.0,9.0,1.0,0.0
ILLINOIS,Calumet Park,6586.0,65.0,0.0,11.0,23.0,31.0,232.0,22.0,138.0,72.0,1.0
ILLINOIS,Cambridge,2034.0,0.0,0.0,0.0,0.0,0.0,5.0,3.0,2.0,0.0,0.0
ILLINOIS,Campton Hills,10768.0,1.0,0.0,1.0,0.0,0.0,5.0,2.0,3.0,0.0,0.0
ILLINOIS,Carbondale,21494.0,216.0,2.0,51.0,24.0,139.0,792.0,235.0,482.0,75.0,12.0
ILLINOIS,Carlinville,5480.0,24.0,0.0,3.0,1.0,20.0,157.0,24.0,117.0,16.0,2.0
ILLINOIS,Carlyle,3180.0,4.0,0.0,1.0,0.0,3.0,31.0,12.0,18.0,1.0,0.0
ILLINOIS,Carmi,4639.0,20.0,0.0,7.0,0.0,13.0,53.0,9.0,40.0,4.0,1.0
ILLINOIS,Carol Stream,38703.0,27.0,1.0,12.0,3.0,11.0,275.0,38.0,207.0,30.0,1.0
ILLINOIS,Carpentersville,36833.0,41.0,0.0,14.0,3.0,24.0,287.0,76.0,199.0,12.0,1.0
ILLINOIS,Carrier Mills,1585.0,2.0,0.0,0.0,0.0,2.0,22.0,7.0,10.0,5.0,0.0
ILLINOIS,Cary,18035.0,2.0,0.0,2.0,0.0,0.0,86.0,18.0,63.0,5.0,0.0
ILLINOIS,Casey,2332.0,5.0,0.0,2.0,0.0,3.0,30.0,8.0,21.0,1.0,0.0
ILLINOIS,Caseyville,4348.0,10.0,0.0,4.0,3.0,3.0,50.0,8.0,35.0,7.0,0.0
ILLINOIS,Catlin,1905.0,1.0,0.0,0.0,0.0,1.0,3.0,0.0,3.0,0.0,0.0
ILLINOIS,Centralia,11748.0,78.0,0.0,7.0,5.0,66.0,303.0,97.0,173.0,33.0,3.0
ILLINOIS,Champaign,89466.0,449.0,5.0,61.0,82.0,301.0,2039.0,514.0,1317.0,208.0,7.0
ILLINOIS,Channahon,14366.0,11.0,0.0,2.0,0.0,9.0,71.0,18.0,43.0,10.0,1.0
ILLINOIS,Charleston,16957.0,61.0,0.0,21.0,1.0,39.0,304.0,103.0,189.0,12.0,0.0
ILLINOIS,Chatham,14562.0,15.0,0.0,3.0,0.0,12.0,72.0,13.0,57.0,2.0,0.0
ILLINOIS,Chenoa,1683.0,1.0,0.0,0.0,0.0,1.0,9.0,3.0,5.0,1.0,0.0
ILLINOIS,Cherry,426.0,0.0,0.0,0.0,0.0,0.0,1.0,1.0,0.0,0.0,0.0
ILLINOIS,Cherry Valley,2853.0,11.0,0.0,3.0,1.0,7.0,132.0,18.0,108.0,6.0,0.0
ILLINOIS,Chester,6706.0,3.0,0.0,1.0,0.0,2.0,18.0,5.0,12.0,1.0,0.0
ILLINOIS,Chicago,2638698.0,14245.0,461.0,1551.0,8847.0,3386.0,91626.0,7778.0,61185.0,22663.0,462.0
ILLINOIS,Chicago Heights,25802.0,318.0,5.0,12.0,68.0,233.0,705.0,174.0,378.0,153.0,2.0
ILLINOIS,Chicago Ridge,13658.0,39.0,0.0,11.0,6.0,22.0,245.0,27.0,183.0,35.0,3.0
ILLINOIS,Chillicothe,5934.0,9.0,0.0,3.0,0.0,6.0,56.0,9.0,44.0,3.0,1.0
ILLINOIS,Christopher,2622.0,3.0,0.0,0.0,0.0,3.0,86.0,29.0,50.0,7.0,0.0
ILLINOIS,Cicero,79748.0,277.0,4.0,12.0,97.0,164.0,984.0,335.0,344.0,305.0,9.0
ILLINOIS,Clarendon Hills,8520.0,0.0,0.0,0.0,0.0,0.0,37.0,7.0,26.0,4.0,0.0
ILLINOIS,Clinton,6876.0,18.0,0.0,7.0,1.0,10.0,128.0,11.0,107.0,10.0,1.0
ILLINOIS,Coal City,5813.0,6.0,0.0,3.0,0.0,3.0,21.0,1.0,16.0,4.0,0.0
ILLINOIS,Coal Valley,3800.0,1.0,0.0,1.0,0.0,0.0,30.0,15.0,8.0,7.0,0.0
ILLINOIS,Colfax,975.0,0.0,0.0,0.0,0.0,0.0,0.0,0.0,0.0,0.0,0.0
ILLINOIS,Collinsville,23599.0,46.0,0.0,15.0,3.0,28.0,415.0,130.0,243.0,42.0,2.0
ILLINOIS,Colona,4958.0,3.0,0.0,1.0,0.0,2.0,42.0,14.0,27.0,1.0,2.0
ILLINOIS,Cortland,4519.0,2.0,0.0,2.0,0.0,0.0,21.0,1.0,15.0,5.0,0.0
ILLINOIS,Coulterville,825.0,0.0,0.0,0.0,0.0,0.0,3.0,0.0,3.0,0.0,0.0
ILLINOIS,Country Club Hills,15787.0,52.0,3.0,2.0,10.0,37.0,402.0,104.0,243.0,55.0,0.0
ILLINOIS,Countryside,6064.0,9.0,0.0,5.0,1.0,3.0,149.0,24.0,113.0,12.0,0.0
ILLINOIS,Cowden,497.0,0.0,0.0,0.0,0.0,0.0,0.0,0.0,0.0,0.0,0.0
ILLINOIS,Crest Hill,20020.0,36.0,1.0,6.0,4.0,25.0,182.0,52.0,113.0,17.0,3.0
ILLINOIS,Crestwood,10258.0,14.0,0.0,0.0,4.0,10.0,221.0,23.0,175.0,23.0,0.0
ILLINOIS,Crete,8277.0,14.0,0.0,1.0,4.0,9.0,75.0,19.0,50.0,6.0,0.0
ILLINOIS,Crystal Lake,41074.0,43.0,0.0,20.0,2.0,21.0,453.0,42.0,381.0,30.0,3.0
ILLINOIS,Danvers,1063.0,0.0,0.0,0.0,0.0,0.0,0.0,0.0,0.0,0.0,0.0
ILLINOIS,Danville,27905.0,470.0,1.0,49.0,23.0,397.0,1584.0,422.0,1073.0,89.0,12.0
ILLINOIS,Darien,21599.0,9.0,0.0,2.0,1.0,6.0,198.0,46.0,138.0,14.0,2.0
ILLINOIS,Decatur,67934.0,409.0,5.0,31.0,64.0,309.0,1948.0,630.0,1041.0,277.0,33.0
ILLINOIS,Deerfield,18795.0,5.0,0.0,4.0,0.0,1.0,190.0,92.0,81.0,17.0,0.0
ILLINOIS,DeKalb,40208.0,158.0,0.0,61.0,14.0,83.0,1011.0,136.0,854.0,21.0,1.0
ILLINOIS,Des Plaines,57218.0,69.0,0.0,11.0,14.0,44.0,652.0,239.0,344.0,69.0,2.0
ILLINOIS,Diamond,2701.0,0.0,0.0,0.0,0.0,0.0,1.0,0.0,1.0,0.0,0.0
ILLINOIS,Divernon,1105.0,0.0,0.0,0.0,0.0,0.0,7.0,1.0,6.0,0.0,2.0
ILLINOIS,Dixon,15043.0,29.0,0.0,2.0,3.0,24.0,69.0,4.0,64.0,1.0,0.0
ILLINOIS,Downers Grove,49567.0,56.0,1.0,18.0,4.0,33.0,432.0,67.0,321.0,44.0,8.0
ILLINOIS,Dupo,3771.0,6.0,0.0,0.0,1.0,5.0,50.0,11.0,34.0,5.0,0.0
ILLINOIS,Du Quoin,5653.0,7.0,0.0,0.0,0.0,7.0,22.0,4.0,15.0,3.0,1.0
ILLINOIS,Durand,1365.0,0.0,0.0,0.0,0.0,0.0,0.0,0.0,0.0,0.0,0.0
ILLINOIS,Dwight,4036.0,2.0,0.0,0.0,0.0,2.0,28.0,4.0,22.0,2.0,0.0
ILLINOIS,East Alton,5596.0,25.0,0.0,3.0,1.0,21.0,90.0,17.0,67.0,6.0,2.0
ILLINOIS,East Dundee,3095.0,6.0,0.0,0.0,0.0,6.0,72.0,13.0,44.0,15.0,0.0
ILLINOIS,East Hazel Crest,1214.0,1.0,0.0,1.0,0.0,0.0,30.0,3.0,19.0,8.0,0.0
ILLINOIS,East Moline,20637.0,65.0,1.0,12.0,8.0,44.0,486.0,141.0,280.0,65.0,1.0
ILLINOIS,East Peoria,21873.0,58.0,1.0,13.0,3.0,41.0,517.0,105.0,391.0,21.0,0.0
ILLINOIS,Edwardsville,26663.0,8.0,0.0,0.0,0.0,8.0,182.0,47.0,124.0,11.0,1.0
ILLINOIS,Effingham,12246.0,27.0,0.0,8.0,2.0,17.0,242.0,65.0,164.0,13.0,4.0
ILLINOIS,Elburn,6680.0,3.0,0.0,2.0,1.0,0.0,36.0,4.0,32.0,0.0,0.0
ILLINOIS,Eldorado,3565.0,21.0,0.0,1.0,1.0,19.0,40.0,23.0,12.0,5.0,1.0
ILLINOIS,Elgin,112879.0,301.0,5.0,73.0,35.0,188.0,1244.0,239.0,908.0,97.0,4.0
ILLINOIS,Elizabeth,692.0,1.0,0.0,1.0,0.0,0.0,3.0,3.0,0.0,0.0,0.0
ILLINOIS,Elk Grove Village,30912.0,37.0,0.0,17.0,8.0,12.0,524.0,95.0,340.0,89.0,0.0
ILLINOIS,Ellis Grove,325.0,0.0,0.0,0.0,0.0,0.0,0.0,0.0,0.0,0.0,0.0
ILLINOIS,Elmhurst,45206.0,27.0,0.0,6.0,8.0,13.0,372.0,67.0,289.0,16.0,0.0
ILLINOIS,Elmwood Park,23028.0,39.0,0.0,6.0,7.0,26.0,255.0,42.0,169.0,44.0,1.0
ILLINOIS,Elwood,2191.0,3.0,0.0,1.0,0.0,2.0,17.0,3.0,14.0,0.0,0.0
ILLINOIS,Evanston,74178.0,105.0,0.0,23.0,41.0,41.0,2034.0,335.0,1524.0,175.0,6.0
ILLINOIS,Evergreen Park,18734.0,23.0,0.0,2.0,14.0,7.0,1093.0,60.0,980.0,53.0,0.0
ILLINOIS,Fairbury,3555.0,3.0,0.0,1.0,0.0,2.0,4.0,2.0,1.0,1.0,0.0
ILLINOIS,Fairfield,4696.0,24.0,0.0,5.0,0.0,19.0,128.0,39.0,84.0,5.0,3.0
ILLINOIS,Fairmont City,2148.0,10.0,0.0,0.0,0.0,10.0,10.0,5.0,4.0,1.0,2.0
ILLINOIS,Fairmount,588.0,1.0,0.0,0.0,0.0,1.0,0.0,0.0,0.0,0.0,0.0
ILLINOIS,Fairview Heights,15948.0,65.0,1.0,12.0,4.0,48.0,483.0,48.0,403.0,32.0,2.0
ILLINOIS,Farina,526.0,0.0,0.0,0.0,0.0,0.0,3.0,0.0,2.0,1.0,0.0
ILLINOIS,Farmer City,1808.0,6.0,0.0,1.0,1.0,4.0,19.0,6.0,8.0,5.0,0.0
ILLINOIS,Farmington,2276.0,2.0,0.0,1.0,0.0,1.0,14.0,2.0,11.0,1.0,0.0
ILLINOIS,Findlay,647.0,1.0,0.0,1.0,0.0,0.0,5.0,1.0,3.0,1.0,0.0
ILLINOIS,Fithian,468.0,0.0,0.0,0.0,0.0,0.0,0.0,0.0,0.0,0.0,0.0
ILLINOIS,Flora,4683.0,9.0,0.0,4.0,0.0,5.0,38.0,12.0,24.0,2.0,1.0
ILLINOIS,Flossmoor,9119.0,6.0,0.0,2.0,2.0,2.0,251.0,53.0,178.0,20.0,0.0
ILLINOIS,Forest Park,13460.0,56.0,4.0,14.0,18.0,20.0,381.0,55.0,266.0,60.0,2.0
ILLINOIS,Forest View,745.0,1.0,0.0,0.0,0.0,1.0,3.0,0.0,2.0,1.0,0.0
ILLINOIS,Forreston,1403.0,3.0,0.0,1.0,0.0,2.0,7.0,0.0,6.0,1.0,0.0
ILLINOIS,Fox Lake,10749.0,27.0,0.0,5.0,3.0,19.0,182.0,36.0,130.0,16.0,0.0
ILLINOIS,Fox River Grove,4597.0,0.0,0.0,0.0,0.0,0.0,19.0,0.0,18.0,1.0,0.0
ILLINOIS,Frankfort,21108.0,7.0,0.0,1.0,0.0,6.0,141.0,38.0,86.0,17.0,0.0
ILLINOIS,Franklin Park,17699.0,31.0,0.0,8.0,8.0,15.0,248.0,96.0,113.0,39.0,1.0
ILLINOIS,Freeburg,4474.0,0.0,0.0,0.0,0.0,0.0,7.0,0.0,5.0,2.0,0.0
ILLINOIS,Freeport,22888.0,83.0,3.0,18.0,10.0,52.0,322.0,92.0,209.0,21.0,0.0
ILLINOIS,Fulton,3541.0,4.0,0.0,1.0,1.0,2.0,41.0,4.0,34.0,3.0,0.0
ILLINOIS,Galesburg,28864.0,148.0,2.0,42.0,6.0,98.0,856.0,209.0,597.0,50.0,3.0
ILLINOIS,Geneseo,6520.0,6.0,0.0,1.0,0.0,5.0,56.0,10.0,46.0,0.0,0.0
ILLINOIS,Geneva,21056.0,13.0,2.0,6.0,0.0,5.0,110.0,6.0,100.0,4.0,0.0
ILLINOIS,Germantown,1383.0,0.0,0.0,0.0,0.0,0.0,0.0,0.0,0.0,0.0,0.0
ILLINOIS,Gilberts,8909.0,3.0,0.0,2.0,0.0,1.0,19.0,1.0,14.0,4.0,0.0
ILLINOIS,Glen Carbon,13870.0,9.0,0.0,3.0,0.0,6.0,153.0,13.0,136.0,4.0,0.0
ILLINOIS,Glencoe,8487.0,2.0,0.0,0.0,1.0,1.0,51.0,7.0,41.0,3.0,0.0
ILLINOIS,Glendale Heights,32181.0,32.0,0.0,18.0,3.0,11.0,319.0,45.0,257.0,17.0,1.0
ILLINOIS,Glen Ellyn,28175.0,14.0,0.0,8.0,2.0,4.0,163.0,15.0,145.0,3.0,2.0
ILLINOIS,Glenview,46371.0,70.0,0.0,20.0,5.0,45.0,561.0,149.0,377.0,35.0,6.0
ILLINOIS,Glenwood,8150.0,18.0,2.0,1.0,2.0,13.0,143.0,14.0,95.0,34.0,0.0
ILLINOIS,Godley,649.0,0.0,0.0,0.0,0.0,0.0,2.0,0.0,2.0,0.0,0.0
ILLINOIS,Golf,492.0,0.0,0.0,0.0,0.0,0.0,6.0,1.0,5.0,0.0,0.0
ILLINOIS,Goreville,1059.0,0.0,0.0,0.0,0.0,0.0,1.0,1.0,0.0,0.0,0.0
ILLINOIS,Grafton,813.0,0.0,0.0,0.0,0.0,0.0,10.0,3.0,6.0,1.0,0.0
ILLINOIS,Grand Ridge,508.0,0.0,0.0,0.0,0.0,0.0,0.0,0.0,0.0,0.0,0.0
ILLINOIS,Granite City,26708.0,165.0,1.0,42.0,20.0,102.0,665.0,246.0,339.0,80.0,15.0
ILLINOIS,Grantfork ,338.0,0.0,0.0,0.0,0.0,0.0,0.0,0.0,0.0,0.0,0.0
ILLINOIS,Grant Park,1275.0,0.0,0.0,0.0,0.0,0.0,2.0,0.0,2.0,0.0,0.0
ILLINOIS,Grayslake,24339.0,16.0,0.0,10.0,0.0,6.0,156.0,40.0,98.0,18.0,1.0
ILLINOIS,Grayville,1481.0,3.0,0.0,1.0,0.0,2.0,12.0,5.0,6.0,1.0,1.0
ILLINOIS,Greenfield,1005.0,2.0,0.0,0.0,0.0,2.0,2.0,0.0,1.0,1.0,0.0
ILLINOIS,Greenup,1334.0,2.0,0.0,1.0,0.0,1.0,0.0,0.0,0.0,0.0,0.0
ILLINOIS,Greenville,6951.0,7.0,0.0,1.0,0.0,6.0,71.0,7.0,63.0,1.0,0.0
ILLINOIS,Gurnee,30041.0,50.0,1.0,18.0,6.0,25.0,674.0,59.0,574.0,41.0,0.0
ILLINOIS,Hamel,916.0,1.0,0.0,1.0,0.0,0.0,8.0,3.0,5.0,0.0,0.0
ILLINOIS,Hamilton,2672.0,0.0,0.0,0.0,0.0,0.0,8.0,1.0,7.0,0.0,0.0
ILLINOIS,Hampshire,8239.0,3.0,0.0,2.0,0.0,1.0,29.0,9.0,15.0,5.0,0.0
ILLINOIS,Hanover,834.0,0.0,0.0,0.0,0.0,0.0,8.0,1.0,6.0,1.0,0.0
ILLINOIS,Hanover Park,35779.0,45.0,0.0,6.0,7.0,32.0,149.0,30.0,101.0,18.0,0.0
ILLINOIS,Harrisburg,7813.0,13.0,0.0,3.0,0.0,10.0,41.0,1.0,37.0,3.0,0.0
ILLINOIS,Hartford,1147.0,1.0,0.0,1.0,0.0,0.0,18.0,5.0,11.0,2.0,0.0
ILLINOIS,Harvard,9323.0,13.0,0.0,5.0,0.0,8.0,58.0,5.0,44.0,9.0,0.0
ILLINOIS,Harvey,19121.0,135.0,1.0,15.0,39.0,80.0,289.0,54.0,129.0,106.0,4.0
ILLINOIS,Harwood Heights,8504.0,10.0,0.0,3.0,3.0,4.0,109.0,37.0,69.0,3.0,0.0
ILLINOIS,Havana,2785.0,21.0,0.0,8.0,0.0,13.0,33.0,4.0,28.0,1.0,1.0
ILLINOIS,Hawthorn Woods,9470.0,0.0,0.0,0.0,0.0,0.0,13.0,1.0,10.0,2.0,0.0
ILLINOIS,Hazel Crest,12588.0,68.0,0.0,9.0,19.0,40.0,339.0,79.0,174.0,86.0,3.0
ILLINOIS,Hebron,1388.0,1.0,0.0,1.0,0.0,0.0,0.0,0.0,0.0,0.0,0.0
ILLINOIS,Henning,201.0,0.0,0.0,0.0,0.0,0.0,0.0,0.0,0.0,0.0,0.0
ILLINOIS,Henry,2308.0,2.0,0.0,2.0,0.0,0.0,2.0,1.0,1.0,0.0,0.0
ILLINOIS,Herrin,12125.0,47.0,0.0,5.0,4.0,38.0,308.0,113.0,169.0,26.0,4.0
ILLINOIS,Heyworth,2888.0,2.0,0.0,1.0,0.0,1.0,25.0,6.0,18.0,1.0,0.0
ILLINOIS,Hickory Hills,13699.0,12.0,0.0,3.0,1.0,8.0,142.0,8.0,119.0,15.0,0.0
ILLINOIS,Highland,9935.0,13.0,0.0,8.0,0.0,5.0,60.0,19.0,40.0,1.0,0.0
ILLINOIS,Highland Park,30311.0,15.0,2.0,6.0,0.0,7.0,246.0,21.0,204.0,21.0,1.0
ILLINOIS,Hillsboro,5744.0,12.0,0.0,8.0,0.0,4.0,33.0,8.0,23.0,2.0,0.0
ILLINOIS,Hillside,7808.0,20.0,0.0,2.0,7.0,11.0,150.0,17.0,121.0,12.0,0.0
ILLINOIS,Hinckley,1962.0,5.0,0.0,0.0,0.0,5.0,14.0,5.0,9.0,0.0,0.0
ILLINOIS,Hinsdale,17272.0,8.0,0.0,5.0,1.0,2.0,85.0,9.0,68.0,8.0,0.0
ILLINOIS,Hodgkins,1453.0,3.0,0.0,3.0,0.0,0.0,189.0,9.0,150.0,30.0,1.0
ILLINOIS,Hoffman Estates,49467.0,74.0,0.0,18.0,7.0,49.0,491.0,123.0,309.0,59.0,2.0
ILLINOIS,Homer Glen,24560.0,4.0,0.0,0.0,1.0,3.0,68.0,11.0,52.0,5.0,4.0
ILLINOIS,Hometown,4076.0,9.0,0.0,3.0,1.0,5.0,62.0,6.0,51.0,5.0,0.0
ILLINOIS,Homewood,18269.0,34.0,0.0,4.0,14.0,16.0,382.0,56.0,266.0,60.0,1.0
ILLINOIS,Hoopeston,4676.0,18.0,0.0,6.0,0.0,12.0,93.0,21.0,61.0,11.0,4.0
ILLINOIS,Hopedale,1101.0,0.0,0.0,0.0,0.0,0.0,0.0,0.0,0.0,0.0,0.0
ILLINOIS,Hudson,1743.0,1.0,0.0,0.0,0.0,1.0,1.0,1.0,0.0,0.0,0.0
ILLINOIS,Huntley,28439.0,8.0,0.0,4.0,0.0,4.0,122.0,19.0,98.0,5.0,0.0
ILLINOIS,Ina,1654.0,0.0,0.0,0.0,0.0,0.0,7.0,0.0,6.0,1.0,0.0
ILLINOIS,Indian Head Park,3849.0,0.0,0.0,0.0,0.0,0.0,12.0,0.0,12.0,0.0,0.0
ILLINOIS,Indianola,218.0,0.0,0.0,0.0,0.0,0.0,0.0,0.0,0.0,0.0,0.0
ILLINOIS,Inverness,7211.0,1.0,0.0,1.0,0.0,0.0,29.0,9.0,17.0,3.0,0.0
ILLINOIS,Island Lake,7978.0,5.0,0.0,4.0,0.0,1.0,42.0,5.0,33.0,4.0,0.0
ILLINOIS,Itasca,9288.0,2.0,0.0,1.0,0.0,1.0,72.0,25.0,41.0,6.0,1.0
ILLINOIS,Jacksonville,17122.0,52.0,2.0,14.0,5.0,31.0,360.0,79.0,255.0,26.0,5.0
ILLINOIS,Jerome,1630.0,0.0,0.0,0.0,0.0,0.0,15.0,9.0,6.0,0.0,0.0
ILLINOIS,Jerseyville,8243.0,7.0,0.0,2.0,0.0,5.0,134.0,37.0,92.0,5.0,0.0
ILLINOIS,Joliet,150569.0,527.0,0.0,73.0,53.0,401.0,1874.0,587.0,1060.0,227.0,10.0
ILLINOIS,Kansas,641.0,3.0,0.0,0.0,0.0,3.0,2.0,2.0,0.0,0.0,0.0
ILLINOIS,Kenilworth,2368.0,0.0,0.0,0.0,0.0,0.0,9.0,3.0,3.0,3.0,0.0
ILLINOIS,Kildeer,4481.0,0.0,0.0,0.0,0.0,0.0,35.0,7.0,23.0,5.0,0.0
ILLINOIS,Kincaid,1301.0,0.0,0.0,0.0,0.0,0.0,3.0,0.0,3.0,0.0,0.0
ILLINOIS,Kingston,1083.0,1.0,0.0,0.0,0.0,1.0,6.0,1.0,5.0,0.0,0.0
ILLINOIS,Knoxville,2790.0,2.0,0.0,2.0,0.0,0.0,16.0,4.0,12.0,0.0,0.0
ILLINOIS,Ladd,1452.0,0.0,0.0,0.0,0.0,0.0,2.0,0.0,2.0,0.0,0.0
ILLINOIS,La Grange,15471.0,29.0,0.0,8.0,3.0,18.0,120.0,36.0,79.0,5.0,4.0
ILLINOIS,La Grange Park,12874.0,3.0,0.0,0.0,1.0,2.0,87.0,18.0,64.0,5.0,0.0
ILLINOIS,Lake Bluff,5509.0,2.0,0.0,1.0,0.0,1.0,46.0,13.0,33.0,0.0,0.0
ILLINOIS,Lake Forest,19357.0,4.0,0.0,1.0,0.0,3.0,121.0,40.0,70.0,11.0,0.0
ILLINOIS,Lake in the Hills,28573.0,20.0,0.0,10.0,0.0,10.0,125.0,29.0,64.0,32.0,1.0
ILLINOIS,Lakemoor,6394.0,13.0,0.0,3.0,0.0,10.0,79.0,3.0,72.0,4.0,0.0
ILLINOIS,Lake Villa,8592.0,10.0,0.0,4.0,0.0,6.0,42.0,7.0,32.0,3.0,0.0
ILLINOIS,Lakewood,4267.0,2.0,0.0,1.0,0.0,1.0,10.0,0.0,10.0,0.0,0.0
ILLINOIS,Lake Zurich,19650.0,12.0,0.0,5.0,0.0,7.0,238.0,15.0,213.0,10.0,3.0
ILLINOIS,Lanark,1456.0,2.0,0.0,0.0,0.0,2.0,2.0,1.0,1.0,0.0,0.0
ILLINOIS,Lansing,27309.0,107.0,1.0,19.0,43.0,44.0,502.0,199.0,184.0,119.0,2.0
ILLINOIS,La Salle,9389.0,5.0,0.0,1.0,1.0,3.0,14.0,5.0,6.0,3.0,0.0
ILLINOIS,Lawrenceville,4267.0,2.0,0.0,0.0,0.0,2.0,3.0,0.0,3.0,0.0,0.0
ILLINOIS,Lebanon,4536.0,4.0,0.0,0.0,0.0,4.0,10.0,5.0,5.0,0.0,0.0
ILLINOIS,Leland,925.0,3.0,0.0,2.0,0.0,1.0,0.0,0.0,0.0,0.0,0.0
ILLINOIS,Lemont,17507.0,6.0,1.0,3.0,0.0,2.0,95.0,19.0,56.0,20.0,0.0
ILLINOIS,Le Roy,3453.0,1.0,0.0,1.0,0.0,0.0,4.0,0.0,4.0,0.0,0.0
ILLINOIS,Lexington,2067.0,0.0,0.0,0.0,0.0,0.0,1.0,0.0,0.0,1.0,0.0
ILLINOIS,Libertyville,20257.0,17.0,0.0,6.0,1.0,10.0,108.0,22.0,76.0,10.0,0.0
ILLINOIS,Lincoln,13014.0,22.0,0.0,3.0,1.0,18.0,132.0,34.0,93.0,5.0,1.0
ILLINOIS,Lincolnshire,7901.0,5.0,0.0,1.0,0.0,4.0,71.0,8.0,60.0,3.0,0.0
ILLINOIS,Lincolnwood,12697.0,14.0,0.0,0.0,9.0,5.0,321.0,95.0,190.0,36.0,3.0
ILLINOIS,Lindenhurst,14327.0,5.0,0.0,4.0,0.0,1.0,22.0,5.0,17.0,0.0,0.0
ILLINOIS,Lisle,23074.0,10.0,0.0,3.0,4.0,3.0,105.0,24.0,74.0,7.0,1.0
ILLINOIS,Litchfield,6566.0,15.0,0.0,7.0,0.0,8.0,206.0,39.0,155.0,12.0,2.0
ILLINOIS,Livingston,739.0,0.0,0.0,0.0,0.0,0.0,0.0,0.0,0.0,0.0,0.0
ILLINOIS,Lockport,26668.0,18.0,0.0,3.0,0.0,15.0,158.0,58.0,94.0,6.0,0.0
ILLINOIS,Lombard,43576.0,51.0,0.0,17.0,11.0,23.0,697.0,79.0,591.0,27.0,5.0
ILLINOIS,Loves Park,23312.0,83.0,0.0,23.0,4.0,56.0,322.0,63.0,230.0,29.0,3.0
ILLINOIS,Lovington,1012.0,2.0,0.0,1.0,0.0,1.0,19.0,10.0,5.0,4.0,1.0
ILLINOIS,Machesney Park,22530.0,72.0,0.0,16.0,3.0,53.0,346.0,36.0,289.0,21.0,0.0
ILLINOIS,Mackinaw,1833.0,0.0,0.0,0.0,0.0,0.0,19.0,5.0,12.0,2.0,0.0
ILLINOIS,Mahomet,10538.0,24.0,3.0,3.0,0.0,18.0,22.0,8.0,13.0,1.0,2.0
ILLINOIS,Manhattan,10912.0,4.0,0.0,1.0,0.0,3.0,21.0,2.0,18.0,1.0,0.0
ILLINOIS,Manito,1458.0,1.0,0.0,0.0,0.0,1.0,3.0,1.0,2.0,0.0,0.0
ILLINOIS,Manteno,9173.0,16.0,0.0,1.0,0.0,15.0,31.0,9.0,22.0,0.0,0.0
ILLINOIS,Maple Park,1494.0,0.0,0.0,0.0,0.0,0.0,4.0,0.0,4.0,0.0,0.0
ILLINOIS,Marengo,7626.0,10.0,0.0,1.0,0.0,9.0,44.0,8.0,35.0,1.0,5.0
ILLINOIS,Marion,16856.0,79.0,0.0,8.0,11.0,60.0,494.0,186.0,279.0,29.0,5.0
ILLINOIS,Marseilles,4757.0,9.0,0.0,5.0,0.0,4.0,14.0,4.0,8.0,2.0,0.0
ILLINOIS,Marshall,3855.0,6.0,0.0,0.0,0.0,6.0,47.0,17.0,27.0,3.0,0.0
ILLINOIS,Martinsville,1077.0,0.0,0.0,0.0,0.0,0.0,8.0,3.0,4.0,1.0,0.0
ILLINOIS,Maryville,8336.0,5.0,0.0,2.0,0.0,3.0,24.0,6.0,11.0,7.0,0.0
ILLINOIS,Mascoutah,8977.0,4.0,0.0,0.0,0.0,4.0,31.0,10.0,21.0,0.0,0.0
ILLINOIS,Mason City,1953.0,1.0,0.0,1.0,0.0,0.0,11.0,4.0,5.0,2.0,0.0
ILLINOIS,Mattoon,16464.0,87.0,1.0,32.0,2.0,52.0,198.0,53.0,121.0,24.0,3.0
ILLINOIS,Mazon,981.0,0.0,0.0,0.0,0.0,0.0,0.0,0.0,0.0,0.0,0.0
ILLINOIS,McCook,233.0,2.0,0.0,0.0,0.0,2.0,46.0,4.0,38.0,4.0,0.0
ILLINOIS,McHenry,28563.0,27.0,2.0,15.0,1.0,9.0,177.0,21.0,149.0,7.0,0.0
ILLINOIS,McLean,725.0,1.0,0.0,1.0,0.0,0.0,4.0,4.0,0.0,0.0,0.0
ILLINOIS,McLeansboro,2599.0,2.0,0.0,0.0,0.0,2.0,3.0,0.0,3.0,0.0,0.0
ILLINOIS,Melrose Park,23327.0,71.0,2.0,10.0,14.0,45.0,413.0,95.0,252.0,66.0,4.0
ILLINOIS,Mendota,6893.0,9.0,0.0,4.0,0.0,5.0,26.0,7.0,18.0,1.0,0.0
ILLINOIS,Metropolis,5726.0,16.0,0.0,5.0,1.0,10.0,73.0,18.0,47.0,8.0,0.0
ILLINOIS,Midlothian,13485.0,27.0,0.0,10.0,8.0,9.0,211.0,30.0,154.0,27.0,0.0
ILLINOIS,Milan,4929.0,21.0,0.0,2.0,1.0,18.0,89.0,18.0,59.0,12.0,0.0
ILLINOIS,Milledgeville,995.0,0.0,0.0,0.0,0.0,0.0,5.0,1.0,3.0,1.0,0.0
ILLINOIS,Millstadt,3903.0,0.0,0.0,0.0,0.0,0.0,7.0,2.0,5.0,0.0,0.0
ILLINOIS,Minier,1128.0,2.0,0.0,2.0,0.0,0.0,20.0,9.0,11.0,0.0,0.0
ILLINOIS,Minooka,12919.0,1.0,0.0,0.0,0.0,1.0,43.0,7.0,33.0,3.0,0.0
ILLINOIS,Mokena,19726.0,20.0,0.0,5.0,3.0,12.0,142.0,32.0,103.0,7.0,0.0
ILLINOIS,Moline,41659.0,160.0,5.0,23.0,11.0,121.0,1389.0,465.0,726.0,198.0,4.0
ILLINOIS,Momence,3007.0,5.0,0.0,2.0,1.0,2.0,15.0,4.0,11.0,0.0,0.0
ILLINOIS,Monee,5091.0,14.0,0.0,3.0,1.0,10.0,71.0,14.0,51.0,6.0,0.0
ILLINOIS,Monmouth,8460.0,31.0,0.0,7.0,0.0,24.0,116.0,42.0,69.0,5.0,0.0
ILLINOIS,Montgomery,22489.0,26.0,0.0,14.0,2.0,10.0,205.0,25.0,162.0,18.0,2.0
ILLINOIS,Monticello,6041.0,0.0,0.0,0.0,0.0,0.0,14.0,2.0,10.0,2.0,0.0
ILLINOIS,Morris,14608.0,46.0,3.0,7.0,4.0,32.0,221.0,20.0,189.0,12.0,1.0
ILLINOIS,Morton,17592.0,15.0,0.0,5.0,2.0,8.0,145.0,33.0,103.0,9.0,1.0
ILLINOIS,Morton Grove,23782.0,11.0,0.0,4.0,5.0,2.0,270.0,92.0,167.0,11.0,0.0
ILLINOIS,Mounds,604.0,1.0,0.0,0.0,0.0,1.0,5.0,0.0,4.0,1.0,0.0
ILLINOIS,Mount Carmel,6676.0,9.0,0.0,3.0,0.0,6.0,31.0,3.0,28.0,0.0,0.0
ILLINOIS,Mount Carroll,1430.0,5.0,0.0,2.0,0.0,3.0,5.0,1.0,4.0,0.0,0.0
ILLINOIS,Mount Prospect,53523.0,48.0,1.0,13.0,7.0,27.0,475.0,109.0,319.0,47.0,1.0
ILLINOIS,Mount Pulaski,1504.0,0.0,0.0,0.0,0.0,0.0,2.0,2.0,0.0,0.0,0.0
ILLINOIS,Mount Vernon,14146.0,35.0,4.0,14.0,3.0,14.0,154.0,16.0,133.0,5.0,0.0
ILLINOIS,Mount Zion,5833.0,3.0,0.0,3.0,0.0,0.0,30.0,6.0,22.0,2.0,0.0
ILLINOIS,Mundelein,31876.0,15.0,2.0,5.0,2.0,6.0,231.0,21.0,189.0,21.0,1.0
ILLINOIS,Murphysboro,6924.0,23.0,1.0,3.0,4.0,15.0,217.0,64.0,142.0,11.0,3.0
ILLINOIS,Naperville,150521.0,126.0,1.0,45.0,23.0,57.0,1330.0,99.0,1137.0,94.0,1.0
ILLINOIS,Nauvoo,917.0,2.0,0.0,0.0,0.0,2.0,4.0,1.0,3.0,0.0,0.0
ILLINOIS,New Athens,1849.0,1.0,0.0,1.0,0.0,0.0,11.0,0.0,11.0,0.0,0.0
ILLINOIS,New Baden,3346.0,3.0,0.0,1.0,0.0,2.0,5.0,0.0,4.0,1.0,0.0
ILLINOIS,New Lenox,28315.0,15.0,0.0,2.0,3.0,10.0,262.0,49.0,207.0,6.0,0.0
ILLINOIS,Newman,766.0,0.0,0.0,0.0,0.0,0.0,3.0,1.0,2.0,0.0,0.0
ILLINOIS,Newton,2735.0,8.0,0.0,2.0,0.0,6.0,35.0,3.0,32.0,0.0,0.0
ILLINOIS,Niles,29099.0,16.0,0.0,2.0,8.0,6.0,647.0,122.0,494.0,31.0,0.0
ILLINOIS,Nokomis,2076.0,4.0,0.0,0.0,0.0,4.0,32.0,4.0,26.0,2.0,0.0
ILLINOIS,Normal,52573.0,173.0,2.0,50.0,8.0,113.0,815.0,122.0,648.0,45.0,3.0
ILLINOIS,Norris City,1094.0,0.0,0.0,0.0,0.0,0.0,0.0,0.0,0.0,0.0,0.0
ILLINOIS,North Aurora,19276.0,26.0,0.0,18.0,2.0,6.0,168.0,16.0,138.0,14.0,0.0
ILLINOIS,Northbrook,33610.0,6.0,0.0,4.0,0.0,2.0,406.0,112.0,273.0,21.0,2.0
ILLINOIS,North Chicago,30318.0,54.0,0.0,5.0,5.0,44.0,171.0,17.0,102.0,52.0,0.0
ILLINOIS,Northfield,5477.0,1.0,0.0,0.0,0.0,1.0,42.0,16.0,25.0,1.0,0.0
ILLINOIS,Northlake,12100.0,15.0,1.0,3.0,5.0,6.0,208.0,40.0,156.0,12.0,0.0
ILLINOIS,North Pekin,1428.0,2.0,0.0,0.0,0.0,2.0,39.0,11.0,23.0,5.0,0.0
ILLINOIS,North Riverside,6966.0,19.0,0.0,4.0,9.0,6.0,381.0,20.0,348.0,13.0,0.0
ILLINOIS,North Utica,1337.0,0.0,0.0,0.0,0.0,0.0,8.0,1.0,7.0,0.0,0.0
ILLINOIS,Oak Brook,8015.0,5.0,0.0,1.0,2.0,2.0,507.0,25.0,475.0,7.0,0.0
ILLINOIS,Oakbrook Terrace,2672.0,6.0,0.0,2.0,1.0,3.0,71.0,18.0,51.0,2.0,0.0
ILLINOIS,Oak Forest,25823.0,23.0,0.0,2.0,6.0,15.0,113.0,33.0,70.0,10.0,1.0
ILLINOIS,Oak Lawn,54953.0,99.0,2.0,20.0,24.0,53.0,949.0,189.0,635.0,125.0,3.0
ILLINOIS,Oak Park,51306.0,166.0,3.0,27.0,64.0,72.0,1851.0,545.0,1108.0,198.0,5.0
ILLINOIS,Oakwood,1271.0,7.0,0.0,2.0,0.0,5.0,18.0,4.0,14.0,0.0,0.0
ILLINOIS,Oblong,1336.0,0.0,0.0,0.0,0.0,0.0,8.0,1.0,7.0,0.0,0.0
ILLINOIS,O'Fallon,31856.0,62.0,1.0,10.0,4.0,47.0,325.0,58.0,216.0,51.0,3.0
ILLINOIS,Oglesby,3619.0,4.0,0.0,1.0,0.0,3.0,6.0,0.0,6.0,0.0,0.0
ILLINOIS,Okawville,1346.0,0.0,0.0,0.0,0.0,0.0,3.0,0.0,3.0,0.0,5.0
ILLINOIS,Olney,8453.0,19.0,0.0,2.0,0.0,17.0,88.0,23.0,60.0,5.0,2.0
ILLINOIS,Olympia Fields,4472.0,10.0,0.0,6.0,2.0,2.0,198.0,48.0,137.0,13.0,0.0
ILLINOIS,Oregon,3549.0,3.0,0.0,1.0,0.0,2.0,29.0,2.0,25.0,2.0,0.0
ILLINOIS,Orion,1718.0,0.0,0.0,0.0,0.0,0.0,9.0,1.0,5.0,3.0,0.0
ILLINOIS,Orland Park,56593.0,16.0,1.0,1.0,7.0,7.0,621.0,129.0,443.0,49.0,4.0
ILLINOIS,Oswego,37893.0,13.0,0.0,11.0,0.0,2.0,209.0,33.0,160.0,16.0,1.0
ILLINOIS,Ottawa,18722.0,35.0,0.0,12.0,1.0,22.0,280.0,54.0,209.0,17.0,1.0
ILLINOIS,Palatine,63960.0,43.0,1.0,11.0,6.0,25.0,602.0,135.0,426.0,41.0,2.0
ILLINOIS,Palestine,1194.0,0.0,0.0,0.0,0.0,0.0,0.0,0.0,0.0,0.0,0.0
ILLINOIS,Palos Heights,11353.0,7.0,0.0,4.0,2.0,1.0,98.0,10.0,87.0,1.0,0.0
ILLINOIS,Palos Hills,17532.0,12.0,0.0,0.0,3.0,9.0,72.0,22.0,35.0,15.0,2.0
ILLINOIS,Palos Park,4720.0,0.0,0.0,0.0,0.0,0.0,25.0,2.0,22.0,1.0,0.0
ILLINOIS,Pana,5005.0,3.0,0.0,0.0,0.0,3.0,58.0,11.0,40.0,7.0,1.0
ILLINOIS,Paris,7967.0,46.0,0.0,4.0,0.0,42.0,116.0,49.0,63.0,4.0,3.0
ILLINOIS,Park Forest,20487.0,58.0,3.0,5.0,10.0,40.0,309.0,98.0,120.0,91.0,3.0
ILLINOIS,Park Ridge,37379.0,36.0,0.0,12.0,7.0,17.0,317.0,114.0,167.0,36.0,1.0
ILLINOIS,Patoka,503.0,0.0,0.0,0.0,0.0,0.0,0.0,0.0,0.0,0.0,0.0
ILLINOIS,Pawnee,2700.0,0.0,0.0,0.0,0.0,0.0,3.0,0.0,3.0,0.0,0.0
ILLINOIS,Paxton,4315.0,10.0,0.0,1.0,0.0,9.0,24.0,10.0,13.0,1.0,0.0
ILLINOIS,Pecatonica,2029.0,3.0,0.0,2.0,1.0,0.0,4.0,0.0,4.0,0.0,0.0
ILLINOIS,Peoria,109677.0,1475.0,14.0,167.0,140.0,1154.0,4699.0,1581.0,2266.0,852.0,54.0
ILLINOIS,Peoria Heights,5699.0,46.0,0.0,5.0,1.0,40.0,152.0,77.0,67.0,8.0,0.0
ILLINOIS,Peotone,4198.0,3.0,0.0,2.0,0.0,1.0,15.0,8.0,5.0,2.0,0.0
ILLINOIS,Peru,9734.0,22.0,0.0,8.0,0.0,14.0,162.0,8.0,152.0,2.0,1.0
ILLINOIS,Phoenix,1603.0,1.0,0.0,0.0,0.0,1.0,34.0,5.0,23.0,6.0,1.0
ILLINOIS,Pinckneyville,4974.0,4.0,0.0,1.0,0.0,3.0,15.0,3.0,12.0,0.0,0.0
ILLINOIS,Pingree Grove,11395.0,1.0,0.0,0.0,0.0,1.0,18.0,0.0,18.0,0.0,0.0
ILLINOIS,Pittsfield,4041.0,8.0,0.0,3.0,0.0,5.0,44.0,19.0,24.0,1.0,1.0
ILLINOIS,Plainfield,48311.0,28.0,0.0,7.0,3.0,18.0,330.0,60.0,252.0,18.0,0.0
ILLINOIS,Plano,12942.0,9.0,1.0,7.0,0.0,1.0,74.0,4.0,67.0,3.0,0.0
ILLINOIS,Pleasant Hill,903.0,0.0,0.0,0.0,0.0,0.0,0.0,0.0,0.0,0.0,0.0
ILLINOIS,Pleasant Plains,802.0,0.0,0.0,0.0,0.0,0.0,2.0,2.0,0.0,0.0,0.0
ILLINOIS,Polo,2242.0,1.0,0.0,0.0,0.0,1.0,0.0,0.0,0.0,0.0,0.0
ILLINOIS,Pontiac,10958.0,26.0,0.0,12.0,0.0,14.0,149.0,12.0,132.0,5.0,0.0
ILLINOIS,Pontoon Beach,5786.0,15.0,0.0,5.0,3.0,7.0,98.0,17.0,58.0,23.0,2.0
ILLINOIS,Posen,5258.0,13.0,0.0,4.0,2.0,7.0,117.0,10.0,94.0,13.0,0.0
ILLINOIS,Potomac,659.0,2.0,0.0,0.0,0.0,2.0,1.0,0.0,1.0,0.0,0.0
ILLINOIS,Prairie Grove ,1943.0,3.0,0.0,3.0,0.0,0.0,16.0,1.0,9.0,6.0,1.0
ILLINOIS,Princeton,7661.0,0.0,0.0,0.0,0.0,0.0,129.0,12.0,112.0,5.0,0.0
ILLINOIS,Prospect Heights,15122.0,24.0,0.0,3.0,2.0,19.0,89.0,19.0,57.0,13.0,0.0
ILLINOIS,Rantoul,11835.0,65.0,1.0,8.0,9.0,47.0,210.0,67.0,127.0,16.0,13.0
ILLINOIS,Red Bud,3735.0,0.0,0.0,0.0,0.0,0.0,9.0,0.0,8.0,1.0,0.0
ILLINOIS,Richmond,2122.0,1.0,0.0,0.0,0.0,1.0,18.0,3.0,13.0,2.0,0.0
ILLINOIS,Richton Park,12187.0,40.0,1.0,7.0,11.0,21.0,257.0,33.0,160.0,64.0,3.0
ILLINOIS,Ridge Farm,747.0,0.0,0.0,0.0,0.0,0.0,0.0,0.0,0.0,0.0,0.0
ILLINOIS,Riverdale,10009.0,71.0,7.0,8.0,13.0,43.0,286.0,48.0,147.0,91.0,1.0
ILLINOIS,River Forest,11080.0,10.0,0.0,0.0,5.0,5.0,274.0,64.0,204.0,6.0,0.0
ILLINOIS,River Grove,10186.0,9.0,0.0,2.0,4.0,3.0,147.0,62.0,67.0,18.0,0.0
ILLINOIS,Riverside,8710.0,7.0,0.0,2.0,0.0,5.0,68.0,12.0,52.0,4.0,0.0
ILLINOIS,Riverton,3457.0,9.0,0.0,1.0,1.0,7.0,34.0,7.0,25.0,2.0,1.0
ILLINOIS,Riverwoods,3720.0,1.0,0.0,1.0,0.0,0.0,23.0,10.0,13.0,0.0,0.0
ILLINOIS,Robinson,6968.0,21.0,0.0,11.0,0.0,10.0,112.0,15.0,89.0,8.0,0.0
ILLINOIS,Rochester,3913.0,3.0,0.0,0.0,0.0,3.0,21.0,6.0,12.0,3.0,0.0
ILLINOIS,Rockdale,1961.0,4.0,0.0,0.0,0.0,4.0,0.0,0.0,0.0,0.0,0.0
ILLINOIS,Rock Falls,8545.0,51.0,1.0,13.0,5.0,32.0,254.0,46.0,188.0,20.0,1.0
ILLINOIS,Rockford,145280.0,1569.0,19.0,101.0,155.0,1294.0,3657.0,919.0,2099.0,639.0,44.0
ILLINOIS,Rock Island,35841.0,195.0,2.0,4.0,5.0,184.0,973.0,330.0,414.0,229.0,7.0
ILLINOIS,Rockton,7741.0,5.0,0.0,2.0,0.0,3.0,64.0,2.0,61.0,1.0,0.0
ILLINOIS,Rolling Meadows,23077.0,23.0,0.0,5.0,1.0,17.0,294.0,44.0,236.0,14.0,2.0
ILLINOIS,Romeoville,41007.0,62.0,0.0,10.0,8.0,44.0,415.0,74.0,291.0,50.0,2.0
ILLINOIS,Roscoe,10805.0,17.0,0.0,1.0,1.0,15.0,59.0,18.0,39.0,2.0,0.0
ILLINOIS,Rosemont,3710.0,21.0,0.0,6.0,1.0,14.0,243.0,14.0,217.0,12.0,0.0
ILLINOIS,Rossville,1162.0,2.0,0.0,0.0,0.0,2.0,7.0,0.0,7.0,0.0,0.0
ILLINOIS,Round Lake,18344.0,15.0,0.0,7.0,5.0,3.0,110.0,10.0,81.0,19.0,1.0
ILLINOIS,Round Lake Beach,26644.0,22.0,1.0,3.0,5.0,13.0,240.0,22.0,209.0,9.0,2.0
ILLINOIS,Round Lake Heights,2561.0,2.0,0.0,1.0,1.0,0.0,6.0,0.0,6.0,0.0,0.0
ILLINOIS,Round Lake Park,7744.0,7.0,0.0,2.0,0.0,5.0,7.0,2.0,5.0,0.0,0.0
ILLINOIS,Roxana,1402.0,1.0,0.0,0.0,0.0,1.0,15.0,3.0,11.0,1.0,0.0
ILLINOIS,Ruma ,309.0,0.0,0.0,0.0,0.0,0.0,0.0,0.0,0.0,0.0,0.0
ILLINOIS,Rushville,2902.0,2.0,0.0,1.0,0.0,1.0,19.0,5.0,13.0,1.0,0.0
ILLINOIS,Salem,6988.0,27.0,0.0,7.0,1.0,19.0,80.0,26.0,47.0,7.0,3.0
ILLINOIS,Sandwich,7212.0,2.0,0.0,1.0,0.0,1.0,20.0,4.0,16.0,0.0,1.0
ILLINOIS,Sauget,130.0,4.0,0.0,0.0,2.0,2.0,57.0,15.0,34.0,8.0,1.0
ILLINOIS,Sauk Village,9360.0,38.0,2.0,9.0,8.0,19.0,125.0,17.0,76.0,32.0,3.0
ILLINOIS,Schaumburg,74882.0,68.0,0.0,21.0,17.0,30.0,1796.0,130.0,1578.0,88.0,1.0
ILLINOIS,Sesser,1848.0,2.0,0.0,0.0,1.0,1.0,1.0,0.0,1.0,0.0,0.0
ILLINOIS,Shelbyville,4529.0,4.0,0.0,2.0,0.0,2.0,9.0,5.0,4.0,0.0,0.0
ILLINOIS,Sherman,4576.0,0.0,0.0,0.0,0.0,0.0,9.0,2.0,6.0,1.0,0.0
ILLINOIS,Shiloh,14950.0,26.0,0.0,4.0,1.0,21.0,95.0,27.0,54.0,14.0,0.0
ILLINOIS,Shorewood,18433.0,17.0,0.0,0.0,3.0,14.0,151.0,12.0,126.0,13.0,2.0
ILLINOIS,Sidell,469.0,0.0,0.0,0.0,0.0,0.0,0.0,0.0,0.0,0.0,0.0
ILLINOIS,Silvis,7865.0,19.0,0.0,1.0,1.0,17.0,285.0,69.0,197.0,19.0,1.0
ILLINOIS,Skokie,64047.0,131.0,0.0,19.0,41.0,71.0,1720.0,458.0,1073.0,189.0,4.0
ILLINOIS,Sleepy Hollow,3109.0,0.0,0.0,0.0,0.0,0.0,9.0,4.0,5.0,0.0,0.0
ILLINOIS,Smithton,3866.0,0.0,0.0,0.0,0.0,0.0,9.0,0.0,9.0,0.0,0.0
ILLINOIS,Somonauk,1752.0,0.0,0.0,0.0,0.0,0.0,7.0,0.0,6.0,1.0,0.0
ILLINOIS,South Barrington,4944.0,0.0,0.0,0.0,0.0,0.0,38.0,12.0,22.0,4.0,0.0
ILLINOIS,South Beloit,7866.0,13.0,0.0,6.0,1.0,6.0,80.0,19.0,56.0,5.0,0.0
ILLINOIS,South Chicago Heights,3780.0,9.0,0.0,0.0,2.0,7.0,124.0,10.0,98.0,16.0,0.0
ILLINOIS,South Elgin,24420.0,46.0,0.0,13.0,2.0,31.0,163.0,22.0,121.0,20.0,1.0
ILLINOIS,Southern View,1540.0,6.0,0.0,1.0,0.0,5.0,85.0,18.0,54.0,13.0,0.0
ILLINOIS,South Holland,20192.0,68.0,2.0,8.0,22.0,36.0,427.0,61.0,249.0,117.0,2.0
ILLINOIS,South Jacksonville,3187.0,7.0,0.0,2.0,0.0,5.0,14.0,1.0,12.0,1.0,0.0
ILLINOIS,South Roxana,1843.0,7.0,0.0,2.0,0.0,5.0,11.0,5.0,6.0,0.0,0.0
ILLINOIS,Sparta,4749.0,8.0,0.0,1.0,0.0,7.0,68.0,17.0,49.0,2.0,1.0
ILLINOIS,Springfield,111965.0,1009.0,9.0,119.0,150.0,731.0,5499.0,1707.0,3150.0,642.0,36.0
ILLINOIS,Spring Grove,5523.0,1.0,0.0,0.0,0.0,1.0,22.0,5.0,17.0,0.0,0.0
ILLINOIS,Spring Valley,5403.0,1.0,0.0,1.0,0.0,0.0,32.0,3.0,22.0,7.0,0.0
ILLINOIS,Stanford,582.0,0.0,0.0,0.0,0.0,0.0,0.0,0.0,0.0,0.0,0.0
ILLINOIS,St. Anne,1120.0,3.0,0.0,0.0,0.0,3.0,17.0,0.0,16.0,1.0,0.0
ILLINOIS,St. Charles,32529.0,30.0,1.0,13.0,2.0,14.0,346.0,42.0,298.0,6.0,0.0
ILLINOIS,Steger,9190.0,29.0,0.0,4.0,2.0,23.0,162.0,43.0,70.0,49.0,0.0
ILLINOIS,St. Elmo,1238.0,3.0,0.0,1.0,0.0,2.0,17.0,0.0,16.0,1.0,0.0
ILLINOIS,Sterling,14400.0,46.0,3.0,14.0,3.0,26.0,192.0,48.0,121.0,23.0,1.0
ILLINOIS,Stickney,6711.0,1.0,0.0,0.0,0.0,1.0,48.0,15.0,32.0,1.0,0.0
ILLINOIS,Stockton,1683.0,2.0,0.0,0.0,0.0,2.0,11.0,0.0,9.0,2.0,0.0
ILLINOIS,Stone Park,4349.0,4.0,0.0,1.0,0.0,3.0,6.0,0.0,4.0,2.0,0.0
ILLINOIS,Streamwood,37245.0,48.0,1.0,18.0,7.0,22.0,263.0,69.0,169.0,25.0,1.0
ILLINOIS,Streator,12203.0,23.0,0.0,4.0,0.0,19.0,214.0,36.0,174.0,4.0,2.0
ILLINOIS,Sugar Grove,9194.0,3.0,0.0,0.0,0.0,3.0,30.0,7.0,20.0,3.0,0.0
ILLINOIS,Sullivan,4230.0,3.0,0.0,0.0,0.0,3.0,3.0,1.0,2.0,0.0,0.0
ILLINOIS,Summit,10455.0,49.0,2.0,10.0,14.0,23.0,160.0,27.0,103.0,30.0,2.0
ILLINOIS,Swansea,14515.0,6.0,0.0,1.0,0.0,5.0,108.0,13.0,90.0,5.0,0.0
ILLINOIS,Sycamore,18718.0,8.0,1.0,3.0,0.0,4.0,189.0,16.0,155.0,18.0,2.0
ILLINOIS,Taylorville,10171.0,21.0,0.0,2.0,0.0,19.0,121.0,22.0,89.0,10.0,1.0
ILLINOIS,Thomasboro,988.0,0.0,0.0,0.0,0.0,0.0,2.0,0.0,2.0,0.0,0.0
ILLINOIS,Thornton,2239.0,4.0,0.0,0.0,3.0,1.0,42.0,17.0,19.0,6.0,0.0
ILLINOIS,Tilton,2538.0,7.0,0.0,4.0,1.0,2.0,84.0,19.0,62.0,3.0,0.0
ILLINOIS,Tinley Park,53256.0,58.0,4.0,13.0,10.0,31.0,663.0,106.0,476.0,81.0,1.0
ILLINOIS,Tolono,3448.0,0.0,0.0,0.0,0.0,0.0,13.0,1.0,11.0,1.0,0.0
ILLINOIS,Tonica,731.0,0.0,0.0,0.0,0.0,0.0,0.0,0.0,0.0,0.0,0.0
ILLINOIS,Toulon,1142.0,0.0,0.0,0.0,0.0,0.0,1.0,0.0,1.0,0.0,0.0
ILLINOIS,Tower Lakes ,1193.0,0.0,0.0,0.0,0.0,0.0,0.0,0.0,0.0,0.0,0.0
ILLINOIS,Tremont,2233.0,0.0,0.0,0.0,0.0,0.0,12.0,1.0,10.0,1.0,0.0
ILLINOIS,Trenton,2629.0,1.0,0.0,0.0,0.0,1.0,6.0,1.0,5.0,0.0,0.0
ILLINOIS,Troy,11297.0,1.0,0.0,0.0,0.0,1.0,52.0,13.0,33.0,6.0,0.0
ILLINOIS,Tuscola,4603.0,17.0,1.0,3.0,0.0,13.0,24.0,6.0,16.0,2.0,1.0
ILLINOIS,Union,610.0,0.0,0.0,0.0,0.0,0.0,4.0,0.0,0.0,4.0,0.0
ILLINOIS,University Park,6960.0,21.0,0.0,2.0,4.0,15.0,120.0,13.0,65.0,42.0,0.0
ILLINOIS,Urbana,38204.0,208.0,1.0,21.0,31.0,155.0,952.0,186.0,665.0,101.0,5.0
ILLINOIS,Valmeyer,1207.0,0.0,0.0,0.0,0.0,0.0,3.0,1.0,2.0,0.0,1.0
ILLINOIS,Vandalia,7327.0,3.0,0.0,3.0,0.0,0.0,87.0,21.0,57.0,9.0,0.0
ILLINOIS,Vernon Hills,26629.0,16.0,2.0,4.0,3.0,7.0,390.0,37.0,340.0,13.0,1.0
ILLINOIS,Vienna,1342.0,1.0,0.0,0.0,1.0,0.0,21.0,3.0,17.0,1.0,0.0
ILLINOIS,Villa Park,21570.0,39.0,2.0,13.0,4.0,20.0,338.0,46.0,267.0,25.0,1.0
ILLINOIS,Virden,3148.0,14.0,0.0,6.0,0.0,8.0,43.0,28.0,12.0,3.0,3.0
ILLINOIS,Warrenville,15530.0,4.0,1.0,1.0,0.0,2.0,111.0,14.0,92.0,5.0,0.0
ILLINOIS,Washington,15760.0,15.0,0.0,3.0,1.0,11.0,178.0,16.0,157.0,5.0,0.0
ILLINOIS,Waterman,1417.0,0.0,0.0,0.0,0.0,0.0,0.0,0.0,0.0,0.0,0.0
ILLINOIS,Watseka,4458.0,8.0,0.0,2.0,1.0,5.0,61.0,5.0,54.0,2.0,1.0
ILLINOIS,Waukegan,87155.0,388.0,5.0,77.0,53.0,253.0,1407.0,236.0,714.0,457.0,11.0
ILLINOIS,Wayne,2235.0,0.0,0.0,0.0,0.0,0.0,2.0,1.0,1.0,0.0,0.0
ILLINOIS,Westchester,15856.0,9.0,0.0,1.0,4.0,4.0,99.0,10.0,67.0,22.0,0.0
ILLINOIS,West Chicago,24968.0,46.0,2.0,15.0,1.0,28.0,153.0,27.0,114.0,12.0,2.0
ILLINOIS,West City,637.0,1.0,0.0,0.0,0.0,1.0,84.0,1.0,83.0,0.0,0.0
ILLINOIS,West Dundee,7882.0,12.0,0.0,2.0,2.0,8.0,76.0,10.0,62.0,4.0,1.0
ILLINOIS,Western Springs,13191.0,1.0,0.0,0.0,1.0,0.0,36.0,9.0,26.0,1.0,0.0
ILLINOIS,Westmont,23785.0,13.0,0.0,4.0,0.0,9.0,250.0,57.0,177.0,16.0,0.0
ILLINOIS,Westville,3019.0,10.0,0.0,1.0,0.0,9.0,41.0,6.0,30.0,5.0,1.0
ILLINOIS,Wheaton,52649.0,26.0,0.0,14.0,3.0,9.0,285.0,49.0,224.0,12.0,2.0
ILLINOIS,Wheeling,37251.0,23.0,1.0,11.0,4.0,7.0,338.0,81.0,218.0,39.0,1.0
ILLINOIS,White Hall,2177.0,3.0,0.0,0.0,0.0,3.0,19.0,4.0,12.0,3.0,1.0
ILLINOIS,Willowbrook,8981.0,14.0,0.0,7.0,1.0,6.0,180.0,26.0,134.0,20.0,1.0
ILLINOIS,Willow Springs,5639.0,0.0,0.0,0.0,0.0,0.0,22.0,5.0,14.0,3.0,0.0
ILLINOIS,Wilmette,26685.0,6.0,0.0,2.0,2.0,2.0,317.0,92.0,217.0,8.0,0.0
ILLINOIS,Wilmington,5542.0,13.0,0.0,5.0,1.0,7.0,42.0,6.0,35.0,1.0,2.0
ILLINOIS,Winfield,10137.0,6.0,0.0,3.0,0.0,3.0,35.0,1.0,31.0,3.0,0.0
ILLINOIS,Winnebago,2860.0,1.0,0.0,1.0,0.0,0.0,14.0,0.0,14.0,0.0,0.0
ILLINOIS,Winnetka,12159.0,10.0,0.0,5.0,1.0,4.0,80.0,21.0,51.0,8.0,0.0
ILLINOIS,Wonder Lake,5248.0,1.0,0.0,0.0,0.0,1.0,26.0,6.0,20.0,0.0,0.0
ILLINOIS,Wood Dale,13689.0,14.0,0.0,6.0,1.0,7.0,149.0,31.0,106.0,12.0,0.0
ILLINOIS,Woodridge,33387.0,20.0,3.0,7.0,4.0,6.0,273.0,27.0,228.0,18.0,4.0
ILLINOIS,Wood River,10216.0,28.0,0.0,11.0,3.0,14.0,175.0,40.0,123.0,12.0,1.0
ILLINOIS,Woodstock,25731.0,24.0,0.0,10.0,1.0,13.0,140.0,9.0,120.0,11.0,0.0
ILLINOIS,Worden,1062.0,0.0,0.0,0.0,0.0,0.0,1.0,0.0,1.0,0.0,0.0
ILLINOIS,Worth,10352.0,21.0,0.0,6.0,2.0,13.0,115.0,17.0,80.0,18.0,1.0
ILLINOIS,Yorkville,25788.0,19.0,0.0,16.0,0.0,3.0,100.0,21.0,78.0,1.0,0.0
ILLINOIS,Zion,24068.0,109.0,3.0,22.0,11.0,73.0,239.0,57.0,132.0,50.0,2.0
INDIANA,Albion,2224.0,4.0,0.0,4.0,0.0,0.0,11.0,3.0,7.0,1.0,0.0
INDIANA,Anderson,55355.0,232.0,3.0,38.0,30.0,161.0,1249.0,150.0,918.0,181.0,2.0
INDIANA,Angola,9488.0,10.0,0.0,3.0,0.0,7.0,213.0,7.0,197.0,9.0,0.0
INDIANA,Auburn,14010.0,1.0,0.0,0.0,0.0,1.0,59.0,5.0,48.0,6.0,0.0
INDIANA,Austin,4195.0,1.0,0.0,1.0,0.0,0.0,52.0,4.0,38.0,10.0,0.0
INDIANA,Avon,25147.0,34.0,2.0,1.0,13.0,18.0,404.0,18.0,344.0,42.0,0.0
INDIANA,Bargersville,11568.0,7.0,0.0,0.0,1.0,6.0,49.0,4.0,37.0,8.0,1.0
INDIANA,Batesville,7403.0,1.0,0.0,0.0,0.0,1.0,23.0,1.0,19.0,3.0,0.0
INDIANA,Bedford,13872.0,7.0,1.0,0.0,1.0,5.0,35.0,5.0,28.0,2.0,4.0
INDIANA,Beech Grove,14335.0,40.0,1.0,9.0,6.0,24.0,237.0,25.0,139.0,73.0,0.0
INDIANA,Berne,4242.0,3.0,0.0,0.0,0.0,3.0,8.0,0.0,8.0,0.0,1.0
INDIANA,Bloomington,78762.0,226.0,3.0,48.0,44.0,131.0,2141.0,178.0,1832.0,131.0,15.0
INDIANA,Bluffton,10519.0,19.0,0.0,6.0,1.0,12.0,77.0,5.0,64.0,8.0,0.0
INDIANA,Boonville,6681.0,27.0,0.0,2.0,0.0,25.0,112.0,5.0,97.0,10.0,0.0
INDIANA,Brazil,8228.0,53.0,0.0,6.0,1.0,46.0,152.0,26.0,108.0,18.0,2.0
INDIANA,Bristol,1785.0,5.0,0.0,2.0,0.0,3.0,37.0,8.0,26.0,3.0,0.0
INDIANA,Brookville,2650.0,0.0,0.0,0.0,0.0,0.0,6.0,0.0,5.0,1.0,0.0
INDIANA,Brownsburg,33343.0,21.0,0.0,6.0,3.0,12.0,200.0,12.0,156.0,32.0,0.0
INDIANA,Butler,2694.0,2.0,0.0,0.0,0.0,2.0,18.0,1.0,14.0,3.0,0.0
INDIANA,Carmel,103107.0,68.0,0.0,13.0,6.0,49.0,838.0,47.0,702.0,89.0,3.0
INDIANA,Cedar Lake,16748.0,11.0,0.0,1.0,2.0,8.0,44.0,3.0,37.0,4.0,0.0
INDIANA,Charlestown,8685.0,9.0,0.0,1.0,0.0,8.0,63.0,3.0,54.0,6.0,0.0
INDIANA,Chrisney,469.0,0.0,0.0,0.0,0.0,0.0,0.0,0.0,0.0,0.0,0.0
INDIANA,Cicero,5737.0,6.0,0.0,0.0,0.0,6.0,11.0,0.0,11.0,0.0,0.0
INDIANA,Clarksville,22174.0,53.0,0.0,5.0,8.0,40.0,729.0,30.0,625.0,74.0,1.0
INDIANA,Columbia City,10186.0,13.0,0.0,3.0,0.0,10.0,88.0,6.0,73.0,9.0,1.0
INDIANA,Columbus,51867.0,7.0,0.0,0.0,7.0,0.0,43.0,43.0,0.0,0.0,1.0
INDIANA,Crawfordsville,16662.0,31.0,0.0,7.0,2.0,22.0,107.0,18.0,78.0,11.0,1.0
INDIANA,Crown Point,35185.0,27.0,1.0,7.0,1.0,18.0,187.0,12.0,166.0,9.0,0.0
INDIANA,Cumberland,6571.0,22.0,0.0,3.0,10.0,9.0,154.0,11.0,125.0,18.0,2.0
INDIANA,Danville,11830.0,11.0,0.0,4.0,2.0,5.0,85.0,3.0,76.0,6.0,0.0
INDIANA,Dayton,1367.0,1.0,0.0,1.0,0.0,0.0,11.0,0.0,10.0,1.0,0.0
INDIANA,Decatur,10053.0,17.0,1.0,7.0,0.0,9.0,68.0,4.0,57.0,7.0,1.0
INDIANA,Dyer,16278.0,2.0,0.0,0.0,1.0,1.0,56.0,3.0,46.0,7.0,0.0
INDIANA,East Chicago,25662.0,212.0,3.0,19.0,21.0,169.0,408.0,37.0,236.0,135.0,8.0
INDIANA,Elkhart,53357.0,531.0,1.0,45.0,39.0,446.0,1387.0,316.0,918.0,153.0,11.0
INDIANA,Elwood,8430.0,8.0,0.0,2.0,0.0,6.0,39.0,5.0,29.0,5.0,0.0
INDIANA,Evansville,114660.0,1383.0,12.0,99.0,65.0,1207.0,4218.0,590.0,3235.0,393.0,30.0
INDIANA,Fishers,105680.0,77.0,1.0,11.0,6.0,59.0,696.0,32.0,589.0,75.0,1.0
INDIANA,Fort Wayne,271892.0,836.0,30.0,116.0,149.0,541.0,6046.0,591.0,4735.0,720.0,55.0
INDIANA,Frankfort,16313.0,18.0,0.0,8.0,4.0,6.0,173.0,24.0,136.0,13.0,1.0
INDIANA,Franklin,26089.0,22.0,0.0,8.0,3.0,11.0,284.0,14.0,249.0,21.0,1.0
INDIANA,Fremont,2074.0,6.0,4.0,1.0,0.0,1.0,8.0,1.0,6.0,1.0,0.0
INDIANA,Gas City,6075.0,3.0,0.0,0.0,0.0,3.0,37.0,1.0,34.0,2.0,0.0
INDIANA,Goshen,34308.0,76.0,0.0,24.0,10.0,42.0,849.0,93.0,711.0,45.0,4.0
INDIANA,Greensburg,12374.0,24.0,0.0,4.0,0.0,20.0,175.0,6.0,155.0,14.0,0.0
INDIANA,Greenwood,67086.0,73.0,1.0,4.0,13.0,55.0,1026.0,44.0,886.0,96.0,1.0
INDIANA,Griffith,16122.0,21.0,0.0,2.0,4.0,15.0,159.0,16.0,127.0,16.0,2.0
INDIANA,Hammond,75677.0,561.0,11.0,32.0,69.0,449.0,2325.0,175.0,1863.0,287.0,7.0
INDIANA,Highland,23381.0,23.0,0.0,0.0,7.0,16.0,373.0,14.0,345.0,14.0,0.0
INDIANA,Hobart,29306.0,44.0,0.0,8.0,8.0,28.0,666.0,30.0,593.0,43.0,2.0
INDIANA,Huntingburg,6527.0,18.0,0.0,2.0,0.0,16.0,20.0,4.0,12.0,4.0,1.0
INDIANA,Huntington,16985.0,8.0,0.0,7.0,0.0,1.0,59.0,4.0,50.0,5.0,0.0
INDIANA,Indianapolis,890685.0,7819.0,178.0,527.0,1275.0,5839.0,29714.0,4613.0,18456.0,6645.0,206.0
INDIANA,Jasonville,2015.0,5.0,0.0,1.0,0.0,4.0,14.0,2.0,9.0,3.0,0.0
INDIANA,Jasper,16806.0,20.0,1.0,4.0,0.0,15.0,102.0,5.0,93.0,4.0,0.0
INDIANA,Jeffersonville,51804.0,167.0,2.0,14.0,18.0,133.0,863.0,101.0,583.0,179.0,1.0
INDIANA,Kendallville,10229.0,21.0,0.0,6.0,0.0,15.0,72.0,2.0,67.0,3.0,0.0
INDIANA,Knox,3578.0,18.0,0.0,1.0,1.0,16.0,19.0,4.0,11.0,4.0,0.0
INDIANA,Kokomo,59995.0,291.0,2.0,35.0,23.0,231.0,850.0,138.0,616.0,96.0,2.0
INDIANA,Lafayette,71374.0,428.0,5.0,88.0,32.0,303.0,1458.0,109.0,1172.0,177.0,6.0
INDIANA,LaGrange,2742.0,2.0,0.0,2.0,0.0,0.0,14.0,0.0,11.0,3.0,0.0
INDIANA,La Porte,22511.0,47.0,0.0,8.0,5.0,34.0,369.0,90.0,251.0,28.0,2.0
INDIANA,Lawrence,49200.0,144.0,6.0,23.0,37.0,78.0,850.0,70.0,566.0,214.0,2.0
INDIANA,Lebanon,17435.0,58.0,0.0,1.0,2.0,55.0,168.0,20.0,131.0,17.0,1.0
INDIANA,Linton,5213.0,12.0,0.0,4.0,0.0,8.0,99.0,2.0,89.0,8.0,0.0
INDIANA,Logansport,18197.0,13.0,1.0,10.0,2.0,0.0,221.0,22.0,187.0,12.0,0.0
INDIANA,Lowell,11422.0,3.0,0.0,0.0,0.0,3.0,23.0,1.0,21.0,1.0,0.0
INDIANA,Marion,28057.0,30.0,0.0,6.0,7.0,17.0,310.0,29.0,250.0,31.0,0.0
INDIANA,Markle,1082.0,0.0,0.0,0.0,0.0,0.0,7.0,1.0,5.0,1.0,0.0
INDIANA,McCordsville,12208.0,33.0,0.0,1.0,0.0,32.0,93.0,2.0,81.0,10.0,0.0
INDIANA,Michigan City,31543.0,92.0,2.0,8.0,19.0,63.0,667.0,50.0,560.0,57.0,5.0
INDIANA,Milford,1604.0,5.0,0.0,0.0,0.0,5.0,3.0,1.0,2.0,0.0,0.0
INDIANA,Mishawaka,50776.0,120.0,0.0,23.0,17.0,80.0,1305.0,176.0,1015.0,114.0,1.0
INDIANA,Mount Vernon,6315.0,21.0,0.0,1.0,2.0,18.0,51.0,9.0,37.0,5.0,1.0
INDIANA,Muncie,65072.0,392.0,3.0,56.0,23.0,310.0,1469.0,282.0,938.0,249.0,2.0
INDIANA,Munster,23524.0,12.0,0.0,0.0,4.0,8.0,242.0,8.0,223.0,11.0,1.0
INDIANA,Nappanee,6845.0,14.0,0.0,7.0,0.0,7.0,45.0,5.0,34.0,6.0,0.0
INDIANA,New Albany,37174.0,99.0,3.0,8.0,15.0,73.0,900.0,76.0,747.0,77.0,1.0
INDIANA,New Castle,17306.0,13.0,4.0,1.0,1.0,7.0,127.0,15.0,95.0,17.0,1.0
INDIANA,New Haven,16098.0,33.0,1.0,4.0,2.0,26.0,175.0,37.0,121.0,17.0,2.0
INDIANA,New Palestine,3840.0,9.0,0.0,2.0,0.0,7.0,3.0,2.0,1.0,0.0,0.0
INDIANA,Noblesville,75216.0,63.0,0.0,17.0,2.0,44.0,405.0,22.0,332.0,51.0,0.0
INDIANA,North Vernon,6553.0,15.0,0.0,4.0,0.0,11.0,73.0,9.0,60.0,4.0,0.0
INDIANA,North Webster,993.0,4.0,0.0,0.0,0.0,4.0,25.0,2.0,23.0,0.0,0.0
INDIANA,Pendleton,5933.0,2.0,0.0,0.0,0.0,2.0,3.0,1.0,2.0,0.0,0.0
INDIANA,Pittsboro,4405.0,5.0,0.0,2.0,0.0,3.0,16.0,3.0,12.0,1.0,0.0
INDIANA,Plainfield,37790.0,93.0,0.0,11.0,10.0,72.0,547.0,36.0,430.0,81.0,2.0
INDIANA,Portage,38700.0,91.0,4.0,15.0,4.0,68.0,429.0,29.0,378.0,22.0,3.0
INDIANA,Porter,5205.0,1.0,0.0,0.0,0.0,1.0,10.0,1.0,9.0,0.0,0.0
INDIANA,Schererville,29656.0,37.0,0.0,5.0,5.0,27.0,375.0,15.0,344.0,16.0,0.0
INDIANA,Seymour,21678.0,10.0,0.0,4.0,2.0,4.0,339.0,19.0,294.0,26.0,0.0
INDIANA,Shelbyville,20773.0,53.0,0.0,2.0,3.0,48.0,212.0,24.0,161.0,27.0,0.0
INDIANA,Shipshewana,857.0,0.0,0.0,0.0,0.0,0.0,15.0,0.0,14.0,1.0,0.0
INDIANA,South Bend,103415.0,998.0,3.0,59.0,70.0,866.0,2114.0,238.0,1427.0,449.0,24.0
INDIANA,Speedway,14229.0,23.0,1.0,4.0,6.0,12.0,372.0,18.0,264.0,90.0,1.0
INDIANA,St. John,24790.0,6.0,0.0,1.0,0.0,5.0,32.0,1.0,28.0,3.0,0.0
INDIANA,Tell City,7480.0,12.0,0.0,4.0,0.0,8.0,66.0,5.0,57.0,4.0,1.0
INDIANA,Terre Haute,58536.0,322.0,2.0,32.0,53.0,235.0,2006.0,396.0,1373.0,237.0,33.0
INDIANA,Tipton,5230.0,9.0,0.0,2.0,1.0,6.0,16.0,5.0,9.0,2.0,1.0
INDIANA,Valparaiso,34784.0,23.0,0.0,5.0,2.0,16.0,281.0,17.0,255.0,9.0,0.0
INDIANA,Vincennes,16535.0,20.0,1.0,4.0,3.0,12.0,415.0,35.0,344.0,36.0,1.0
INDIANA,Walkerton,2090.0,7.0,0.0,0.0,1.0,6.0,9.0,2.0,6.0,1.0,0.0
INDIANA,Warsaw,16195.0,67.0,0.0,6.0,3.0,58.0,285.0,20.0,246.0,19.0,2.0
INDIANA,Washington,12674.0,34.0,1.0,6.0,0.0,27.0,60.0,5.0,51.0,4.0,0.0
INDIANA,Westfield,61845.0,26.0,0.0,6.0,3.0,17.0,398.0,34.0,344.0,20.0,0.0
INDIANA,West Lafayette,44906.0,42.0,0.0,3.0,2.0,37.0,541.0,28.0,488.0,25.0,0.0
INDIANA,Whiteland,5699.0,4.0,0.0,1.0,1.0,2.0,46.0,5.0,29.0,12.0,0.0
INDIANA,Whitestown,14097.0,29.0,0.0,1.0,3.0,25.0,185.0,9.0,165.0,11.0,3.0
INDIANA,Whiting,4485.0,16.0,1.0,2.0,0.0,13.0,74.0,3.0,61.0,10.0,0.0
INDIANA,Winona Lake,5112.0,4.0,0.0,0.0,0.0,4.0,15.0,2.0,12.0,1.0,0.0
INDIANA,Yorktown,11810.0,6.0,0.0,1.0,1.0,4.0,26.0,5.0,21.0,0.0,2.0
INDIANA,Zionsville,33121.0,7.0,1.0,2.0,1.0,3.0,92.0,3.0,78.0,11.0,0.0
IOWA,Adel,6577.0,5.0,0.0,2.0,1.0,2.0,42.0,8.0,29.0,5.0,0.0
IOWA,Albia,3640.0,21.0,0.0,0.0,0.0,21.0,19.0,10.0,5.0,4.0,0.0
IOWA,Algona,5298.0,5.0,0.0,0.0,0.0,5.0,7.0,0.0,6.0,1.0,0.0
IOWA,Altoona,22422.0,32.0,0.0,2.0,3.0,27.0,451.0,26.0,398.0,27.0,0.0
IOWA,Ames,65426.0,97.0,0.0,46.0,5.0,46.0,985.0,113.0,814.0,58.0,2.0
IOWA,Anamosa,5791.0,6.0,0.0,0.0,0.0,6.0,33.0,1.0,27.0,5.0,0.0
IOWA,Ankeny,76547.0,127.0,0.0,31.0,5.0,91.0,782.0,49.0,668.0,65.0,0.0
IOWA,Asbury,6022.0,6.0,0.0,0.0,0.0,6.0,6.0,1.0,5.0,0.0,0.0
IOWA,Atlantic,6778.0,25.0,0.0,4.0,0.0,21.0,135.0,9.0,120.0,6.0,0.0
IOWA,Belle Plaine,2344.0,9.0,0.0,0.0,1.0,8.0,37.0,5.0,30.0,2.0,0.0
IOWA,Bettendorf,40105.0,42.0,0.0,17.0,2.0,23.0,348.0,66.0,254.0,28.0,1.0
IOWA,Blue Grass,1693.0,0.0,0.0,0.0,0.0,0.0,0.0,0.0,0.0,0.0,0.0
IOWA,Buffalo,1159.0,1.0,0.0,0.0,0.0,1.0,1.0,0.0,1.0,0.0,0.0
IOWA,Burlington,23444.0,97.0,2.0,9.0,4.0,82.0,428.0,64.0,318.0,46.0,5.0
IOWA,Camanche,4546.0,9.0,0.0,0.0,0.0,9.0,29.0,6.0,17.0,6.0,0.0
IOWA,Carlisle,4381.0,5.0,0.0,1.0,1.0,3.0,23.0,2.0,19.0,2.0,0.0
IOWA,Carroll,10118.0,4.0,0.0,0.0,0.0,4.0,99.0,16.0,77.0,6.0,0.0
IOWA,Carter Lake,3749.0,21.0,0.0,1.0,4.0,16.0,178.0,33.0,124.0,21.0,0.0
IOWA,Cedar Rapids,135363.0,354.0,1.0,15.0,41.0,297.0,3640.0,371.0,2982.0,287.0,9.0
IOWA,Centerville,5323.0,14.0,0.0,3.0,1.0,10.0,56.0,10.0,43.0,3.0,1.0
IOWA,Charles City,7177.0,23.0,0.0,1.0,0.0,22.0,60.0,18.0,38.0,4.0,0.0
IOWA,Cherokee,5158.0,11.0,0.0,0.0,0.0,11.0,17.0,5.0,12.0,0.0,0.0
IOWA,Clarence,993.0,2.0,0.0,1.0,0.0,1.0,0.0,0.0,0.0,0.0,0.0
IOWA,Clarinda,5286.0,15.0,0.0,2.0,0.0,13.0,54.0,6.0,45.0,3.0,0.0
IOWA,Clarion,2725.0,5.0,0.0,0.0,0.0,5.0,13.0,5.0,7.0,1.0,0.0
IOWA,Clear Lake,7536.0,19.0,0.0,4.0,0.0,15.0,123.0,14.0,98.0,11.0,0.0
IOWA,Clinton,24171.0,87.0,0.0,16.0,7.0,64.0,659.0,109.0,500.0,50.0,9.0
IOWA,Clive,19124.0,40.0,0.0,7.0,2.0,31.0,223.0,17.0,182.0,24.0,2.0
IOWA,Colfax,2265.0,3.0,0.0,0.0,0.0,3.0,7.0,1.0,5.0,1.0,0.0
IOWA,Coralville,24033.0,32.0,0.0,8.0,2.0,22.0,496.0,28.0,453.0,15.0,0.0
IOWA,Council Bluffs,62269.0,262.0,2.0,45.0,44.0,171.0,1527.0,303.0,1018.0,206.0,8.0
IOWA,Cresco,3895.0,4.0,0.0,1.0,0.0,3.0,5.0,2.0,3.0,0.0,0.0
IOWA,Creston,7345.0,20.0,0.0,5.0,1.0,14.0,76.0,13.0,54.0,9.0,0.0
IOWA,Davenport,99926.0,581.0,8.0,108.0,65.0,400.0,3538.0,653.0,2554.0,331.0,19.0
IOWA,Decorah,7578.0,9.0,0.0,1.0,0.0,8.0,17.0,4.0,11.0,2.0,0.0
IOWA,Denison,8037.0,10.0,0.0,1.0,0.0,9.0,66.0,7.0,51.0,8.0,2.0
IOWA,Denver,1954.0,0.0,0.0,0.0,0.0,0.0,5.0,0.0,5.0,0.0,0.0
IOWA,Des Moines,209245.0,1471.0,9.0,107.0,157.0,1198.0,6542.0,968.0,4482.0,1092.0,34.0
IOWA,De Soto,937.0,4.0,0.0,0.0,0.0,4.0,24.0,6.0,13.0,5.0,0.0
IOWA,DeWitt,5611.0,14.0,0.0,4.0,0.0,10.0,56.0,16.0,33.0,7.0,0.0
IOWA,Dubuque,58620.0,235.0,1.0,47.0,14.0,173.0,841.0,134.0,652.0,55.0,6.0
IOWA,Durant,1794.0,1.0,0.0,0.0,1.0,0.0,3.0,0.0,3.0,0.0,0.0
IOWA,Dyersville,4575.0,1.0,0.0,0.0,0.0,1.0,17.0,3.0,10.0,4.0,0.0
IOWA,Dysart,1256.0,1.0,0.0,1.0,0.0,0.0,2.0,2.0,0.0,0.0,0.0
IOWA,Earlham,1413.0,3.0,0.0,0.0,0.0,3.0,2.0,0.0,2.0,0.0,0.0
IOWA,Eldora,2569.0,54.0,0.0,8.0,0.0,46.0,17.0,0.0,16.0,1.0,1.0
IOWA,Eldridge,6886.0,3.0,0.0,2.0,0.0,1.0,23.0,1.0,20.0,2.0,0.0
IOWA,Emmetsburg,3599.0,11.0,0.0,0.0,0.0,11.0,18.0,5.0,12.0,1.0,0.0
IOWA,Estherville,5808.0,16.0,0.0,1.0,0.0,15.0,18.0,1.0,14.0,3.0,0.0
IOWA,Evansdale,4468.0,6.0,0.0,0.0,0.0,6.0,87.0,28.0,51.0,8.0,0.0
IOWA,Fairbank,1135.0,1.0,0.0,1.0,0.0,0.0,10.0,0.0,2.0,8.0,0.0
IOWA,Fairfield,9251.0,13.0,0.0,3.0,0.0,10.0,45.0,10.0,26.0,9.0,0.0
IOWA,Fort Dodge,24502.0,260.0,1.0,37.0,13.0,209.0,783.0,102.0,604.0,77.0,13.0
IOWA,Fort Madison,9964.0,28.0,0.0,10.0,2.0,16.0,170.0,28.0,119.0,23.0,2.0
IOWA,Glenwood,5218.0,3.0,0.0,0.0,1.0,2.0,35.0,8.0,23.0,4.0,0.0
IOWA,Gowrie,928.0,1.0,0.0,0.0,0.0,1.0,5.0,2.0,3.0,0.0,0.0
IOWA,Greenfield,2024.0,7.0,0.0,1.0,0.0,6.0,6.0,0.0,5.0,1.0,0.0
IOWA,Grinnell,9451.0,16.0,0.0,3.0,2.0,11.0,117.0,11.0,98.0,8.0,0.0
IOWA,Grundy Center,2806.0,0.0,0.0,0.0,0.0,0.0,9.0,2.0,6.0,1.0,0.0
IOWA,Hampton,4253.0,4.0,0.0,1.0,0.0,3.0,22.0,0.0,18.0,4.0,0.0
IOWA,Hawarden,2627.0,0.0,0.0,0.0,0.0,0.0,5.0,0.0,2.0,3.0,0.0
IOWA,Hiawatha,7230.0,26.0,0.0,1.0,0.0,25.0,71.0,10.0,54.0,7.0,0.0
IOWA,Huxley,4746.0,1.0,0.0,1.0,0.0,0.0,28.0,6.0,20.0,2.0,0.0
IOWA,Independence,6221.0,10.0,0.0,3.0,1.0,6.0,41.0,2.0,36.0,3.0,0.0
IOWA,Indianola,16104.0,44.0,0.0,10.0,0.0,34.0,237.0,34.0,190.0,13.0,1.0
IOWA,Iowa City,75934.0,244.0,0.0,41.0,38.0,165.0,1271.0,119.0,1055.0,97.0,4.0
IOWA,Iowa Falls,4974.0,10.0,0.0,1.0,0.0,9.0,78.0,8.0,67.0,3.0,0.0
IOWA,Jefferson,4074.0,4.0,0.0,1.0,0.0,3.0,53.0,33.0,17.0,3.0,0.0
IOWA,Johnston,24819.0,19.0,1.0,3.0,2.0,13.0,186.0,19.0,131.0,36.0,0.0
IOWA,Keokuk,9392.0,27.0,1.0,4.0,0.0,22.0,149.0,30.0,95.0,24.0,1.0
IOWA,Knoxville,7387.0,24.0,0.0,5.0,1.0,18.0,127.0,17.0,95.0,15.0,0.0
IOWA,Lake City,1654.0,1.0,0.0,1.0,0.0,0.0,7.0,1.0,6.0,0.0,0.0
IOWA,Lansing,951.0,1.0,0.0,0.0,0.0,1.0,3.0,0.0,3.0,0.0,0.0
IOWA,Le Claire,4755.0,6.0,0.0,0.0,0.0,6.0,18.0,3.0,12.0,3.0,0.0
IOWA,Le Mars,10624.0,10.0,2.0,1.0,1.0,6.0,98.0,5.0,86.0,7.0,0.0
IOWA,Manchester,5295.0,7.0,0.0,0.0,0.0,7.0,59.0,7.0,50.0,2.0,0.0
IOWA,Maquoketa,6029.0,15.0,0.0,0.0,0.0,15.0,120.0,25.0,91.0,4.0,3.0
IOWA,Marengo,2393.0,4.0,0.0,0.0,0.0,4.0,31.0,9.0,22.0,0.0,0.0
IOWA,Marion,42420.0,52.0,2.0,9.0,6.0,35.0,211.0,28.0,173.0,10.0,1.0
IOWA,Mar-Mac,1155.0,4.0,0.0,1.0,0.0,3.0,10.0,0.0,10.0,0.0,0.0
IOWA,Marshalltown,27576.0,82.0,2.0,12.0,4.0,64.0,489.0,83.0,377.0,29.0,8.0
IOWA,Mason City,26786.0,60.0,0.0,27.0,4.0,29.0,622.0,84.0,519.0,19.0,4.0
IOWA,Mechanicsville,983.0,0.0,0.0,0.0,0.0,0.0,11.0,3.0,7.0,1.0,0.0
IOWA,Missouri Valley,2649.0,4.0,0.0,1.0,0.0,3.0,30.0,3.0,22.0,5.0,0.0
IOWA,Mitchellville,2663.0,1.0,0.0,0.0,0.0,1.0,10.0,1.0,8.0,1.0,0.0
IOWA,Monroe,2024.0,3.0,0.0,0.0,0.0,3.0,7.0,1.0,5.0,1.0,1.0
IOWA,Monticello,4059.0,0.0,0.0,0.0,0.0,0.0,30.0,2.0,26.0,2.0,1.0
IOWA,Mount Pleasant,8371.0,4.0,0.0,2.0,0.0,2.0,89.0,24.0,57.0,8.0,0.0
IOWA,Mount Vernon-Lisbon,4555.0,9.0,0.0,3.0,0.0,6.0,24.0,10.0,12.0,2.0,0.0
IOWA,Muscatine,23208.0,57.0,0.0,7.0,3.0,47.0,285.0,55.0,197.0,33.0,0.0
IOWA,New Hampton,3399.0,3.0,0.0,1.0,0.0,2.0,3.0,0.0,2.0,1.0,0.0
IOWA,New Sharon,1243.0,0.0,0.0,0.0,0.0,0.0,1.0,1.0,0.0,0.0,0.0
IOWA,Newton,15611.0,60.0,0.0,14.0,4.0,42.0,217.0,39.0,168.0,10.0,0.0
IOWA,North Liberty,21635.0,15.0,0.0,4.0,0.0,11.0,86.0,20.0,58.0,8.0,0.0
IOWA,Norwalk,15588.0,17.0,0.0,4.0,0.0,13.0,28.0,0.0,28.0,0.0,0.0
IOWA,Oelwein,5753.0,12.0,0.0,1.0,0.0,11.0,32.0,6.0,24.0,2.0,0.0
IOWA,Ogden,1948.0,1.0,0.0,0.0,0.0,1.0,3.0,1.0,2.0,0.0,0.0
IOWA,Orange City,6438.0,3.0,0.0,1.0,0.0,2.0,12.0,1.0,10.0,1.0,0.0
IOWA,Osage,3505.0,4.0,0.0,0.0,0.0,4.0,22.0,9.0,12.0,1.0,0.0
IOWA,Osceola,5617.0,9.0,1.0,0.0,0.0,8.0,115.0,17.0,94.0,4.0,2.0
IOWA,Oskaloosa,11419.0,16.0,0.0,1.0,0.0,15.0,103.0,25.0,73.0,5.0,1.0
IOWA,Ottumwa,25185.0,100.0,2.0,21.0,7.0,70.0,659.0,108.0,490.0,61.0,4.0
IOWA,Panora,1082.0,1.0,0.0,0.0,0.0,1.0,3.0,1.0,2.0,0.0,0.0
IOWA,Pella,10940.0,12.0,0.0,3.0,0.0,9.0,104.0,12.0,89.0,3.0,0.0
IOWA,Peosta,2190.0,2.0,0.0,1.0,0.0,1.0,13.0,0.0,12.0,1.0,0.0
IOWA,Perry,8022.0,32.0,2.0,2.0,2.0,26.0,47.0,12.0,29.0,6.0,2.0
IOWA,Polk City,6557.0,2.0,0.0,1.0,0.0,1.0,19.0,3.0,15.0,1.0,0.0
IOWA,Postville,2386.0,7.0,0.0,0.0,0.0,7.0,14.0,0.0,10.0,4.0,0.0
IOWA,Prairie City,1717.0,1.0,0.0,0.0,0.0,1.0,3.0,0.0,2.0,1.0,0.0
IOWA,Preston,935.0,0.0,0.0,0.0,0.0,0.0,10.0,1.0,9.0,0.0,0.0
IOWA,Princeton,913.0,0.0,0.0,0.0,0.0,0.0,0.0,0.0,0.0,0.0,0.0
IOWA,Red Oak,5417.0,15.0,0.0,1.0,1.0,13.0,51.0,14.0,33.0,4.0,1.0
IOWA,Robins,3294.0,0.0,0.0,0.0,0.0,0.0,11.0,6.0,5.0,0.0,0.0
IOWA,Rock Valley,4038.0,0.0,0.0,0.0,0.0,0.0,9.0,6.0,3.0,0.0,0.0
IOWA,Sabula,490.0,3.0,0.0,0.0,0.0,3.0,16.0,2.0,14.0,0.0,2.0
IOWA,Sac City,2007.0,6.0,0.0,3.0,0.0,3.0,3.0,1.0,1.0,1.0,0.0
IOWA,Sheldon,5396.0,20.0,0.0,3.0,0.0,17.0,33.0,5.0,26.0,2.0,0.0
IOWA,Shenandoah,4872.0,32.0,0.0,1.0,0.0,31.0,25.0,2.0,19.0,4.0,0.0
IOWA,Sigourney,1980.0,0.0,0.0,0.0,0.0,0.0,0.0,0.0,0.0,0.0,0.0
IOWA,Sioux Center,8643.0,4.0,0.0,0.0,0.0,4.0,7.0,1.0,4.0,2.0,0.0
IOWA,Sioux City,85711.0,476.0,3.0,72.0,82.0,319.0,2849.0,407.0,2190.0,252.0,20.0
IOWA,Spencer,11501.0,6.0,0.0,3.0,2.0,1.0,114.0,11.0,103.0,0.0,1.0
IOWA,Spirit Lake,5557.0,19.0,0.0,1.0,0.0,18.0,77.0,13.0,60.0,4.0,1.0
IOWA,Storm Lake,11494.0,33.0,0.0,4.0,4.0,25.0,193.0,32.0,151.0,10.0,1.0
IOWA,Story City,3403.0,2.0,0.0,1.0,0.0,1.0,21.0,1.0,19.0,1.0,0.0
IOWA,Sumner,2032.0,2.0,0.0,0.0,0.0,2.0,1.0,0.0,1.0,0.0,0.0
IOWA,Tipton,3023.0,4.0,0.0,0.0,0.0,4.0,20.0,2.0,17.0,1.0,0.0
IOWA,University Heights,1175.0,1.0,0.0,1.0,0.0,0.0,0.0,0.0,0.0,0.0,0.0
IOWA,Urbana,1649.0,0.0,0.0,0.0,0.0,0.0,0.0,0.0,0.0,0.0,0.0
IOWA,Urbandale,47119.0,42.0,0.0,5.0,1.0,36.0,299.0,39.0,194.0,66.0,1.0
IOWA,Van Meter,1812.0,1.0,0.0,0.0,0.0,1.0,1.0,0.0,1.0,0.0,0.0
IOWA,Vinton,4960.0,3.0,0.0,1.0,0.0,2.0,18.0,2.0,16.0,0.0,0.0
IOWA,Walcott,1547.0,2.0,0.0,0.0,2.0,0.0,2.0,0.0,2.0,0.0,0.0
IOWA,Washington,7221.0,16.0,0.0,2.0,0.0,14.0,135.0,20.0,112.0,3.0,1.0
IOWA,Waterloo,66385.0,316.0,3.0,26.0,23.0,264.0,1623.0,389.0,1101.0,133.0,17.0
IOWA,Waukee,34520.0,49.0,1.0,8.0,3.0,37.0,221.0,21.0,178.0,22.0,5.0
IOWA,Waukon,3761.0,1.0,1.0,0.0,0.0,0.0,16.0,3.0,12.0,1.0,0.0
IOWA,Waverly,10611.0,15.0,0.0,2.0,0.0,13.0,94.0,6.0,85.0,3.0,0.0
IOWA,Webster City,7679.0,22.0,0.0,4.0,0.0,18.0,102.0,27.0,68.0,7.0,1.0
IOWA,West Branch,2841.0,3.0,0.0,1.0,0.0,2.0,9.0,1.0,8.0,0.0,0.0
IOWA,West Burlington,3149.0,6.0,0.0,1.0,0.0,5.0,302.0,9.0,285.0,8.0,0.0
IOWA,West Des Moines,73335.0,121.0,0.0,16.0,9.0,96.0,1257.0,84.0,1079.0,94.0,2.0
IOWA,West Liberty,3688.0,14.0,1.0,0.0,0.0,13.0,10.0,7.0,3.0,0.0,0.0
IOWA,Williamsburg,3350.0,6.0,0.0,1.0,0.0,5.0,30.0,1.0,29.0,0.0,0.0
IOWA,Wilton,2934.0,5.0,0.0,0.0,0.0,5.0,5.0,0.0,3.0,2.0,0.0
IOWA,Windsor Heights,5011.0,11.0,0.0,0.0,3.0,8.0,231.0,16.0,204.0,11.0,0.0
IOWA,Winterset,5373.0,10.0,0.0,5.0,0.0,5.0,39.0,7.0,29.0,3.0,0.0
IOWA,Woodward,1367.0,2.0,0.0,0.0,0.0,2.0,2.0,1.0,0.0,1.0,0.0
KANSAS,Abilene,6440.0,17.0,0.0,1.0,0.0,16.0,82.0,12.0,63.0,7.0,3.0
KANSAS,Andover,16108.0,12.0,0.0,3.0,0.0,9.0,213.0,25.0,175.0,13.0,0.0
KANSAS,Anthony,2061.0,12.0,0.0,4.0,0.0,8.0,8.0,1.0,6.0,1.0,0.0
KANSAS,Arkansas City,11700.0,47.0,0.0,5.0,3.0,39.0,254.0,47.0,191.0,16.0,1.0
KANSAS,Assaria,422.0,0.0,0.0,0.0,0.0,0.0,0.0,0.0,0.0,0.0,0.0
KANSAS,Atchison,10604.0,16.0,0.0,5.0,1.0,10.0,141.0,13.0,117.0,11.0,2.0
KANSAS,Atwood,1225.0,0.0,0.0,0.0,0.0,0.0,12.0,2.0,10.0,0.0,0.0
KANSAS,Augusta,9247.0,26.0,0.0,4.0,1.0,21.0,163.0,22.0,130.0,11.0,2.0
KANSAS,Baldwin City,4966.0,8.0,0.0,3.0,0.0,5.0,57.0,19.0,37.0,1.0,0.0
KANSAS,Basehor,8000.0,12.0,0.0,1.0,0.0,11.0,47.0,8.0,34.0,5.0,0.0
KANSAS,Baxter Springs,3813.0,9.0,0.0,0.0,0.0,9.0,67.0,19.0,43.0,5.0,0.0
KANSAS,Bel Aire,9989.0,8.0,0.0,2.0,0.0,6.0,71.0,15.0,48.0,8.0,0.0
KANSAS,Belle Plaine,1447.0,2.0,0.0,0.0,0.0,2.0,5.0,1.0,4.0,0.0,0.0
KANSAS,Belleville,1983.0,4.0,1.0,2.0,0.0,1.0,24.0,3.0,19.0,2.0,0.0
KANSAS,Beloit,3346.0,6.0,0.0,0.0,0.0,6.0,31.0,22.0,6.0,3.0,0.0
KANSAS,Bonner Springs,7631.0,31.0,0.0,5.0,2.0,24.0,121.0,6.0,100.0,15.0,1.0
KANSAS,Bucklin,700.0,0.0,0.0,0.0,0.0,0.0,0.0,0.0,0.0,0.0,0.0
KANSAS,Burlington,2579.0,6.0,0.0,0.0,0.0,6.0,15.0,1.0,14.0,0.0,0.0
KANSAS,Carbondale,1308.0,1.0,0.0,0.0,0.0,1.0,5.0,2.0,2.0,1.0,0.0
KANSAS,Chanute,8378.0,44.0,0.0,9.0,5.0,30.0,169.0,56.0,106.0,7.0,2.0
KANSAS,Cheney,2153.0,2.0,0.0,0.0,0.0,2.0,15.0,2.0,13.0,0.0,0.0
KANSAS,Cherryvale,2110.0,9.0,0.0,0.0,1.0,8.0,34.0,6.0,22.0,6.0,0.0
KANSAS,Claflin,538.0,0.0,0.0,0.0,0.0,0.0,0.0,0.0,0.0,0.0,0.0
KANSAS,Clay Center,4061.0,5.0,0.0,1.0,0.0,4.0,47.0,9.0,35.0,3.0,0.0
KANSAS,Clearwater,2636.0,1.0,0.0,0.0,0.0,1.0,11.0,4.0,6.0,1.0,0.0
KANSAS,Coffeyville,8494.0,45.0,1.0,3.0,2.0,39.0,221.0,32.0,175.0,14.0,1.0
KANSAS,Colby,5578.0,13.0,0.0,1.0,1.0,11.0,48.0,5.0,39.0,4.0,0.0
KANSAS,Columbus,2856.0,7.0,0.0,1.0,0.0,6.0,51.0,7.0,39.0,5.0,0.0
KANSAS,Concordia,4977.0,26.0,0.0,3.0,0.0,23.0,53.0,5.0,46.0,2.0,0.0
KANSAS,Delphos,301.0,0.0,0.0,0.0,0.0,0.0,0.0,0.0,0.0,0.0,0.0
KANSAS,Dodge City,27441.0,69.0,0.0,10.0,3.0,56.0,299.0,31.0,253.0,15.0,5.0
KANSAS,Edwardsville,4666.0,16.0,0.0,2.0,0.0,14.0,67.0,10.0,51.0,6.0,3.0
KANSAS,El Dorado,12941.0,35.0,1.0,6.0,3.0,25.0,184.0,21.0,137.0,26.0,1.0
KANSAS,Ellsworth,3155.0,2.0,0.0,0.0,0.0,2.0,17.0,4.0,10.0,3.0,0.0
KANSAS,Elwood,1124.0,17.0,0.0,4.0,0.0,13.0,44.0,16.0,22.0,6.0,0.0
KANSAS,Emporia,24109.0,89.0,0.0,16.0,4.0,69.0,555.0,104.0,432.0,19.0,3.0
KANSAS,Eudora,6485.0,1.0,0.0,0.0,0.0,1.0,21.0,7.0,14.0,0.0,0.0
KANSAS,Fairway,4154.0,6.0,0.0,1.0,0.0,5.0,16.0,5.0,7.0,4.0,0.0
KANSAS,Fort Scott,7573.0,22.0,0.0,2.0,2.0,18.0,128.0,15.0,108.0,5.0,0.0
KANSAS,Frankfort,715.0,0.0,0.0,0.0,0.0,0.0,1.0,0.0,1.0,0.0,0.0
KANSAS,Fredonia,2051.0,6.0,0.0,1.0,0.0,5.0,58.0,10.0,45.0,3.0,2.0
KANSAS,Frontenac,3368.0,3.0,0.0,2.0,0.0,1.0,31.0,7.0,19.0,5.0,0.0
KANSAS,Galena,2750.0,19.0,0.0,1.0,0.0,18.0,12.0,3.0,9.0,0.0,0.0
KANSAS,Garden City,27156.0,139.0,1.0,16.0,15.0,107.0,565.0,42.0,483.0,40.0,3.0
KANSAS,Gardner,26071.0,36.0,0.0,4.0,0.0,32.0,229.0,10.0,200.0,19.0,2.0
KANSAS,Garnett,3183.0,6.0,0.0,2.0,1.0,3.0,44.0,12.0,30.0,2.0,0.0
KANSAS,Girard,2458.0,9.0,0.0,0.0,0.0,9.0,43.0,12.0,24.0,7.0,0.0
KANSAS,Goddard,5915.0,6.0,0.0,1.0,0.0,5.0,62.0,10.0,49.0,3.0,0.0
KANSAS,Goodland,4390.0,10.0,0.0,2.0,0.0,8.0,66.0,10.0,54.0,2.0,0.0
KANSAS,Grandview Plaza,1607.0,5.0,0.0,1.0,0.0,4.0,9.0,1.0,8.0,0.0,0.0
KANSAS,Great Bend,14265.0,45.0,1.0,12.0,1.0,31.0,222.0,55.0,155.0,12.0,5.0
KANSAS,Greensburg,697.0,4.0,0.0,1.0,0.0,3.0,7.0,1.0,5.0,1.0,0.0
KANSAS,Hays,21011.0,49.0,0.0,12.0,2.0,35.0,307.0,36.0,256.0,15.0,0.0
KANSAS,Haysville,11265.0,25.0,0.0,7.0,1.0,17.0,151.0,25.0,101.0,25.0,8.0
KANSAS,Hesston,3465.0,1.0,0.0,0.0,0.0,1.0,17.0,5.0,10.0,2.0,0.0
KANSAS,Hiawatha,3166.0,18.0,0.0,0.0,0.0,18.0,37.0,3.0,28.0,6.0,0.0
KANSAS,Hillsboro,2674.0,7.0,0.0,1.0,0.0,6.0,40.0,3.0,36.0,1.0,0.0
KANSAS,Hoisington,2593.0,1.0,0.0,0.0,0.0,1.0,12.0,0.0,12.0,0.0,0.0
KANSAS,Holton,3376.0,4.0,0.0,1.0,0.0,3.0,53.0,2.0,49.0,2.0,0.0
KANSAS,Horton,1467.0,3.0,0.0,0.0,1.0,2.0,23.0,2.0,18.0,3.0,1.0
KANSAS,Hugoton,3570.0,4.0,0.0,1.0,0.0,3.0,12.0,2.0,8.0,2.0,0.0
KANSAS,Hutchinson,39548.0,145.0,1.0,29.0,6.0,109.0,882.0,77.0,739.0,66.0,12.0
KANSAS,Independence,8237.0,43.0,0.0,2.0,0.0,41.0,297.0,66.0,215.0,16.0,0.0
KANSAS,Inman,1314.0,0.0,0.0,0.0,0.0,0.0,12.0,0.0,12.0,0.0,0.0
KANSAS,Iola,5292.0,28.0,0.0,4.0,1.0,23.0,104.0,14.0,85.0,5.0,2.0
KANSAS,Junction City,21504.0,167.0,0.0,11.0,2.0,154.0,496.0,99.0,363.0,34.0,3.0
KANSAS,Kansas City,153363.0,1606.0,19.0,104.0,144.0,1339.0,5531.0,679.0,3484.0,1368.0,3.0
KANSAS,Lansing,11216.0,17.0,0.0,7.0,0.0,10.0,67.0,5.0,57.0,5.0,0.0
KANSAS,Larned,3644.0,14.0,0.0,5.0,0.0,9.0,38.0,6.0,32.0,0.0,0.0
KANSAS,Lawrence,96636.0,446.0,5.0,72.0,32.0,337.0,2084.0,222.0,1703.0,159.0,11.0
KANSAS,Leavenworth,36939.0,183.0,0.0,17.0,19.0,147.0,956.0,165.0,728.0,63.0,7.0
KANSAS,Leawood,34010.0,20.0,0.0,1.0,2.0,17.0,517.0,48.0,412.0,57.0,1.0
KANSAS,Lebo,871.0,0.0,0.0,0.0,0.0,0.0,0.0,0.0,0.0,0.0,0.0
KANSAS,Lenexa,58871.0,108.0,4.0,14.0,9.0,81.0,793.0,64.0,598.0,131.0,2.0
KANSAS,Liberal,18760.0,48.0,0.0,1.0,5.0,42.0,214.0,36.0,164.0,14.0,4.0
KANSAS,Louisburg,5236.0,10.0,0.0,3.0,1.0,6.0,28.0,6.0,20.0,2.0,0.0
KANSAS,Lyons,3466.0,5.0,0.0,1.0,0.0,4.0,32.0,7.0,23.0,2.0,0.0
KANSAS,Maize,7168.0,10.0,0.0,2.0,0.0,8.0,75.0,16.0,53.0,6.0,0.0
KANSAS,Marysville,3394.0,11.0,0.0,0.0,0.0,11.0,24.0,6.0,15.0,3.0,0.0
KANSAS,McPherson,13855.0,17.0,0.0,2.0,0.0,15.0,195.0,14.0,172.0,9.0,1.0
KANSAS,Medicine Lodge,1689.0,0.0,0.0,0.0,0.0,0.0,18.0,2.0,13.0,3.0,0.0
KANSAS,Meriden,719.0,0.0,0.0,0.0,0.0,0.0,0.0,0.0,0.0,0.0,0.0
KANSAS,Merriam,10794.0,47.0,1.0,8.0,2.0,36.0,603.0,34.0,460.0,109.0,2.0
KANSAS,Minneapolis,1935.0,3.0,0.0,1.0,0.0,2.0,13.0,5.0,8.0,0.0,0.0
KANSAS,Mission,10037.0,34.0,0.0,1.0,6.0,27.0,459.0,20.0,375.0,64.0,1.0
KANSAS,Mission Hills,3504.0,2.0,0.0,0.0,0.0,2.0,61.0,7.0,35.0,19.0,0.0
KANSAS,Montezuma,977.0,0.0,0.0,0.0,0.0,0.0,0.0,0.0,0.0,0.0,0.0
KANSAS,Moran,464.0,0.0,0.0,0.0,0.0,0.0,0.0,0.0,0.0,0.0,0.0
KANSAS,Mulvane,7161.0,5.0,0.0,3.0,0.0,2.0,45.0,4.0,38.0,3.0,0.0
KANSAS,Newton,18147.0,112.0,0.0,14.0,14.0,84.0,303.0,55.0,218.0,30.0,4.0
KANSAS,North Newton,1779.0,0.0,0.0,0.0,0.0,0.0,6.0,0.0,5.0,1.0,0.0
KANSAS,Nortonville,588.0,0.0,0.0,0.0,0.0,0.0,5.0,1.0,4.0,0.0,0.0
KANSAS,Oberlin,1596.0,8.0,0.0,2.0,0.0,6.0,7.0,0.0,7.0,0.0,1.0
KANSAS,Olathe,149473.0,293.0,3.0,51.0,15.0,224.0,1407.0,97.0,1155.0,155.0,6.0
KANSAS,Osage City,2801.0,6.0,0.0,2.0,0.0,4.0,47.0,13.0,34.0,0.0,0.0
KANSAS,Ottawa,12702.0,19.0,0.0,4.0,1.0,14.0,141.0,19.0,120.0,2.0,2.0
KANSAS,Overbrook,977.0,0.0,0.0,0.0,0.0,0.0,15.0,0.0,15.0,0.0,0.0
KANSAS,Overland Park,196875.0,363.0,0.0,41.0,38.0,284.0,3468.0,220.0,2728.0,520.0,10.0
KANSAS,Paola,5788.0,10.0,0.0,1.0,1.0,8.0,70.0,9.0,60.0,1.0,0.0
KANSAS,Park City,8950.0,18.0,0.0,5.0,1.0,12.0,215.0,29.0,163.0,23.0,0.0
KANSAS,Parsons,9286.0,115.0,1.0,8.0,8.0,98.0,288.0,51.0,227.0,10.0,2.0
KANSAS,Pittsburg,20465.0,75.0,1.0,8.0,6.0,60.0,715.0,72.0,579.0,64.0,5.0
KANSAS,Pleasanton,1195.0,4.0,0.0,0.0,0.0,4.0,2.0,0.0,2.0,0.0,1.0
KANSAS,Prairie Village,22878.0,14.0,0.0,2.0,0.0,12.0,247.0,22.0,173.0,52.0,1.0
KANSAS,Roeland Park,6661.0,12.0,1.0,3.0,3.0,5.0,152.0,7.0,123.0,22.0,0.0
KANSAS,Rose Hill,4381.0,5.0,0.0,1.0,1.0,3.0,44.0,9.0,35.0,0.0,0.0
KANSAS,Salina,45447.0,224.0,0.0,40.0,37.0,147.0,1125.0,147.0,906.0,72.0,14.0
KANSAS,Scott City,3875.0,11.0,0.0,4.0,0.0,7.0,17.0,1.0,14.0,2.0,0.0
KANSAS,Shawnee,70089.0,194.0,0.0,11.0,4.0,179.0,1242.0,154.0,948.0,140.0,1.0
KANSAS,Spearville,783.0,0.0,0.0,0.0,0.0,0.0,0.0,0.0,0.0,0.0,0.0
KANSAS,Spring Hill,10283.0,21.0,0.0,3.0,0.0,18.0,64.0,8.0,55.0,1.0,2.0
KANSAS,Sterling,2285.0,2.0,0.0,1.0,0.0,1.0,8.0,3.0,5.0,0.0,0.0
KANSAS,St. John,1155.0,0.0,0.0,0.0,0.0,0.0,2.0,1.0,0.0,1.0,0.0
KANSAS,Tonganoxie,6282.0,12.0,0.0,1.0,0.0,11.0,11.0,0.0,8.0,3.0,0.0
KANSAS,Topeka,125156.0,1072.0,20.0,59.0,101.0,892.0,4559.0,798.0,3135.0,626.0,22.0
KANSAS,Ulysses,5565.0,5.0,0.0,0.0,0.0,5.0,3.0,1.0,2.0,0.0,0.0
KANSAS,Victoria,1106.0,0.0,0.0,0.0,0.0,0.0,2.0,1.0,0.0,1.0,0.0
KANSAS,Waverly,555.0,0.0,0.0,0.0,0.0,0.0,0.0,0.0,0.0,0.0,0.0
KANSAS,Wellington,7530.0,17.0,0.0,2.0,2.0,13.0,193.0,34.0,142.0,17.0,3.0
KANSAS,Wellsville,1924.0,2.0,0.0,0.0,0.0,2.0,13.0,1.0,11.0,1.0,0.0
KANSAS,Westwood,1712.0,3.0,0.0,1.0,0.0,2.0,71.0,3.0,60.0,8.0,0.0
KANSAS,Westwood Hills,393.0,0.0,0.0,0.0,0.0,0.0,12.0,4.0,5.0,3.0,0.0
KANSAS,Wichita,395486.0,2130.0,33.0,131.0,197.0,1769.0,9108.0,1039.0,7083.0,986.0,78.0
KANSAS,Winchester,444.0,0.0,0.0,0.0,0.0,0.0,1.0,0.0,1.0,0.0,0.0
KANSAS,Winfield,11636.0,33.0,0.0,5.0,1.0,27.0,339.0,73.0,234.0,32.0,5.0
KENTUCKY,Adairville,880.0,0.0,0.0,0.0,0.0,0.0,1.0,0.0,1.0,0.0,0.0
KENTUCKY,Albany,1729.0,4.0,0.0,0.0,0.0,4.0,2.0,0.0,0.0,2.0,0.0
KENTUCKY,Alexandria,10778.0,6.0,0.0,0.0,0.0,6.0,78.0,5.0,63.0,10.0,0.0
KENTUCKY,Allen,175.0,0.0,0.0,0.0,0.0,0.0,0.0,0.0,0.0,0.0,0.0
KENTUCKY,Anchorage,2466.0,0.0,0.0,0.0,0.0,0.0,16.0,6.0,8.0,2.0,0.0
KENTUCKY,Ashland,21011.0,42.0,0.0,15.0,4.0,23.0,526.0,60.0,421.0,45.0,5.0
KENTUCKY,Auburn,1651.0,1.0,0.0,0.0,0.0,1.0,4.0,0.0,3.0,1.0,0.0
KENTUCKY,Audubon Park,1401.0,1.0,0.0,0.0,1.0,0.0,22.0,3.0,17.0,2.0,0.0
KENTUCKY,Augusta,1088.0,1.0,0.0,1.0,0.0,0.0,5.0,0.0,4.0,1.0,0.0
KENTUCKY,Bancroft,496.0,0.0,0.0,0.0,0.0,0.0,3.0,1.0,2.0,0.0,0.0
KENTUCKY,Barbourville,3124.0,7.0,0.0,1.0,1.0,5.0,24.0,9.0,14.0,1.0,2.0
KENTUCKY,Bardstown,13917.0,23.0,0.0,4.0,7.0,12.0,194.0,27.0,143.0,24.0,1.0
KENTUCKY,Bardwell,684.0,0.0,0.0,0.0,0.0,0.0,2.0,1.0,1.0,0.0,0.0
KENTUCKY,Beattyville,2141.0,2.0,0.0,0.0,0.0,2.0,2.0,0.0,2.0,0.0,0.0
KENTUCKY,Beaver Dam,3487.0,3.0,0.0,1.0,0.0,2.0,9.0,0.0,8.0,1.0,0.0
KENTUCKY,Bellefonte,877.0,0.0,0.0,0.0,0.0,0.0,0.0,0.0,0.0,0.0,0.0
KENTUCKY,Bellevue,5713.0,5.0,0.0,1.0,0.0,4.0,58.0,6.0,48.0,4.0,0.0
KENTUCKY,Benham,459.0,0.0,0.0,0.0,0.0,0.0,1.0,0.0,1.0,0.0,0.0
KENTUCKY,Benton,4765.0,4.0,0.0,0.0,0.0,4.0,63.0,11.0,48.0,4.0,1.0
KENTUCKY,Berea,16135.0,14.0,0.0,4.0,0.0,10.0,137.0,20.0,100.0,17.0,1.0
KENTUCKY,Bloomfield,982.0,0.0,0.0,0.0,0.0,0.0,0.0,0.0,0.0,0.0,0.0
KENTUCKY,Booneville,163.0,0.0,0.0,0.0,0.0,0.0,0.0,0.0,0.0,0.0,0.0
KENTUCKY,Bowling Green,77503.0,174.0,1.0,69.0,36.0,68.0,2270.0,264.0,1800.0,206.0,7.0
KENTUCKY,Brandenburg,2962.0,1.0,0.0,1.0,0.0,0.0,18.0,0.0,13.0,5.0,0.0
KENTUCKY,Brodhead,1126.0,0.0,0.0,0.0,0.0,0.0,1.0,1.0,0.0,0.0,0.0
KENTUCKY,Brooksville,651.0,1.0,0.0,0.0,0.0,1.0,0.0,0.0,0.0,0.0,0.0
KENTUCKY,Brownsville,893.0,0.0,0.0,0.0,0.0,0.0,2.0,0.0,2.0,0.0,0.0
KENTUCKY,Burgin,1006.0,0.0,0.0,0.0,0.0,0.0,4.0,0.0,3.0,1.0,0.0
KENTUCKY,Burkesville,1394.0,0.0,0.0,0.0,0.0,0.0,0.0,0.0,0.0,0.0,0.0
KENTUCKY,Burnside,708.0,0.0,0.0,0.0,0.0,0.0,10.0,2.0,8.0,0.0,0.0
KENTUCKY,Butler,640.0,0.0,0.0,0.0,0.0,0.0,0.0,0.0,0.0,0.0,0.0
KENTUCKY,Cadiz,2772.0,1.0,0.0,0.0,0.0,1.0,27.0,6.0,21.0,0.0,0.0
KENTUCKY,Calvert City,2517.0,0.0,0.0,0.0,0.0,0.0,50.0,11.0,37.0,2.0,0.0
KENTUCKY,Campbellsburg,852.0,0.0,0.0,0.0,0.0,0.0,0.0,0.0,0.0,0.0,0.0
KENTUCKY,Campbellsville,11724.0,27.0,2.0,5.0,3.0,17.0,126.0,40.0,74.0,12.0,0.0
KENTUCKY,Caneyville,531.0,0.0,0.0,0.0,0.0,0.0,0.0,0.0,0.0,0.0,0.0
KENTUCKY,Carlisle,2118.0,0.0,0.0,0.0,0.0,0.0,5.0,2.0,1.0,2.0,0.0
KENTUCKY,Carrollton,3922.0,2.0,0.0,1.0,0.0,1.0,19.0,2.0,13.0,4.0,0.0
KENTUCKY,Catlettsburg,1726.0,0.0,0.0,0.0,0.0,0.0,13.0,1.0,10.0,2.0,0.0
KENTUCKY,Cave City,2360.0,1.0,0.0,0.0,1.0,0.0,6.0,2.0,1.0,3.0,0.0
KENTUCKY,Centertown,413.0,0.0,0.0,0.0,0.0,0.0,0.0,0.0,0.0,0.0,0.0
KENTUCKY,Central City,5808.0,5.0,0.0,1.0,0.0,4.0,57.0,3.0,50.0,4.0,1.0
KENTUCKY,Clarkson,958.0,0.0,0.0,0.0,0.0,0.0,0.0,0.0,0.0,0.0,0.0
KENTUCKY,Clay,982.0,0.0,0.0,0.0,0.0,0.0,5.0,0.0,2.0,3.0,0.0
KENTUCKY,Clay City,1174.0,1.0,0.0,0.0,0.0,1.0,0.0,0.0,0.0,0.0,0.0
KENTUCKY,Clinton,1196.0,1.0,0.0,0.0,0.0,1.0,3.0,2.0,1.0,0.0,0.0
KENTUCKY,Cloverport,1147.0,0.0,0.0,0.0,0.0,0.0,1.0,0.0,0.0,1.0,0.0
KENTUCKY,Coal Run Village,1580.0,0.0,0.0,0.0,0.0,0.0,41.0,20.0,18.0,3.0,0.0
KENTUCKY,Cold Spring,6478.0,4.0,0.0,0.0,2.0,2.0,124.0,9.0,110.0,5.0,0.0
KENTUCKY,Columbia,4895.0,4.0,0.0,0.0,1.0,3.0,6.0,0.0,3.0,3.0,0.0
KENTUCKY,Corbin,7843.0,15.0,0.0,1.0,3.0,11.0,85.0,26.0,45.0,14.0,0.0
KENTUCKY,Covington,40984.0,118.0,2.0,27.0,31.0,58.0,670.0,85.0,445.0,140.0,3.0
KENTUCKY,Crab Orchard,761.0,0.0,0.0,0.0,0.0,0.0,0.0,0.0,0.0,0.0,0.0
KENTUCKY,Cumberland,1782.0,0.0,0.0,0.0,0.0,0.0,9.0,6.0,2.0,1.0,0.0
KENTUCKY,Cynthiana,6600.0,10.0,0.0,1.0,1.0,8.0,82.0,6.0,68.0,8.0,0.0
KENTUCKY,Danville,17406.0,19.0,1.0,2.0,1.0,15.0,182.0,31.0,138.0,13.0,0.0
KENTUCKY,Dawson Springs,2138.0,2.0,0.0,0.0,0.0,2.0,14.0,1.0,13.0,0.0,0.0
KENTUCKY,Dayton,5833.0,14.0,0.0,2.0,1.0,11.0,43.0,7.0,31.0,5.0,0.0
KENTUCKY,Dry Ridge,2209.0,0.0,0.0,0.0,0.0,0.0,35.0,0.0,35.0,0.0,0.0
KENTUCKY,Eddyville,2483.0,0.0,0.0,0.0,0.0,0.0,1.0,1.0,0.0,0.0,0.0
KENTUCKY,Edgewood,8382.0,5.0,0.0,2.0,0.0,3.0,35.0,0.0,34.0,1.0,0.0
KENTUCKY,Edmonton,1714.0,2.0,0.0,0.0,0.0,2.0,8.0,3.0,5.0,0.0,0.0
KENTUCKY,Elizabethtown,33522.0,46.0,4.0,15.0,4.0,23.0,234.0,40.0,159.0,35.0,2.0
KENTUCKY,Elkhorn City,965.0,0.0,0.0,0.0,0.0,0.0,0.0,0.0,0.0,0.0,0.0
KENTUCKY,Elkton,2288.0,4.0,0.0,2.0,0.0,2.0,16.0,2.0,12.0,2.0,0.0
KENTUCKY,Elsmere,9140.0,9.0,0.0,3.0,0.0,6.0,76.0,6.0,44.0,26.0,1.0
KENTUCKY,Eminence,2755.0,0.0,0.0,0.0,0.0,0.0,42.0,5.0,33.0,4.0,0.0
KENTUCKY,Erlanger,19827.0,14.0,1.0,5.0,1.0,7.0,104.0,13.0,58.0,33.0,0.0
KENTUCKY,Eubank,329.0,0.0,0.0,0.0,0.0,0.0,0.0,0.0,0.0,0.0,0.0
KENTUCKY,Evarts,815.0,0.0,0.0,0.0,0.0,0.0,14.0,4.0,6.0,4.0,2.0
KENTUCKY,Falmouth,2210.0,6.0,0.0,2.0,2.0,2.0,15.0,2.0,7.0,6.0,0.0
KENTUCKY,Ferguson,865.0,0.0,0.0,0.0,0.0,0.0,4.0,1.0,3.0,0.0,0.0
KENTUCKY,Flatwoods,7200.0,4.0,0.0,1.0,0.0,3.0,15.0,4.0,8.0,3.0,0.0
KENTUCKY,Fleming-Neon,514.0,0.0,0.0,0.0,0.0,0.0,1.0,0.0,0.0,1.0,0.0
KENTUCKY,Flemingsburg,2999.0,1.0,0.0,0.0,0.0,1.0,29.0,6.0,17.0,6.0,0.0
KENTUCKY,Florence,33208.0,77.0,6.0,16.0,17.0,38.0,1067.0,48.0,937.0,82.0,2.0
KENTUCKY,Fort Mitchell,8617.0,5.0,0.0,2.0,1.0,2.0,65.0,6.0,42.0,17.0,0.0
KENTUCKY,Fort Thomas,16826.0,8.0,0.0,4.0,1.0,3.0,82.0,8.0,64.0,10.0,0.0
KENTUCKY,Fort Wright,6132.0,4.0,0.0,2.0,1.0,1.0,31.0,5.0,23.0,3.0,0.0
KENTUCKY,Fountain Run,222.0,0.0,0.0,0.0,0.0,0.0,0.0,0.0,0.0,0.0,0.0
KENTUCKY,Frankfort,28177.0,57.0,1.0,19.0,8.0,29.0,463.0,77.0,335.0,51.0,1.0
KENTUCKY,Franklin,10556.0,15.0,0.0,2.0,2.0,11.0,93.0,9.0,69.0,15.0,0.0
KENTUCKY,Fulton,2266.0,3.0,0.0,0.0,0.0,3.0,65.0,17.0,47.0,1.0,1.0
KENTUCKY,Georgetown,40037.0,49.0,3.0,11.0,7.0,28.0,468.0,67.0,364.0,37.0,2.0
KENTUCKY,Glasgow,15413.0,26.0,0.0,6.0,0.0,20.0,325.0,33.0,271.0,21.0,2.0
KENTUCKY,Grayson,3797.0,11.0,0.0,0.0,0.0,11.0,73.0,10.0,54.0,9.0,2.0
KENTUCKY,Greensburg,2251.0,5.0,0.0,3.0,0.0,2.0,26.0,2.0,24.0,0.0,0.0
KENTUCKY,Greenup,1047.0,0.0,0.0,0.0,0.0,0.0,7.0,1.0,4.0,2.0,0.0
KENTUCKY,Greenville,4339.0,3.0,0.0,1.0,0.0,2.0,15.0,0.0,12.0,3.0,0.0
KENTUCKY,Guthrie,1334.0,2.0,0.0,0.0,1.0,1.0,7.0,1.0,4.0,2.0,1.0
KENTUCKY,Hardinsburg,2469.0,3.0,0.0,0.0,0.0,3.0,13.0,3.0,6.0,4.0,1.0
KENTUCKY,Harlan,1814.0,5.0,0.0,1.0,1.0,3.0,12.0,4.0,5.0,3.0,0.0
KENTUCKY,Harrodsburg,9270.0,16.0,0.0,1.0,1.0,14.0,75.0,15.0,51.0,9.0,1.0
KENTUCKY,Hartford,2641.0,5.0,0.0,0.0,0.0,5.0,22.0,11.0,10.0,1.0,0.0
KENTUCKY,Hawesville,985.0,0.0,0.0,0.0,0.0,0.0,2.0,0.0,2.0,0.0,0.0
KENTUCKY,Hazard,4878.0,3.0,0.0,2.0,0.0,1.0,38.0,14.0,14.0,10.0,1.0
KENTUCKY,Henderson,27600.0,88.0,1.0,16.0,13.0,58.0,501.0,101.0,334.0,66.0,5.0
KENTUCKY,Heritage Creek,1201.0,2.0,0.0,0.0,2.0,0.0,7.0,3.0,4.0,0.0,0.0
KENTUCKY,Hickman,2285.0,5.0,0.0,0.0,0.0,5.0,5.0,1.0,3.0,1.0,0.0
KENTUCKY,Highland Heights ,6604.0,5.0,0.0,3.0,0.0,2.0,64.0,3.0,54.0,7.0,1.0
KENTUCKY,Hillview,8950.0,15.0,1.0,4.0,3.0,7.0,116.0,14.0,77.0,25.0,0.0
KENTUCKY,Hodgenville,3334.0,7.0,0.0,0.0,0.0,7.0,43.0,5.0,34.0,4.0,1.0
KENTUCKY,Hopkinsville,30694.0,137.0,2.0,20.0,23.0,92.0,769.0,157.0,553.0,59.0,2.0
KENTUCKY,Horse Cave,2271.0,0.0,0.0,0.0,0.0,0.0,4.0,0.0,2.0,2.0,0.0
KENTUCKY,Hurstbourne Acres,1938.0,0.0,0.0,0.0,0.0,0.0,30.0,0.0,26.0,4.0,0.0
KENTUCKY,Hustonville,402.0,0.0,0.0,0.0,0.0,0.0,1.0,1.0,0.0,0.0,0.0
KENTUCKY,Hyden,281.0,0.0,0.0,0.0,0.0,0.0,0.0,0.0,0.0,0.0,0.0
KENTUCKY,Independence,29747.0,8.0,0.0,5.0,1.0,2.0,94.0,7.0,71.0,16.0,1.0
KENTUCKY,Indian Hills,2843.0,0.0,0.0,0.0,0.0,0.0,53.0,2.0,48.0,3.0,0.0
KENTUCKY,Irvine,2261.0,4.0,0.0,0.0,0.0,4.0,10.0,1.0,6.0,3.0,0.0
KENTUCKY,Irvington,1392.0,2.0,0.0,0.0,0.0,2.0,3.0,0.0,2.0,1.0,0.0
KENTUCKY,Jackson,2093.0,1.0,0.0,0.0,0.0,1.0,15.0,3.0,8.0,4.0,0.0
KENTUCKY,Jamestown,1882.0,0.0,0.0,0.0,0.0,0.0,13.0,4.0,7.0,2.0,0.0
KENTUCKY,Jeffersontown,28563.0,30.0,3.0,7.0,15.0,5.0,650.0,54.0,465.0,131.0,0.0
KENTUCKY,Jenkins,1758.0,0.0,0.0,0.0,0.0,0.0,3.0,2.0,1.0,0.0,0.0
KENTUCKY,Junction City,2294.0,0.0,0.0,0.0,0.0,0.0,0.0,0.0,0.0,0.0,0.0
KENTUCKY,La Grange,10537.0,7.0,0.0,0.0,1.0,6.0,96.0,18.0,65.0,13.0,0.0
KENTUCKY,Lakeside Park-Crestview Hills,6028.0,4.0,0.0,1.0,2.0,1.0,59.0,0.0,54.0,5.0,0.0
KENTUCKY,Lancaster,4101.0,3.0,0.0,0.0,0.0,3.0,39.0,15.0,24.0,0.0,0.0
KENTUCKY,Lawrenceburg,12241.0,7.0,0.0,2.0,1.0,4.0,66.0,7.0,49.0,10.0,0.0
KENTUCKY,Lebanon,6595.0,10.0,0.0,1.0,2.0,7.0,64.0,11.0,45.0,8.0,0.0
KENTUCKY,Lebanon Junction,1810.0,0.0,0.0,0.0,0.0,0.0,5.0,0.0,4.0,1.0,0.0
KENTUCKY,Leitchfield,6480.0,6.0,0.0,2.0,1.0,3.0,84.0,24.0,58.0,2.0,1.0
KENTUCKY,Lewisburg,782.0,0.0,0.0,0.0,0.0,0.0,0.0,0.0,0.0,0.0,0.0
KENTUCKY,Lewisport,1719.0,0.0,0.0,0.0,0.0,0.0,4.0,1.0,3.0,0.0,0.0
KENTUCKY,Lexington,323254.0,847.0,16.0,167.0,257.0,407.0,7352.0,856.0,5587.0,909.0,14.0
KENTUCKY,Liberty,1996.0,1.0,0.0,0.0,0.0,1.0,2.0,1.0,1.0,0.0,0.0
KENTUCKY,Livingston,165.0,0.0,0.0,0.0,0.0,0.0,0.0,0.0,0.0,0.0,0.0
KENTUCKY,London,7602.0,11.0,1.0,2.0,2.0,6.0,198.0,44.0,136.0,18.0,0.0
KENTUCKY,Louisa,2563.0,4.0,0.0,2.0,0.0,2.0,23.0,10.0,6.0,7.0,1.0
KENTUCKY,Louisville Metro,676843.0,4788.0,147.0,208.0,868.0,3565.0,22513.0,3084.0,14123.0,5306.0,148.0
KENTUCKY,Loyall,587.0,1.0,0.0,0.0,1.0,0.0,0.0,0.0,0.0,0.0,0.0
KENTUCKY,Ludlow,4313.0,4.0,0.0,2.0,0.0,2.0,47.0,7.0,26.0,14.0,0.0
KENTUCKY,Lynch,596.0,0.0,0.0,0.0,0.0,0.0,0.0,0.0,0.0,0.0,0.0
KENTUCKY,Lyndon,10877.0,11.0,0.0,0.0,4.0,7.0,275.0,26.0,203.0,46.0,1.0
KENTUCKY,Madisonville,19294.0,17.0,1.0,4.0,2.0,10.0,114.0,23.0,75.0,16.0,2.0
KENTUCKY,Manchester,1400.0,3.0,0.0,0.0,0.0,3.0,12.0,3.0,7.0,2.0,0.0
KENTUCKY,Marion,2887.0,1.0,0.0,1.0,0.0,0.0,34.0,8.0,20.0,6.0,0.0
KENTUCKY,Martin,478.0,0.0,0.0,0.0,0.0,0.0,1.0,1.0,0.0,0.0,0.0
KENTUCKY,Mayfield,9626.0,19.0,0.0,5.0,1.0,13.0,182.0,53.0,116.0,13.0,1.0
KENTUCKY,Maysville,8625.0,19.0,0.0,2.0,5.0,12.0,201.0,35.0,154.0,12.0,1.0
KENTUCKY,McKee,804.0,0.0,0.0,0.0,0.0,0.0,1.0,0.0,1.0,0.0,0.0
KENTUCKY,Meadow Vale,715.0,0.0,0.0,0.0,0.0,0.0,0.0,0.0,0.0,0.0,0.0
KENTUCKY,Middlesboro,8901.0,17.0,1.0,2.0,1.0,13.0,246.0,25.0,207.0,14.0,1.0
KENTUCKY,Middletown,9602.0,12.0,0.0,2.0,3.0,7.0,327.0,14.0,289.0,24.0,3.0
KENTUCKY,Millersburg,738.0,1.0,0.0,0.0,1.0,0.0,10.0,5.0,5.0,0.0,0.0
KENTUCKY,Monticello,5706.0,5.0,0.0,0.0,0.0,5.0,45.0,10.0,25.0,10.0,0.0
KENTUCKY,Morehead,6608.0,7.0,0.0,4.0,0.0,3.0,90.0,5.0,79.0,6.0,1.0
KENTUCKY,Morganfield,3107.0,1.0,0.0,0.0,0.0,1.0,24.0,3.0,20.0,1.0,1.0
KENTUCKY,Morgantown,2467.0,6.0,1.0,3.0,0.0,2.0,1.0,1.0,0.0,0.0,0.0
KENTUCKY,Mount Sterling,7575.0,16.0,0.0,4.0,1.0,11.0,91.0,11.0,77.0,3.0,0.0
KENTUCKY,Mount Vernon,2457.0,3.0,0.0,0.0,0.0,3.0,10.0,2.0,4.0,4.0,1.0
KENTUCKY,Mount Washington,18811.0,6.0,0.0,1.0,0.0,5.0,105.0,14.0,83.0,8.0,0.0
KENTUCKY,Muldraugh,1006.0,1.0,0.0,0.0,0.0,1.0,7.0,0.0,4.0,3.0,0.0
KENTUCKY,Munfordville,1720.0,0.0,0.0,0.0,0.0,0.0,5.0,1.0,3.0,1.0,0.0
KENTUCKY,Murray,18191.0,18.0,0.0,9.0,2.0,7.0,260.0,28.0,221.0,11.0,1.0
KENTUCKY,Newport,13702.0,45.0,1.0,10.0,13.0,21.0,526.0,31.0,439.0,56.0,1.0
KENTUCKY,Nicholasville,32866.0,37.0,1.0,6.0,6.0,24.0,492.0,68.0,400.0,24.0,3.0
KENTUCKY,Northfield,983.0,0.0,0.0,0.0,0.0,0.0,2.0,0.0,2.0,0.0,0.0
KENTUCKY,Oak Grove,7985.0,22.0,2.0,3.0,7.0,10.0,199.0,27.0,155.0,17.0,0.0
KENTUCKY,Olive Hill,1535.0,1.0,0.0,0.0,0.0,1.0,10.0,2.0,5.0,3.0,0.0
KENTUCKY,Owensboro,60096.0,210.0,1.0,47.0,27.0,135.0,1753.0,203.0,1357.0,193.0,11.0
KENTUCKY,Owenton,1663.0,1.0,0.0,0.0,0.0,1.0,1.0,1.0,0.0,0.0,1.0
KENTUCKY,Owingsville,1598.0,2.0,0.0,0.0,0.0,2.0,6.0,1.0,4.0,1.0,0.0
KENTUCKY,Paducah,26624.0,72.0,1.0,19.0,11.0,41.0,744.0,62.0,599.0,83.0,8.0
KENTUCKY,Paintsville,4111.0,0.0,0.0,0.0,0.0,0.0,6.0,2.0,3.0,1.0,0.0
KENTUCKY,Paris,10057.0,13.0,0.0,2.0,1.0,10.0,81.0,17.0,49.0,15.0,1.0
KENTUCKY,Park Hills,3142.0,3.0,0.0,1.0,0.0,2.0,15.0,1.0,10.0,4.0,0.0
KENTUCKY,Pembroke,878.0,0.0,0.0,0.0,0.0,0.0,5.0,1.0,4.0,0.0,0.0
KENTUCKY,Perryville,793.0,0.0,0.0,0.0,0.0,0.0,0.0,0.0,0.0,0.0,0.0
KENTUCKY,Pewee Valley,1650.0,0.0,0.0,0.0,0.0,0.0,0.0,0.0,0.0,0.0,0.0
KENTUCKY,Pikeville,7343.0,14.0,0.0,4.0,0.0,10.0,106.0,23.0,76.0,7.0,0.0
KENTUCKY,Pineville,1582.0,1.0,0.0,0.0,0.0,1.0,14.0,3.0,10.0,1.0,0.0
KENTUCKY,Pioneer Village,2760.0,2.0,0.0,0.0,1.0,1.0,20.0,1.0,15.0,4.0,0.0
KENTUCKY,Pippa Passes,632.0,0.0,0.0,0.0,0.0,0.0,0.0,0.0,0.0,0.0,0.0
KENTUCKY,Powderly,780.0,0.0,0.0,0.0,0.0,0.0,1.0,0.0,1.0,0.0,0.0
KENTUCKY,Prestonsburg,3663.0,7.0,0.0,1.0,0.0,6.0,11.0,4.0,5.0,2.0,0.0
KENTUCKY,Princeton,6173.0,1.0,0.0,0.0,1.0,0.0,106.0,21.0,74.0,11.0,2.0
KENTUCKY,Prospect,4553.0,0.0,0.0,0.0,0.0,0.0,32.0,6.0,20.0,6.0,0.0
KENTUCKY,Providence,2799.0,0.0,0.0,0.0,0.0,0.0,5.0,3.0,2.0,0.0,0.0
KENTUCKY,Raceland,2289.0,4.0,0.0,0.0,0.0,4.0,5.0,1.0,4.0,0.0,0.0
KENTUCKY,Radcliff,22658.0,39.0,1.0,9.0,7.0,22.0,453.0,82.0,298.0,73.0,2.0
KENTUCKY,Ravenna,548.0,0.0,0.0,0.0,0.0,0.0,4.0,1.0,3.0,0.0,0.0
KENTUCKY,Richmond,38072.0,82.0,2.0,22.0,18.0,40.0,751.0,125.0,555.0,71.0,1.0
KENTUCKY,Russell,3614.0,8.0,0.0,5.0,2.0,1.0,27.0,2.0,22.0,3.0,0.0
KENTUCKY,Russell Springs,2817.0,3.0,0.0,1.0,0.0,2.0,21.0,4.0,12.0,5.0,0.0
KENTUCKY,Russellville,7470.0,7.0,0.0,3.0,1.0,3.0,84.0,13.0,69.0,2.0,1.0
KENTUCKY,Sadieville,338.0,0.0,0.0,0.0,0.0,0.0,1.0,0.0,1.0,0.0,0.0
KENTUCKY,Salyersville,1506.0,0.0,0.0,0.0,0.0,0.0,5.0,4.0,0.0,1.0,0.0
KENTUCKY,Science Hill,652.0,0.0,0.0,0.0,0.0,0.0,1.0,0.0,1.0,0.0,0.0
KENTUCKY,Scottsville,4616.0,5.0,0.0,1.0,0.0,4.0,33.0,6.0,21.0,6.0,0.0
KENTUCKY,Sebree,1515.0,0.0,0.0,0.0,0.0,0.0,2.0,0.0,2.0,0.0,0.0
KENTUCKY,Shelbyville,17959.0,24.0,0.0,6.0,1.0,17.0,181.0,23.0,134.0,24.0,1.0
KENTUCKY,Shepherdsville,14843.0,20.0,0.0,2.0,5.0,13.0,266.0,27.0,203.0,36.0,0.0
KENTUCKY,Shively,15394.0,47.0,2.0,7.0,20.0,18.0,505.0,84.0,299.0,122.0,0.0
KENTUCKY,Simpsonville,3096.0,6.0,0.0,1.0,1.0,4.0,108.0,4.0,99.0,5.0,1.0
KENTUCKY,Smiths Grove,808.0,2.0,0.0,0.0,0.0,2.0,37.0,6.0,30.0,1.0,0.0
KENTUCKY,Somerset,12367.0,32.0,0.0,8.0,6.0,18.0,133.0,41.0,76.0,16.0,2.0
KENTUCKY,Southgate,3786.0,3.0,0.0,1.0,0.0,2.0,33.0,4.0,28.0,1.0,0.0
KENTUCKY,South Shore,1056.0,0.0,0.0,0.0,0.0,0.0,0.0,0.0,0.0,0.0,0.0
KENTUCKY,Springfield,2969.0,2.0,0.0,1.0,0.0,1.0,9.0,2.0,4.0,3.0,0.0
KENTUCKY,Stamping Ground,836.0,0.0,0.0,0.0,0.0,0.0,6.0,1.0,5.0,0.0,0.0
KENTUCKY,Stanford,3714.0,3.0,0.0,0.0,0.0,3.0,13.0,3.0,7.0,3.0,2.0
KENTUCKY,Stanton,3165.0,1.0,0.0,0.0,0.0,1.0,18.0,4.0,13.0,1.0,0.0
KENTUCKY,St. Matthews,17289.0,22.0,0.0,0.0,14.0,8.0,881.0,36.0,765.0,80.0,0.0
KENTUCKY,Strathmoor Village,669.0,0.0,0.0,0.0,0.0,0.0,0.0,0.0,0.0,0.0,0.0
KENTUCKY,Sturgis,1654.0,0.0,0.0,0.0,0.0,0.0,0.0,0.0,0.0,0.0,0.0
KENTUCKY,Taylor Mill,6957.0,3.0,0.0,3.0,0.0,0.0,23.0,3.0,17.0,3.0,0.0
KENTUCKY,Taylorsville,1329.0,3.0,0.0,0.0,0.0,3.0,20.0,0.0,18.0,2.0,0.0
KENTUCKY,Tompkinsville,2282.0,0.0,0.0,0.0,0.0,0.0,4.0,2.0,2.0,0.0,0.0
KENTUCKY,Trenton,328.0,0.0,0.0,0.0,0.0,0.0,0.0,0.0,0.0,0.0,0.0
KENTUCKY,Uniontown,892.0,0.0,0.0,0.0,0.0,0.0,0.0,0.0,0.0,0.0,0.0
KENTUCKY,Vanceburg,1388.0,0.0,0.0,0.0,0.0,0.0,5.0,1.0,2.0,2.0,1.0
KENTUCKY,Versailles,27727.0,19.0,0.0,5.0,4.0,10.0,210.0,30.0,162.0,18.0,0.0
KENTUCKY,Villa Hills,7616.0,5.0,0.0,0.0,0.0,5.0,63.0,5.0,46.0,12.0,0.0
KENTUCKY,Vine Grove,7011.0,2.0,0.0,0.0,0.0,2.0,23.0,8.0,12.0,3.0,0.0
KENTUCKY,Warsaw,1760.0,3.0,0.0,1.0,0.0,2.0,25.0,3.0,20.0,2.0,0.0
KENTUCKY,Wayland,373.0,0.0,0.0,0.0,0.0,0.0,0.0,0.0,0.0,0.0,0.0
KENTUCKY,West Buechel,1352.0,4.0,0.0,0.0,4.0,0.0,114.0,2.0,97.0,15.0,0.0
KENTUCKY,West Liberty,3535.0,3.0,0.0,2.0,0.0,1.0,5.0,0.0,5.0,0.0,0.0
KENTUCKY,West Point,922.0,0.0,0.0,0.0,0.0,0.0,0.0,0.0,0.0,0.0,0.0
KENTUCKY,Wheelwright,464.0,0.0,0.0,0.0,0.0,0.0,0.0,0.0,0.0,0.0,0.0
KENTUCKY,Whitesburg,1624.0,1.0,0.0,0.0,0.0,1.0,5.0,0.0,4.0,1.0,0.0
KENTUCKY,Wilder,3076.0,3.0,0.0,1.0,0.0,2.0,20.0,3.0,15.0,2.0,0.0
KENTUCKY,Williamsburg,5118.0,8.0,0.0,0.0,1.0,7.0,26.0,10.0,14.0,2.0,0.0
KENTUCKY,Williamstown,3983.0,3.0,0.0,1.0,0.0,2.0,15.0,2.0,10.0,3.0,0.0
KENTUCKY,Wilmore,6137.0,1.0,0.0,0.0,0.0,1.0,28.0,3.0,24.0,1.0,0.0
KENTUCKY,Winchester,19283.0,32.0,0.0,10.0,6.0,16.0,539.0,42.0,470.0,27.0,1.0
KENTUCKY,Woodburn,321.0,0.0,0.0,0.0,0.0,0.0,0.0,0.0,0.0,0.0,0.0
KENTUCKY,Woodlawn Park,928.0,0.0,0.0,0.0,0.0,0.0,0.0,0.0,0.0,0.0,0.0
KENTUCKY,Worthington,1442.0,0.0,0.0,0.0,0.0,0.0,4.0,3.0,1.0,0.0,1.0
LOUISIANA,Addis,7797.0,11.0,1.0,1.0,1.0,8.0,54.0,6.0,34.0,14.0,0.0
LOUISIANA,Alexandria,42933.0,1165.0,16.0,53.0,70.0,1026.0,2832.0,373.0,2236.0,223.0,7.0
LOUISIANA,Baker,11933.0,48.0,1.0,1.0,10.0,36.0,208.0,47.0,115.0,46.0,1.0
LOUISIANA,Bastrop,8792.0,125.0,2.0,2.0,3.0,118.0,425.0,118.0,291.0,16.0,6.0
LOUISIANA,Blanchard,3341.0,4.0,0.0,0.0,0.0,4.0,19.0,1.0,17.0,1.0,0.0
LOUISIANA,Bogalusa,10252.0,116.0,1.0,9.0,3.0,103.0,432.0,88.0,310.0,34.0,2.0
LOUISIANA,Bossier City,62750.0,573.0,7.0,48.0,37.0,481.0,2309.0,302.0,1762.0,245.0,8.0
LOUISIANA,Broussard,14906.0,29.0,1.0,2.0,1.0,25.0,321.0,24.0,280.0,17.0,2.0
LOUISIANA,Carencro,13985.0,58.0,1.0,0.0,3.0,54.0,283.0,78.0,192.0,13.0,1.0
LOUISIANA,Church Point,3982.0,32.0,1.0,0.0,0.0,31.0,35.0,5.0,22.0,8.0,0.0
LOUISIANA,Clinton,1304.0,0.0,0.0,0.0,0.0,0.0,0.0,0.0,0.0,0.0,0.0
LOUISIANA,Covington,11641.0,20.0,0.0,2.0,1.0,17.0,118.0,18.0,94.0,6.0,1.0
LOUISIANA,De Ridder,9517.0,28.0,0.0,2.0,2.0,24.0,138.0,17.0,116.0,5.0,1.0
LOUISIANA,Erath,1935.0,4.0,0.0,2.0,0.0,2.0,6.0,3.0,2.0,1.0,0.0
LOUISIANA,Farmerville,3260.0,35.0,0.0,1.0,0.0,34.0,79.0,10.0,63.0,6.0,0.0
LOUISIANA,Folsom,826.0,2.0,0.0,0.0,0.0,2.0,0.0,0.0,0.0,0.0,0.0
LOUISIANA,Golden Meadow,1604.0,0.0,0.0,0.0,0.0,0.0,33.0,6.0,26.0,1.0,0.0
LOUISIANA,Gonzales,14259.0,52.0,2.0,6.0,9.0,35.0,561.0,32.0,481.0,48.0,0.0
LOUISIANA,Gramercy,2698.0,6.0,0.0,0.0,0.0,6.0,28.0,4.0,20.0,4.0,1.0
LOUISIANA,Greenwood,3075.0,12.0,0.0,2.0,0.0,10.0,95.0,8.0,79.0,8.0,0.0
LOUISIANA,Gretna,16788.0,72.0,2.0,4.0,9.0,57.0,638.0,58.0,524.0,56.0,0.0
LOUISIANA,Harahan,8596.0,9.0,0.0,1.0,2.0,6.0,62.0,12.0,47.0,3.0,2.0
LOUISIANA,Haughton,4401.0,2.0,0.0,0.0,0.0,2.0,9.0,1.0,5.0,3.0,0.0
LOUISIANA,Haynesville,1904.0,7.0,0.0,1.0,0.0,6.0,21.0,12.0,8.0,1.0,0.0
LOUISIANA,Heflin,204.0,0.0,0.0,0.0,0.0,0.0,0.0,0.0,0.0,0.0,0.0
LOUISIANA,Independence,1655.0,26.0,1.0,0.0,0.0,25.0,88.0,29.0,51.0,8.0,0.0
LOUISIANA,Iowa,3009.0,43.0,0.0,1.0,0.0,42.0,57.0,4.0,47.0,6.0,0.0
LOUISIANA,Jennings,9230.0,93.0,1.0,1.0,2.0,89.0,309.0,65.0,231.0,13.0,1.0
LOUISIANA,Kenner,62377.0,215.0,6.0,21.0,19.0,169.0,1767.0,193.0,1400.0,174.0,3.0
LOUISIANA,Krotz Springs,883.0,4.0,0.0,0.0,0.0,4.0,23.0,4.0,15.0,4.0,0.0
LOUISIANA,Lafayette,121471.0,1295.0,18.0,41.0,84.0,1152.0,5281.0,803.0,3921.0,557.0,2.0
LOUISIANA,Lake Arthur,2557.0,4.0,0.0,0.0,1.0,3.0,4.0,0.0,4.0,0.0,0.0
LOUISIANA,Lake Charles,77982.0,478.0,13.0,41.0,50.0,374.0,1926.0,478.0,1288.0,160.0,0.0
LOUISIANA,Mandeville,13053.0,17.0,0.0,0.0,3.0,14.0,161.0,13.0,142.0,6.0,1.0
LOUISIANA,Marksville,4762.0,88.0,0.0,3.0,3.0,82.0,170.0,24.0,139.0,7.0,1.0
LOUISIANA,Minden,11050.0,88.0,3.0,3.0,10.0,72.0,280.0,70.0,196.0,14.0,1.0
LOUISIANA,Monroe,46290.0,876.0,7.0,14.0,76.0,779.0,2654.0,649.0,1841.0,164.0,1.0
LOUISIANA,Morgan City,10701.0,59.0,1.0,7.0,4.0,47.0,303.0,50.0,231.0,22.0,2.0
LOUISIANA,Natchitoches,16945.0,151.0,5.0,12.0,8.0,126.0,743.0,221.0,477.0,45.0,4.0
LOUISIANA,New Iberia,26653.0,269.0,9.0,10.0,18.0,232.0,833.0,203.0,536.0,94.0,2.0
LOUISIANA,Oak Grove,1351.0,4.0,0.0,1.0,0.0,3.0,23.0,3.0,20.0,0.0,0.0
LOUISIANA,Opelousas,15263.0,209.0,6.0,7.0,16.0,180.0,766.0,120.0,596.0,50.0,4.0
LOUISIANA,Patterson,5550.0,15.0,0.0,0.0,2.0,13.0,30.0,4.0,26.0,0.0,0.0
LOUISIANA,Plain Dealing,873.0,27.0,0.0,0.0,0.0,27.0,5.0,0.0,4.0,1.0,0.0
LOUISIANA,Plaquemine,5925.0,72.0,2.0,2.0,5.0,63.0,195.0,46.0,140.0,9.0,0.0
LOUISIANA,Ponchatoula,7784.0,35.0,3.0,1.0,2.0,29.0,154.0,19.0,119.0,16.0,0.0
LOUISIANA,Port Allen,4876.0,64.0,2.0,3.0,1.0,58.0,118.0,13.0,98.0,7.0,1.0
LOUISIANA,Rayne,6910.0,5.0,0.0,0.0,0.0,5.0,61.0,4.0,54.0,3.0,0.0
LOUISIANA,Ruston,22259.0,95.0,3.0,5.0,9.0,78.0,658.0,80.0,537.0,41.0,0.0
LOUISIANA,Scott,8917.0,59.0,1.0,6.0,1.0,51.0,146.0,21.0,102.0,23.0,0.0
LOUISIANA,Shreveport,175092.0,2151.0,47.0,146.0,140.0,1818.0,6987.0,1368.0,4603.0,1016.0,25.0
LOUISIANA,Slidell,28449.0,73.0,1.0,6.0,7.0,59.0,650.0,34.0,575.0,41.0,2.0
LOUISIANA,Springhill,4424.0,8.0,0.0,1.0,0.0,7.0,49.0,11.0,37.0,1.0,0.0
LOUISIANA,Sulphur,19955.0,75.0,2.0,7.0,9.0,57.0,582.0,91.0,462.0,29.0,0.0
LOUISIANA,Tallulah,5638.0,26.0,0.0,0.0,1.0,25.0,19.0,4.0,14.0,1.0,1.0
LOUISIANA,Thibodaux,15562.0,40.0,1.0,7.0,1.0,31.0,463.0,33.0,410.0,20.0,0.0
LOUISIANA,Vidalia,3788.0,15.0,0.0,1.0,1.0,13.0,104.0,11.0,90.0,3.0,1.0
LOUISIANA,Vinton,3011.0,26.0,0.0,2.0,0.0,24.0,90.0,14.0,72.0,4.0,1.0
LOUISIANA,Walker,6398.0,45.0,0.0,6.0,0.0,39.0,204.0,17.0,169.0,18.0,0.0
LOUISIANA,Westlake,4571.0,13.0,0.0,0.0,0.0,13.0,87.0,11.0,69.0,7.0,0.0
LOUISIANA,West Monroe,12368.0,143.0,1.0,14.0,19.0,109.0,728.0,122.0,558.0,48.0,1.0
LOUISIANA,Westwego,8021.0,34.0,0.0,3.0,1.0,30.0,168.0,24.0,125.0,19.0,0.0
LOUISIANA,White Castle,1586.0,25.0,0.0,0.0,2.0,23.0,42.0,10.0,32.0,0.0,0.0
LOUISIANA,Wilson,357.0,0.0,0.0,0.0,0.0,0.0,0.0,0.0,0.0,0.0,0.0
LOUISIANA,Winnfield,3862.0,50.0,1.0,4.0,6.0,39.0,180.0,17.0,157.0,6.0,0.0
LOUISIANA,Zachary,20142.0,67.0,1.0,4.0,5.0,57.0,407.0,54.0,309.0,44.0,0.0
MAINE,Ashland,1208.0,0.0,0.0,0.0,0.0,0.0,2.0,0.0,2.0,0.0,0.0
MAINE,Auburn,25038.0,54.0,1.0,13.0,10.0,30.0,608.0,36.0,523.0,49.0,4.0
MAINE,Augusta,19164.0,48.0,1.0,24.0,2.0,21.0,784.0,45.0,703.0,36.0,0.0
MAINE,Baileyville,1322.0,1.0,0.0,0.0,0.0,1.0,4.0,2.0,2.0,0.0,0.0
MAINE,Bangor,31598.0,51.0,5.0,7.0,16.0,23.0,1339.0,98.0,1214.0,27.0,3.0
MAINE,Bar Harbor,7538.0,2.0,0.0,2.0,0.0,0.0,36.0,2.0,31.0,3.0,0.0
MAINE,Bath,8871.0,6.0,2.0,0.0,0.0,4.0,64.0,6.0,57.0,1.0,0.0
MAINE,Belfast,7111.0,0.0,0.0,0.0,0.0,0.0,45.0,2.0,43.0,0.0,0.0
MAINE,Berwick,8364.0,10.0,0.0,8.0,0.0,2.0,67.0,4.0,57.0,6.0,0.0
MAINE,Biddeford,22310.0,70.0,2.0,15.0,8.0,45.0,524.0,22.0,479.0,23.0,8.0
MAINE,Boothbay Harbor,2108.0,1.0,0.0,0.0,0.0,1.0,13.0,2.0,10.0,1.0,0.0
MAINE,Brewer,9639.0,4.0,0.0,0.0,4.0,0.0,173.0,10.0,161.0,2.0,0.0
MAINE,Bridgton,5772.0,4.0,0.0,0.0,0.0,4.0,59.0,3.0,53.0,3.0,0.0
MAINE,Brunswick,22662.0,16.0,0.0,6.0,1.0,9.0,270.0,8.0,250.0,12.0,0.0
MAINE,Bucksport,5039.0,3.0,0.0,2.0,0.0,1.0,27.0,1.0,25.0,1.0,0.0
MAINE,Buxton,8591.0,10.0,0.0,3.0,1.0,6.0,77.0,8.0,64.0,5.0,1.0
MAINE,Calais,3140.0,2.0,0.0,0.0,0.0,2.0,44.0,3.0,33.0,8.0,0.0
MAINE,Camden,5221.0,0.0,0.0,0.0,0.0,0.0,61.0,2.0,59.0,0.0,0.0
MAINE,Cape Elizabeth,9610.0,2.0,0.0,2.0,0.0,0.0,16.0,1.0,13.0,2.0,0.0
MAINE,Carrabassett Valley,710.0,0.0,0.0,0.0,0.0,0.0,6.0,0.0,6.0,0.0,0.0
MAINE,Clinton,3390.0,3.0,0.0,2.0,0.0,1.0,12.0,0.0,8.0,4.0,0.0
MAINE,Cumberland,8845.0,0.0,0.0,0.0,0.0,0.0,23.0,9.0,13.0,1.0,0.0
MAINE,Damariscotta,2307.0,2.0,0.0,2.0,0.0,0.0,29.0,0.0,27.0,2.0,0.0
MAINE,Dexter,3816.0,3.0,0.0,1.0,0.0,2.0,33.0,1.0,27.0,5.0,0.0
MAINE,Dover-Foxcroft,4579.0,0.0,0.0,0.0,0.0,0.0,25.0,2.0,22.0,1.0,0.0
MAINE,East Millinocket,6860.0,4.0,0.0,0.0,0.0,4.0,57.0,1.0,47.0,9.0,0.0
MAINE,Eastport,1305.0,0.0,0.0,0.0,0.0,0.0,2.0,1.0,1.0,0.0,0.0
MAINE,Eliot,7511.0,0.0,0.0,0.0,0.0,0.0,15.0,2.0,12.0,1.0,0.0
MAINE,Ellsworth,8812.0,18.0,0.0,8.0,0.0,10.0,207.0,12.0,180.0,15.0,0.0
MAINE,Fairfield,6557.0,8.0,0.0,4.0,0.0,4.0,144.0,5.0,129.0,10.0,1.0
MAINE,Falmouth,13004.0,8.0,0.0,5.0,1.0,2.0,77.0,10.0,66.0,1.0,0.0
MAINE,Farmington,8727.0,11.0,0.0,3.0,2.0,6.0,123.0,3.0,110.0,10.0,0.0
MAINE,Fort Fairfield,3343.0,5.0,0.0,1.0,0.0,4.0,13.0,1.0,9.0,3.0,0.0
MAINE,Fort Kent,4273.0,1.0,0.0,1.0,0.0,0.0,15.0,3.0,11.0,1.0,0.0
MAINE,Freeport,8795.0,5.0,0.0,4.0,0.0,1.0,93.0,2.0,88.0,3.0,0.0
MAINE,Fryeburg,3589.0,1.0,0.0,0.0,0.0,1.0,38.0,3.0,32.0,3.0,0.0
MAINE,Gardiner,6222.0,7.0,1.0,4.0,0.0,2.0,63.0,3.0,52.0,8.0,0.0
MAINE,Gorham,18344.0,4.0,0.0,1.0,1.0,2.0,73.0,13.0,46.0,14.0,1.0
MAINE,Gouldsboro,1746.0,2.0,0.0,1.0,0.0,1.0,0.0,0.0,0.0,0.0,0.0
MAINE,Greenville,1677.0,0.0,0.0,0.0,0.0,0.0,12.0,0.0,12.0,0.0,0.0
MAINE,Hallowell,2629.0,0.0,0.0,0.0,0.0,0.0,15.0,2.0,10.0,3.0,0.0
MAINE,Hampden,8057.0,1.0,0.0,0.0,0.0,1.0,38.0,8.0,28.0,2.0,0.0
MAINE,Holden,3439.0,2.0,0.0,0.0,1.0,1.0,18.0,0.0,17.0,1.0,0.0
MAINE,Houlton,6080.0,3.0,0.0,0.0,0.0,3.0,92.0,17.0,71.0,4.0,0.0
MAINE,Islesboro,596.0,0.0,0.0,0.0,0.0,0.0,3.0,0.0,3.0,0.0,0.0
MAINE,Jay,4665.0,5.0,0.0,1.0,0.0,4.0,47.0,1.0,41.0,5.0,0.0
MAINE,Kennebunk,12040.0,8.0,0.0,5.0,0.0,3.0,76.0,1.0,71.0,4.0,1.0
MAINE,Kennebunkport,3718.0,1.0,0.0,0.0,0.0,1.0,23.0,1.0,22.0,0.0,0.0
MAINE,Kittery,11031.0,6.0,0.0,2.0,1.0,3.0,130.0,1.0,125.0,4.0,0.0
MAINE,Lewiston,38850.0,95.0,1.0,26.0,23.0,45.0,594.0,64.0,484.0,46.0,7.0
MAINE,Lincoln,4872.0,0.0,0.0,0.0,0.0,0.0,8.0,1.0,6.0,1.0,0.0
MAINE,Lisbon,9731.0,4.0,0.0,2.0,1.0,1.0,61.0,10.0,45.0,6.0,0.0
MAINE,Livermore Falls,3123.0,4.0,0.0,2.0,0.0,2.0,61.0,7.0,40.0,14.0,1.0
MAINE,Machias,2082.0,3.0,0.0,1.0,1.0,1.0,13.0,3.0,10.0,0.0,0.0
MAINE,Madawaska,3863.0,0.0,0.0,0.0,0.0,0.0,17.0,4.0,11.0,2.0,0.0
MAINE,Mechanic Falls,3143.0,7.0,2.0,2.0,0.0,3.0,19.0,2.0,17.0,0.0,0.0
MAINE,Milbridge,1395.0,0.0,0.0,0.0,0.0,0.0,0.0,0.0,0.0,0.0,0.0
MAINE,Milo,2400.0,1.0,0.0,0.0,0.0,1.0,20.0,5.0,15.0,0.0,0.0
MAINE,Monmouth,4244.0,0.0,0.0,0.0,0.0,0.0,5.0,1.0,4.0,0.0,0.0
MAINE,Newport,3162.0,2.0,0.0,0.0,0.0,2.0,34.0,1.0,33.0,0.0,0.0
MAINE,North Berwick,5275.0,9.0,0.0,6.0,0.0,3.0,15.0,1.0,12.0,2.0,0.0
MAINE,Norway,5356.0,1.0,0.0,0.0,1.0,0.0,102.0,10.0,88.0,4.0,0.0
MAINE,Oakland,6396.0,3.0,0.0,3.0,0.0,0.0,53.0,5.0,46.0,2.0,0.0
MAINE,Ogunquit,1606.0,1.0,0.0,1.0,0.0,0.0,26.0,0.0,25.0,1.0,0.0
MAINE,Old Orchard Beach,9503.0,10.0,0.0,2.0,0.0,8.0,99.0,5.0,85.0,9.0,1.0
MAINE,Old Town,7433.0,3.0,0.0,0.0,0.0,3.0,74.0,9.0,64.0,1.0,0.0
MAINE,Orono,12641.0,6.0,0.0,2.0,0.0,4.0,13.0,2.0,11.0,0.0,0.0
MAINE,Oxford,4419.0,2.0,0.0,2.0,0.0,0.0,158.0,4.0,150.0,4.0,0.0
MAINE,Paris,5429.0,4.0,0.0,1.0,0.0,3.0,59.0,5.0,48.0,6.0,0.0
MAINE,Phippsburg,2222.0,0.0,0.0,0.0,0.0,0.0,1.0,0.0,1.0,0.0,0.0
MAINE,Pittsfield,3939.0,1.0,0.0,0.0,0.0,1.0,45.0,7.0,35.0,3.0,0.0
MAINE,Portland,69310.0,185.0,5.0,29.0,35.0,116.0,1718.0,101.0,1509.0,108.0,11.0
MAINE,Presque Isle,8642.0,19.0,0.0,6.0,1.0,12.0,188.0,13.0,164.0,11.0,1.0
MAINE,Rangeley,1321.0,0.0,0.0,0.0,0.0,0.0,8.0,1.0,6.0,1.0,0.0
MAINE,Richmond,3588.0,0.0,0.0,0.0,0.0,0.0,2.0,0.0,1.0,1.0,0.0
MAINE,Rockland,7059.0,6.0,0.0,1.0,0.0,5.0,132.0,24.0,95.0,13.0,0.0
MAINE,Rockport,3687.0,3.0,0.0,0.0,0.0,3.0,27.0,3.0,19.0,5.0,0.0
MAINE,Rumford,6034.0,10.0,0.0,9.0,0.0,1.0,113.0,1.0,106.0,6.0,0.0
MAINE,Sabattus,5161.0,2.0,0.0,0.0,0.0,2.0,9.0,1.0,7.0,1.0,0.0
MAINE,Saco,21144.0,17.0,0.0,8.0,0.0,9.0,228.0,18.0,189.0,21.0,3.0
MAINE,Sanford,22345.0,35.0,0.0,18.0,1.0,16.0,587.0,34.0,525.0,28.0,12.0
MAINE,Scarborough,24147.0,15.0,0.0,3.0,1.0,11.0,255.0,22.0,209.0,24.0,0.0
MAINE,Skowhegan,8700.0,12.0,0.0,2.0,0.0,10.0,323.0,39.0,271.0,13.0,2.0
MAINE,South Berwick,7847.0,2.0,0.0,2.0,0.0,0.0,33.0,2.0,31.0,0.0,0.0
MAINE,South Portland,26931.0,17.0,0.0,2.0,5.0,10.0,369.0,22.0,316.0,31.0,3.0
MAINE,Southwest Harbor,1849.0,0.0,0.0,0.0,0.0,0.0,14.0,3.0,11.0,0.0,0.0
MAINE,Thomaston,2761.0,1.0,0.0,0.0,0.0,1.0,104.0,3.0,96.0,5.0,0.0
MAINE,Topsham,9814.0,4.0,0.0,2.0,0.0,2.0,94.0,5.0,85.0,4.0,1.0
MAINE,Veazie,1824.0,0.0,0.0,0.0,0.0,0.0,0.0,0.0,0.0,0.0,0.0
MAINE,Waldoboro,5378.0,2.0,0.0,0.0,0.0,2.0,54.0,8.0,35.0,11.0,1.0
MAINE,Waterville,16867.0,24.0,3.0,13.0,4.0,4.0,510.0,10.0,474.0,26.0,0.0
MAINE,Wells,12027.0,10.0,0.0,4.0,0.0,6.0,87.0,4.0,76.0,7.0,0.0
MAINE,Westbrook,20608.0,36.0,1.0,7.0,7.0,21.0,238.0,24.0,193.0,21.0,1.0
MAINE,Wilton,3885.0,5.0,0.0,0.0,1.0,4.0,32.0,0.0,26.0,6.0,0.0
MAINE,Windham,20064.0,17.0,0.0,6.0,0.0,11.0,153.0,12.0,131.0,10.0,0.0
MAINE,Winslow,8049.0,12.0,0.0,6.0,2.0,4.0,86.0,7.0,67.0,12.0,1.0
MAINE,Winter Harbor,478.0,0.0,0.0,0.0,0.0,0.0,2.0,1.0,1.0,0.0,0.0
MAINE,Winthrop,6224.0,3.0,0.0,0.0,1.0,2.0,70.0,10.0,54.0,6.0,0.0
MAINE,Wiscasset,3926.0,2.0,0.0,1.0,0.0,1.0,33.0,2.0,28.0,3.0,0.0
MAINE,Yarmouth,9036.0,8.0,0.0,4.0,1.0,3.0,38.0,4.0,32.0,2.0,0.0
MAINE,York,14249.0,7.0,0.0,4.0,0.0,3.0,65.0,8.0,54.0,3.0,1.0
MARYLAND,Aberdeen,18635.0,111.0,4.0,13.0,26.0,68.0,379.0,33.0,310.0,36.0,1.0
MARYLAND,Annapolis,40446.0,327.0,3.0,36.0,69.0,219.0,847.0,69.0,669.0,109.0,5.0
MARYLAND,Baltimore,566632.0,9101.0,197.0,326.0,3248.0,5330.0,23555.0,2968.0,14630.0,5957.0,116.0
MARYLAND,Baltimore City Sheriff,0.0,0.0,0.0,0.0,0.0,0.0,0.0,0.0,0.0,0.0,0.0
MARYLAND,Bel Air,10422.0,25.0,1.0,1.0,3.0,20.0,209.0,10.0,190.0,9.0,0.0
MARYLAND,Berlin,5443.0,4.0,0.0,0.0,1.0,3.0,49.0,4.0,45.0,0.0,0.0
MARYLAND,Berwyn Heights,3241.0,13.0,1.0,0.0,3.0,9.0,47.0,1.0,41.0,5.0,0.0
MARYLAND,Bladensburg,9382.0,91.0,1.0,2.0,35.0,53.0,330.0,28.0,223.0,79.0,2.0
MARYLAND,Boonsboro,3831.0,0.0,0.0,0.0,0.0,0.0,11.0,0.0,11.0,0.0,0.0
MARYLAND,Bowie,56929.0,110.0,0.0,20.0,33.0,57.0,1298.0,79.0,1003.0,216.0,0.0
MARYLAND,Brentwood,3696.0,13.0,0.0,3.0,5.0,5.0,34.0,3.0,17.0,14.0,0.0
MARYLAND,Brunswick,8488.0,11.0,1.0,2.0,1.0,7.0,42.0,5.0,36.0,1.0,0.0
MARYLAND,Cambridge,13205.0,72.0,0.0,12.0,24.0,36.0,421.0,67.0,315.0,39.0,1.0
MARYLAND,Capitol Heights,3926.0,18.0,0.0,1.0,11.0,6.0,41.0,3.0,12.0,26.0,0.0
MARYLAND,Centreville,4753.0,10.0,0.0,3.0,0.0,7.0,40.0,6.0,33.0,1.0,1.0
MARYLAND,Chestertown,5616.0,13.0,0.0,3.0,1.0,9.0,104.0,10.0,89.0,5.0,0.0
MARYLAND,Cheverly,5970.0,13.0,0.0,4.0,4.0,5.0,171.0,10.0,116.0,45.0,0.0
MARYLAND,Chevy Chase Village,2020.0,0.0,0.0,0.0,0.0,0.0,55.0,1.0,52.0,2.0,0.0
MARYLAND,Colmar Manor,1543.0,6.0,0.0,1.0,4.0,1.0,61.0,5.0,45.0,11.0,0.0
MARYLAND,Crisfield,2494.0,0.0,0.0,0.0,0.0,0.0,2.0,0.0,1.0,1.0,0.0
MARYLAND,Cumberland,18661.0,86.0,2.0,8.0,21.0,55.0,733.0,139.0,564.0,30.0,7.0
MARYLAND,Denton,5025.0,18.0,0.0,5.0,1.0,12.0,152.0,7.0,133.0,12.0,0.0
MARYLAND,District Heights,5769.0,45.0,1.0,2.0,7.0,35.0,97.0,7.0,50.0,40.0,0.0
MARYLAND,Easton,17268.0,69.0,0.0,7.0,8.0,54.0,342.0,29.0,289.0,24.0,2.0
MARYLAND,Edmonston,1561.0,6.0,0.0,0.0,5.0,1.0,41.0,5.0,19.0,17.0,0.0
MARYLAND,Elkton,16017.0,173.0,2.0,20.0,39.0,112.0,838.0,101.0,582.0,155.0,7.0
MARYLAND,Fairmount Heights,1479.0,19.0,0.0,1.0,9.0,9.0,57.0,3.0,29.0,25.0,0.0
MARYLAND,Federalsburg,2797.0,5.0,0.0,0.0,0.0,5.0,24.0,3.0,20.0,1.0,0.0
MARYLAND,Forest Heights,2573.0,12.0,2.0,1.0,4.0,5.0,33.0,3.0,16.0,14.0,0.0
MARYLAND,Frederick,88428.0,359.0,2.0,49.0,46.0,262.0,1480.0,216.0,1165.0,99.0,4.0
MARYLAND,Frostburg,6946.0,1.0,0.0,0.0,0.0,1.0,7.0,6.0,1.0,0.0,0.0
MARYLAND,Fruitland,5987.0,12.0,1.0,1.0,2.0,8.0,131.0,14.0,113.0,4.0,2.0
MARYLAND,Gaithersburg,69590.0,176.0,1.0,20.0,45.0,110.0,913.0,105.0,712.0,96.0,0.0
MARYLAND,Glenarden,6230.0,13.0,0.0,0.0,10.0,3.0,55.0,6.0,31.0,18.0,0.0
MARYLAND,Greenbelt,24193.0,157.0,0.0,10.0,79.0,68.0,1059.0,36.0,767.0,256.0,1.0
MARYLAND,Greensboro,1928.0,4.0,0.0,1.0,0.0,3.0,15.0,0.0,12.0,3.0,0.0
MARYLAND,Hagerstown,43563.0,311.0,4.0,32.0,97.0,178.0,1073.0,218.0,654.0,201.0,0.0
MARYLAND,Hampstead,6445.0,10.0,0.0,0.0,1.0,9.0,53.0,5.0,45.0,3.0,0.0
MARYLAND,Hancock,1558.0,1.0,0.0,0.0,0.0,1.0,12.0,0.0,11.0,1.0,0.0
MARYLAND,Havre de Grace,15099.0,21.0,0.0,3.0,5.0,13.0,191.0,20.0,160.0,11.0,0.0
MARYLAND,Hurlock,2090.0,4.0,0.0,0.0,0.0,4.0,29.0,2.0,24.0,3.0,0.0
MARYLAND,Hyattsville,20506.0,141.0,1.0,14.0,78.0,48.0,685.0,63.0,460.0,162.0,0.0
MARYLAND,Landover Hills,1751.0,14.0,0.0,0.0,7.0,7.0,131.0,55.0,59.0,17.0,0.0
MARYLAND,La Plata,11114.0,24.0,0.0,0.0,2.0,22.0,195.0,26.0,149.0,20.0,0.0
MARYLAND,Laurel,29209.0,115.0,2.0,7.0,38.0,68.0,1420.0,58.0,1096.0,266.0,0.0
MARYLAND,Manchester,5567.0,10.0,0.0,1.0,0.0,9.0,6.0,1.0,4.0,1.0,0.0
MARYLAND,Morningside,1203.0,13.0,0.0,1.0,9.0,3.0,25.0,4.0,11.0,10.0,0.0
MARYLAND,Mount Airy,9966.0,32.0,0.0,0.0,1.0,31.0,102.0,4.0,95.0,3.0,1.0
MARYLAND,Mount Rainier,8055.0,63.0,3.0,4.0,24.0,32.0,212.0,10.0,135.0,67.0,1.0
MARYLAND,New Carrollton,13312.0,39.0,0.0,2.0,15.0,22.0,219.0,16.0,125.0,78.0,0.0
MARYLAND,North East,4189.0,20.0,0.0,3.0,1.0,16.0,80.0,14.0,43.0,23.0,0.0
MARYLAND,Oakland,1810.0,0.0,0.0,0.0,0.0,0.0,7.0,0.0,7.0,0.0,0.0
MARYLAND,Ocean City,6938.0,68.0,0.0,12.0,4.0,52.0,611.0,63.0,521.0,27.0,0.0
MARYLAND,Ocean Pines,12233.0,4.0,0.0,2.0,0.0,2.0,40.0,7.0,32.0,1.0,0.0
MARYLAND,Oxford,597.0,0.0,0.0,0.0,0.0,0.0,6.0,1.0,5.0,0.0,0.0
MARYLAND,Perryville,4509.0,16.0,0.0,9.0,1.0,6.0,100.0,8.0,79.0,13.0,0.0
MARYLAND,Pittsville,1638.0,1.0,0.0,0.0,1.0,0.0,3.0,1.0,2.0,0.0,0.0
MARYLAND,Pocomoke City,4433.0,24.0,0.0,3.0,2.0,19.0,127.0,15.0,111.0,1.0,1.0
MARYLAND,Princess Anne,3568.0,57.0,1.0,5.0,9.0,42.0,187.0,37.0,138.0,12.0,2.0
MARYLAND,Rising Sun,2780.0,3.0,0.0,0.0,0.0,3.0,18.0,0.0,18.0,0.0,0.0
MARYLAND,Riverdale Park,7109.0,70.0,1.0,2.0,24.0,43.0,207.0,16.0,160.0,31.0,0.0
MARYLAND,Rock Hall,1188.0,0.0,0.0,0.0,0.0,0.0,6.0,0.0,5.0,1.0,0.0
MARYLAND,Rockville,67285.0,101.0,0.0,11.0,30.0,60.0,1025.0,129.0,770.0,126.0,1.0
MARYLAND,Salisbury,33205.0,317.0,0.0,12.0,50.0,255.0,998.0,182.0,753.0,63.0,3.0
MARYLAND,Seat Pleasant,4425.0,44.0,0.0,2.0,18.0,24.0,158.0,5.0,116.0,37.0,0.0
MARYLAND,Smithsburg,3205.0,2.0,0.0,0.0,0.0,2.0,15.0,0.0,13.0,2.0,0.0
MARYLAND,Snow Hill,2315.0,5.0,0.0,0.0,1.0,4.0,21.0,1.0,18.0,2.0,0.0
MARYLAND,St. Michaels,1066.0,0.0,0.0,0.0,0.0,0.0,15.0,1.0,13.0,1.0,1.0
MARYLAND,Sykesville,4444.0,3.0,0.0,0.0,0.0,3.0,24.0,4.0,16.0,4.0,0.0
MARYLAND,Takoma Park,17418.0,94.0,0.0,8.0,44.0,42.0,1232.0,108.0,1022.0,102.0,2.0
MARYLAND,Thurmont,6832.0,6.0,0.0,2.0,0.0,4.0,39.0,5.0,33.0,1.0,0.0
MARYLAND,University Park,2359.0,1.0,0.0,0.0,0.0,1.0,25.0,3.0,19.0,3.0,0.0
MARYLAND,Westminster,20671.0,50.0,0.0,6.0,5.0,39.0,422.0,22.0,386.0,14.0,5.0
MASSACHUSETTS,Abington,17261.0,40.0,1.0,6.0,4.0,29.0,235.0,14.0,200.0,21.0,1.0
MASSACHUSETTS,Acton,24506.0,16.0,1.0,3.0,0.0,12.0,86.0,19.0,64.0,3.0,0.0
MASSACHUSETTS,Acushnet,10817.0,14.0,0.0,1.0,1.0,12.0,26.0,8.0,15.0,3.0,0.0
MASSACHUSETTS,Adams,7947.0,22.0,0.0,5.0,1.0,16.0,98.0,22.0,70.0,6.0,2.0
MASSACHUSETTS,Agawam,28921.0,83.0,0.0,8.0,0.0,75.0,302.0,78.0,190.0,34.0,2.0
MASSACHUSETTS,Amesbury,17618.0,29.0,0.0,5.0,1.0,23.0,89.0,7.0,79.0,3.0,0.0
MASSACHUSETTS,Amherst,46304.0,74.0,0.0,33.0,3.0,38.0,142.0,16.0,122.0,4.0,6.0
MASSACHUSETTS,Andover,37152.0,35.0,0.0,3.0,1.0,31.0,289.0,63.0,215.0,11.0,0.0
MASSACHUSETTS,Aquinnah,456.0,1.0,0.0,0.0,0.0,1.0,0.0,0.0,0.0,0.0,0.0
MASSACHUSETTS,Arlington,46956.0,26.0,0.0,5.0,0.0,21.0,204.0,28.0,159.0,17.0,0.0
MASSACHUSETTS,Ashburnham,6572.0,7.0,0.0,3.0,0.0,4.0,22.0,6.0,13.0,3.0,0.0
MASSACHUSETTS,Ashby,3262.0,2.0,0.0,0.0,0.0,2.0,5.0,1.0,3.0,1.0,0.0
MASSACHUSETTS,Ashfield,1691.0,1.0,0.0,1.0,0.0,0.0,1.0,0.0,1.0,0.0,0.0
MASSACHUSETTS,Ashland,18861.0,18.0,0.0,2.0,1.0,15.0,128.0,51.0,44.0,33.0,1.0
MASSACHUSETTS,Athol,12165.0,55.0,0.0,7.0,0.0,48.0,89.0,13.0,75.0,1.0,1.0
MASSACHUSETTS,Attleboro,47594.0,105.0,1.0,8.0,21.0,75.0,536.0,44.0,448.0,44.0,4.0
MASSACHUSETTS,Auburn,17122.0,70.0,4.0,5.0,5.0,56.0,198.0,21.0,159.0,18.0,1.0
MASSACHUSETTS,Avon,4798.0,9.0,0.0,1.0,1.0,7.0,86.0,6.0,68.0,12.0,0.0
MASSACHUSETTS,Ayer,8729.0,27.0,0.0,3.0,0.0,24.0,32.0,7.0,20.0,5.0,0.0
MASSACHUSETTS,Barnstable,50928.0,209.0,1.0,33.0,9.0,166.0,400.0,67.0,296.0,37.0,6.0
MASSACHUSETTS,Barre,5645.0,18.0,0.0,5.0,0.0,13.0,25.0,4.0,21.0,0.0,0.0
MASSACHUSETTS,Becket,1917.0,4.0,0.0,1.0,0.0,3.0,21.0,9.0,11.0,1.0,2.0
MASSACHUSETTS,Bedford,14659.0,2.0,2.0,0.0,0.0,0.0,65.0,6.0,55.0,4.0,0.0
MASSACHUSETTS,Belchertown,15339.0,32.0,0.0,3.0,3.0,26.0,80.0,10.0,58.0,12.0,0.0
MASSACHUSETTS,Bellingham,18099.0,39.0,0.0,8.0,4.0,27.0,189.0,12.0,166.0,11.0,1.0
MASSACHUSETTS,Belmont,27280.0,14.0,0.0,8.0,2.0,4.0,192.0,42.0,139.0,11.0,0.0
MASSACHUSETTS,Berkley,6969.0,8.0,0.0,2.0,0.0,6.0,10.0,1.0,7.0,2.0,0.0
MASSACHUSETTS,Berlin,3544.0,3.0,0.0,1.0,1.0,1.0,21.0,1.0,17.0,3.0,0.0
MASSACHUSETTS,Bernardston,2849.0,3.0,0.0,0.0,0.0,3.0,8.0,1.0,3.0,4.0,0.0
MASSACHUSETTS,Beverly,43024.0,72.0,0.0,8.0,2.0,62.0,177.0,19.0,138.0,20.0,0.0
MASSACHUSETTS,Billerica,42332.0,43.0,0.0,9.0,3.0,31.0,174.0,16.0,135.0,23.0,1.0
MASSACHUSETTS,Blackstone,9391.0,11.0,0.0,0.0,0.0,11.0,16.0,2.0,11.0,3.0,0.0
MASSACHUSETTS,Bolton,5871.0,10.0,0.0,1.0,0.0,9.0,20.0,5.0,15.0,0.0,0.0
MASSACHUSETTS,Boston,659049.0,4138.0,24.0,169.0,833.0,3112.0,13324.0,1171.0,11121.0,1032.0,20.0
MASSACHUSETTS,Bourne,21124.0,58.0,0.0,11.0,0.0,47.0,205.0,43.0,152.0,10.0,2.0
MASSACHUSETTS,Boxborough,5540.0,9.0,0.0,1.0,0.0,8.0,15.0,1.0,14.0,0.0,0.0
MASSACHUSETTS,Boxford,8291.0,0.0,0.0,0.0,0.0,0.0,12.0,0.0,11.0,1.0,0.0
MASSACHUSETTS,Boylston,5107.0,9.0,0.0,0.0,1.0,8.0,8.0,3.0,5.0,0.0,0.0
MASSACHUSETTS,Braintree,39018.0,111.0,0.0,15.0,9.0,87.0,437.0,23.0,379.0,35.0,1.0
MASSACHUSETTS,Brewster,10600.0,13.0,0.0,4.0,0.0,9.0,26.0,7.0,16.0,3.0,0.0
MASSACHUSETTS,Bridgewater,29465.0,22.0,0.0,3.0,0.0,19.0,59.0,4.0,33.0,22.0,0.0
MASSACHUSETTS,Brimfield,3779.0,4.0,0.0,4.0,0.0,0.0,12.0,2.0,9.0,1.0,0.0
MASSACHUSETTS,Brockton,106650.0,639.0,8.0,68.0,72.0,491.0,1435.0,249.0,801.0,385.0,16.0
MASSACHUSETTS,Brookfield,3516.0,6.0,0.0,1.0,0.0,5.0,5.0,1.0,3.0,1.0,0.0
MASSACHUSETTS,Brookline,64122.0,64.0,0.0,3.0,10.0,51.0,574.0,55.0,503.0,16.0,1.0
MASSACHUSETTS,Burlington,27124.0,61.0,0.0,6.0,4.0,51.0,451.0,26.0,412.0,13.0,0.0
MASSACHUSETTS,Cambridge,120447.0,526.0,0.0,41.0,110.0,375.0,3185.0,285.0,2798.0,102.0,15.0
MASSACHUSETTS,Canton,25181.0,73.0,0.0,2.0,4.0,67.0,136.0,10.0,112.0,14.0,2.0
MASSACHUSETTS,Carlisle,5276.0,3.0,0.0,0.0,0.0,3.0,16.0,0.0,16.0,0.0,1.0
MASSACHUSETTS,Carver,11910.0,12.0,0.0,1.0,0.0,11.0,65.0,8.0,56.0,1.0,0.0
MASSACHUSETTS,Charlton,13672.0,16.0,0.0,2.0,0.0,14.0,46.0,8.0,30.0,8.0,0.0
MASSACHUSETTS,Chatham,6843.0,12.0,0.0,1.0,0.0,11.0,35.0,7.0,27.0,1.0,0.0
MASSACHUSETTS,Chelmsford,36795.0,45.0,0.0,6.0,1.0,38.0,415.0,43.0,359.0,13.0,0.0
MASSACHUSETTS,Chelsea,38307.0,375.0,2.0,31.0,46.0,296.0,550.0,57.0,441.0,52.0,3.0
MASSACHUSETTS,Cheshire,3176.0,1.0,0.0,1.0,0.0,0.0,12.0,1.0,10.0,1.0,0.0
MASSACHUSETTS,Chester,1231.0,0.0,0.0,0.0,0.0,0.0,0.0,0.0,0.0,0.0,0.0
MASSACHUSETTS,Chesterfield,1169.0,0.0,0.0,0.0,0.0,0.0,2.0,0.0,2.0,0.0,0.0
MASSACHUSETTS,Chicopee,55770.0,316.0,4.0,48.0,23.0,241.0,982.0,113.0,750.0,119.0,2.0
MASSACHUSETTS,Chilmark,1266.0,2.0,0.0,0.0,0.0,2.0,3.0,0.0,3.0,0.0,0.0
MASSACHUSETTS,Clinton,15864.0,7.0,0.0,0.0,0.0,7.0,9.0,3.0,6.0,0.0,0.0
MASSACHUSETTS,Cohasset,8555.0,7.0,0.0,0.0,0.0,7.0,28.0,6.0,21.0,1.0,0.0
MASSACHUSETTS,Colrain,1638.0,0.0,0.0,0.0,0.0,0.0,0.0,0.0,0.0,0.0,0.0
MASSACHUSETTS,Concord,18335.0,9.0,0.0,3.0,1.0,5.0,99.0,9.0,86.0,4.0,0.0
MASSACHUSETTS,Dalton,6161.0,7.0,0.0,0.0,0.0,7.0,5.0,1.0,3.0,1.0,0.0
MASSACHUSETTS,Danvers,28375.0,39.0,0.0,4.0,0.0,35.0,420.0,16.0,374.0,30.0,2.0
MASSACHUSETTS,Dartmouth,34792.0,87.0,0.0,10.0,7.0,70.0,381.0,25.0,340.0,16.0,4.0
MASSACHUSETTS,Dedham,25355.0,69.0,0.0,5.0,2.0,62.0,336.0,25.0,286.0,25.0,0.0
MASSACHUSETTS,Deerfield,5204.0,16.0,0.0,2.0,0.0,14.0,26.0,4.0,22.0,0.0,0.0
MASSACHUSETTS,Dennis,15263.0,36.0,0.0,3.0,0.0,33.0,116.0,27.0,83.0,6.0,3.0
MASSACHUSETTS,Dighton,8362.0,15.0,0.0,3.0,0.0,12.0,22.0,5.0,11.0,6.0,0.0
MASSACHUSETTS,Douglas,9500.0,16.0,0.0,4.0,0.0,12.0,20.0,4.0,14.0,2.0,0.0
MASSACHUSETTS,Dover,5957.0,9.0,0.0,1.0,0.0,8.0,30.0,2.0,23.0,5.0,0.0
MASSACHUSETTS,Dracut,32821.0,49.0,0.0,5.0,1.0,43.0,215.0,37.0,166.0,12.0,1.0
MASSACHUSETTS,Dudley,12053.0,17.0,0.0,3.0,1.0,13.0,18.0,7.0,11.0,0.0,1.0
MASSACHUSETTS,Dunstable,3489.0,6.0,0.0,0.0,0.0,6.0,8.0,2.0,5.0,1.0,0.0
MASSACHUSETTS,Duxbury,16527.0,19.0,0.0,5.0,0.0,14.0,38.0,6.0,32.0,0.0,0.0
MASSACHUSETTS,East Bridgewater,14671.0,18.0,0.0,1.0,0.0,17.0,34.0,4.0,23.0,7.0,1.0
MASSACHUSETTS,East Brookfield,2236.0,8.0,0.0,1.0,1.0,6.0,6.0,2.0,3.0,1.0,2.0
MASSACHUSETTS,Eastham,5932.0,10.0,0.0,1.0,0.0,9.0,49.0,3.0,43.0,3.0,0.0
MASSACHUSETTS,Easthampton,15983.0,33.0,0.0,7.0,0.0,26.0,74.0,17.0,54.0,3.0,0.0
MASSACHUSETTS,East Longmeadow,16714.0,35.0,0.0,6.0,1.0,28.0,245.0,22.0,207.0,16.0,0.0
MASSACHUSETTS,Easton,25941.0,38.0,0.0,5.0,0.0,33.0,201.0,16.0,170.0,15.0,1.0
MASSACHUSETTS,Edgartown,5419.0,21.0,0.0,3.0,1.0,17.0,42.0,11.0,27.0,4.0,1.0
MASSACHUSETTS,Egremont,1371.0,3.0,0.0,0.0,0.0,3.0,5.0,1.0,4.0,0.0,0.0
MASSACHUSETTS,Erving,1665.0,2.0,0.0,0.0,0.0,2.0,6.0,0.0,6.0,0.0,0.0
MASSACHUSETTS,Essex,3770.0,11.0,0.0,1.0,0.0,10.0,13.0,1.0,10.0,2.0,0.0
MASSACHUSETTS,Everett,51744.0,180.0,0.0,24.0,11.0,145.0,680.0,58.0,545.0,77.0,3.0
MASSACHUSETTS,Fairhaven,16167.0,25.0,0.0,2.0,2.0,21.0,96.0,2.0,80.0,14.0,1.0
MASSACHUSETTS,Fall River,95573.0,710.0,3.0,58.0,96.0,553.0,1330.0,221.0,952.0,157.0,15.0
MASSACHUSETTS,Falmouth,33877.0,96.0,0.0,20.0,2.0,74.0,285.0,56.0,217.0,12.0,1.0
MASSACHUSETTS,Fitchburg,42332.0,206.0,1.0,17.0,15.0,173.0,569.0,115.0,403.0,51.0,7.0
MASSACHUSETTS,Foxborough,18793.0,53.0,0.0,6.0,4.0,43.0,116.0,14.0,92.0,10.0,0.0
MASSACHUSETTS,Framingham,73123.0,238.0,0.0,7.0,20.0,211.0,771.0,274.0,416.0,81.0,2.0
MASSACHUSETTS,Franklin,33716.0,32.0,0.0,1.0,1.0,30.0,97.0,14.0,72.0,11.0,0.0
MASSACHUSETTS,Freetown,9493.0,31.0,0.0,3.0,1.0,27.0,43.0,10.0,29.0,4.0,1.0
MASSACHUSETTS,Gardner,21288.0,70.0,0.0,6.0,1.0,63.0,132.0,19.0,101.0,12.0,2.0
MASSACHUSETTS,Georgetown,8597.0,3.0,0.0,1.0,0.0,2.0,27.0,2.0,23.0,2.0,0.0
MASSACHUSETTS,Gill,1553.0,7.0,0.0,0.0,4.0,3.0,9.0,2.0,5.0,2.0,0.0
MASSACHUSETTS,Gloucester,30599.0,85.0,0.0,11.0,1.0,73.0,169.0,30.0,127.0,12.0,0.0
MASSACHUSETTS,Goshen,939.0,0.0,0.0,0.0,0.0,0.0,0.0,0.0,0.0,0.0,0.0
MASSACHUSETTS,Grafton,20464.0,14.0,0.0,1.0,0.0,13.0,36.0,7.0,25.0,4.0,1.0
MASSACHUSETTS,Granby,6046.0,3.0,0.0,2.0,0.0,1.0,18.0,1.0,15.0,2.0,0.0
MASSACHUSETTS,Granville,1553.0,0.0,0.0,0.0,0.0,0.0,4.0,1.0,2.0,1.0,0.0
MASSACHUSETTS,Great Barrington,7198.0,16.0,0.0,3.0,1.0,12.0,53.0,13.0,40.0,0.0,0.0
MASSACHUSETTS,Greenfield,17419.0,121.0,1.0,25.0,11.0,84.0,349.0,101.0,231.0,17.0,1.0
MASSACHUSETTS,Groton,11487.0,5.0,0.0,1.0,0.0,4.0,22.0,7.0,14.0,1.0,1.0
MASSACHUSETTS,Groveland,6869.0,2.0,0.0,1.0,0.0,1.0,3.0,0.0,3.0,0.0,0.0
MASSACHUSETTS,Hadley,5264.0,24.0,0.0,6.0,0.0,18.0,190.0,7.0,179.0,4.0,0.0
MASSACHUSETTS,Halifax,7855.0,6.0,0.0,2.0,0.0,4.0,61.0,4.0,57.0,0.0,0.0
MASSACHUSETTS,Hamilton,7738.0,5.0,0.0,1.0,0.0,4.0,17.0,0.0,16.0,1.0,1.0
MASSACHUSETTS,Hampden,5002.0,3.0,0.0,0.0,0.0,3.0,10.0,3.0,6.0,1.0,0.0
MASSACHUSETTS,Hanover,15008.0,16.0,0.0,0.0,2.0,14.0,147.0,8.0,131.0,8.0,0.0
MASSACHUSETTS,Hanson,10772.0,13.0,0.0,3.0,0.0,10.0,22.0,5.0,15.0,2.0,1.0
MASSACHUSETTS,Hardwick,2715.0,6.0,0.0,1.0,0.0,5.0,6.0,3.0,1.0,2.0,0.0
MASSACHUSETTS,Harvard,7086.0,4.0,0.0,2.0,0.0,2.0,11.0,1.0,10.0,0.0,0.0
MASSACHUSETTS,Harwich,13910.0,15.0,0.0,2.0,0.0,13.0,72.0,12.0,58.0,2.0,0.0
MASSACHUSETTS,Hatfield,3313.0,2.0,0.0,0.0,0.0,2.0,4.0,0.0,4.0,0.0,0.0
MASSACHUSETTS,Haverhill,68602.0,282.0,0.0,7.0,9.0,266.0,634.0,80.0,523.0,31.0,6.0
MASSACHUSETTS,Hingham,24620.0,31.0,0.0,1.0,0.0,30.0,198.0,19.0,174.0,5.0,0.0
MASSACHUSETTS,Hinsdale,1890.0,0.0,0.0,0.0,0.0,0.0,4.0,0.0,3.0,1.0,0.0
MASSACHUSETTS,Holbrook,11462.0,36.0,1.0,3.0,4.0,28.0,158.0,29.0,113.0,16.0,0.0
MASSACHUSETTS,Holden,20322.0,11.0,0.0,6.0,0.0,5.0,53.0,5.0,41.0,7.0,0.0
MASSACHUSETTS,Holland,2608.0,3.0,0.0,0.0,0.0,3.0,7.0,1.0,2.0,4.0,0.0
MASSACHUSETTS,Holliston,15309.0,5.0,0.0,2.0,0.0,3.0,28.0,6.0,20.0,2.0,1.0
MASSACHUSETTS,Holyoke,38232.0,398.0,3.0,30.0,54.0,311.0,1618.0,162.0,1305.0,151.0,7.0
MASSACHUSETTS,Hopedale,6149.0,4.0,0.0,1.0,0.0,3.0,15.0,2.0,11.0,2.0,0.0
MASSACHUSETTS,Hopkinton,20171.0,17.0,1.0,0.0,1.0,15.0,49.0,8.0,40.0,1.0,0.0
MASSACHUSETTS,Hubbardston,4438.0,3.0,0.0,0.0,1.0,2.0,10.0,3.0,5.0,2.0,0.0
MASSACHUSETTS,Hudson,20237.0,32.0,0.0,1.0,0.0,31.0,114.0,14.0,89.0,11.0,1.0
MASSACHUSETTS,Hull,10310.0,27.0,0.0,3.0,0.0,24.0,48.0,4.0,43.0,1.0,0.0
MASSACHUSETTS,Ipswich,14215.0,19.0,0.0,1.0,0.0,18.0,39.0,6.0,30.0,3.0,0.0
MASSACHUSETTS,Kingston,14291.0,31.0,0.0,4.0,1.0,26.0,97.0,13.0,75.0,9.0,2.0
MASSACHUSETTS,Lakeville,12343.0,22.0,0.0,2.0,1.0,19.0,82.0,19.0,56.0,7.0,0.0
MASSACHUSETTS,Lancaster,9104.0,13.0,0.0,1.0,0.0,12.0,57.0,19.0,31.0,7.0,0.0
MASSACHUSETTS,Lanesboro,2994.0,5.0,0.0,0.0,1.0,4.0,41.0,8.0,32.0,1.0,0.0
MASSACHUSETTS,Lawrence,89600.0,394.0,7.0,28.0,47.0,312.0,895.0,65.0,763.0,67.0,1.0
MASSACHUSETTS,Lee,5666.0,13.0,0.0,3.0,1.0,9.0,54.0,4.0,47.0,3.0,0.0
MASSACHUSETTS,Leicester,11275.0,35.0,0.0,3.0,1.0,31.0,75.0,9.0,63.0,3.0,1.0
MASSACHUSETTS,Lenox,5054.0,4.0,0.0,3.0,0.0,1.0,80.0,5.0,75.0,0.0,0.0
MASSACHUSETTS,Leominster,44407.0,215.0,2.0,18.0,15.0,180.0,584.0,51.0,480.0,53.0,5.0
MASSACHUSETTS,Leverett,1862.0,2.0,0.0,0.0,0.0,2.0,3.0,1.0,2.0,0.0,0.0
MASSACHUSETTS,Lexington,34350.0,18.0,0.0,3.0,1.0,14.0,115.0,18.0,94.0,3.0,1.0
MASSACHUSETTS,Lincoln,6985.0,0.0,0.0,0.0,0.0,0.0,16.0,1.0,14.0,1.0,0.0
MASSACHUSETTS,Littleton,10485.0,6.0,0.0,2.0,2.0,2.0,46.0,2.0,42.0,2.0,0.0
MASSACHUSETTS,Longmeadow,15881.0,15.0,0.0,2.0,0.0,13.0,94.0,15.0,72.0,7.0,0.0
MASSACHUSETTS,Lowell,116062.0,618.0,5.0,8.0,66.0,539.0,1930.0,174.0,1520.0,236.0,13.0
MASSACHUSETTS,Ludlow,21304.0,37.0,0.0,3.0,0.0,34.0,131.0,14.0,99.0,18.0,1.0
MASSACHUSETTS,Lunenburg,12095.0,13.0,0.0,4.0,0.0,9.0,125.0,12.0,107.0,6.0,0.0
MASSACHUSETTS,Lynn,103200.0,593.0,3.0,34.0,78.0,478.0,1208.0,209.0,809.0,190.0,6.0
MASSACHUSETTS,Lynnfield,13298.0,13.0,0.0,0.0,3.0,10.0,114.0,7.0,101.0,6.0,0.0
MASSACHUSETTS,Malden,66046.0,193.0,0.0,10.0,26.0,157.0,779.0,80.0,587.0,112.0,2.0
MASSACHUSETTS,Manchester-by-the-Sea,5501.0,1.0,0.0,0.0,0.0,1.0,13.0,1.0,12.0,0.0,0.0
MASSACHUSETTS,Mansfield,24311.0,28.0,0.0,6.0,0.0,22.0,194.0,12.0,166.0,16.0,0.0
MASSACHUSETTS,Marblehead,20645.0,30.0,0.0,7.0,1.0,22.0,119.0,14.0,99.0,6.0,0.0
MASSACHUSETTS,Marion,5376.0,1.0,0.0,0.0,0.0,1.0,32.0,2.0,28.0,2.0,0.0
MASSACHUSETTS,Marlborough,41785.0,176.0,0.0,19.0,6.0,151.0,433.0,50.0,338.0,45.0,2.0
MASSACHUSETTS,Marshfield,26238.0,38.0,1.0,6.0,0.0,31.0,44.0,9.0,32.0,3.0,2.0
MASSACHUSETTS,Mashpee,15804.0,29.0,0.0,8.0,0.0,21.0,86.0,13.0,69.0,4.0,1.0
MASSACHUSETTS,Mattapoisett,6827.0,4.0,0.0,0.0,0.0,4.0,36.0,1.0,30.0,5.0,0.0
MASSACHUSETTS,Maynard,10762.0,26.0,0.0,1.0,1.0,24.0,80.0,24.0,52.0,4.0,4.0
MASSACHUSETTS,Medfield,13434.0,20.0,0.0,3.0,0.0,17.0,31.0,6.0,25.0,0.0,1.0
MASSACHUSETTS,Medford,59601.0,107.0,0.0,13.0,14.0,80.0,715.0,46.0,600.0,69.0,4.0
MASSACHUSETTS,Medway,13980.0,9.0,0.0,2.0,0.0,7.0,40.0,8.0,30.0,2.0,0.0
MASSACHUSETTS,Melrose,29784.0,30.0,0.0,0.0,4.0,26.0,128.0,12.0,100.0,16.0,1.0
MASSACHUSETTS,Mendon,6486.0,8.0,0.0,0.0,0.0,8.0,19.0,6.0,10.0,3.0,0.0
MASSACHUSETTS,Merrimac,6846.0,1.0,0.0,0.0,0.0,1.0,15.0,2.0,12.0,1.0,0.0
MASSACHUSETTS,Methuen,54623.0,96.0,0.0,5.0,0.0,91.0,435.0,26.0,373.0,36.0,0.0
MASSACHUSETTS,Middleboro,25046.0,107.0,0.0,10.0,4.0,93.0,157.0,22.0,110.0,25.0,0.0
MASSACHUSETTS,Middleton,10115.0,9.0,0.0,2.0,0.0,7.0,34.0,5.0,23.0,6.0,0.0
MASSACHUSETTS,Milford,30799.0,88.0,1.0,17.0,5.0,65.0,278.0,22.0,240.0,16.0,2.0
MASSACHUSETTS,Millbury,14328.0,22.0,0.0,4.0,0.0,18.0,201.0,5.0,186.0,10.0,1.0
MASSACHUSETTS,Millis,9370.0,1.0,0.0,0.0,0.0,1.0,8.0,0.0,6.0,2.0,0.0
MASSACHUSETTS,Millville,3198.0,1.0,0.0,1.0,0.0,0.0,4.0,2.0,2.0,0.0,0.0
MASSACHUSETTS,Milton,28832.0,15.0,0.0,1.0,1.0,13.0,162.0,21.0,141.0,0.0,0.0
MASSACHUSETTS,Monson,8262.0,33.0,0.0,0.0,0.0,33.0,39.0,13.0,22.0,4.0,0.0
MASSACHUSETTS,Montague,8403.0,36.0,0.0,1.0,4.0,31.0,53.0,15.0,34.0,4.0,1.0
MASSACHUSETTS,Montgomery,828.0,0.0,0.0,0.0,0.0,0.0,0.0,0.0,0.0,0.0,0.0
MASSACHUSETTS,Nahant,3352.0,9.0,0.0,1.0,0.0,8.0,9.0,1.0,8.0,0.0,0.0
MASSACHUSETTS,Nantucket,14789.0,30.0,0.0,6.0,0.0,24.0,135.0,11.0,117.0,7.0,0.0
MASSACHUSETTS,Natick,37073.0,79.0,0.0,4.0,3.0,72.0,421.0,27.0,384.0,10.0,2.0
MASSACHUSETTS,Needham,32779.0,17.0,0.0,4.0,0.0,13.0,212.0,24.0,176.0,12.0,1.0
MASSACHUSETTS,New Bedford,102491.0,362.0,7.0,45.0,80.0,230.0,1393.0,189.0,954.0,250.0,7.0
MASSACHUSETTS,New Braintree,1012.0,1.0,0.0,0.0,0.0,1.0,0.0,0.0,0.0,0.0,0.0
MASSACHUSETTS,Newbury,6911.0,7.0,0.0,0.0,0.0,7.0,30.0,2.0,25.0,3.0,0.0
MASSACHUSETTS,Newburyport,19232.0,9.0,0.0,4.0,0.0,5.0,76.0,4.0,67.0,5.0,0.0
MASSACHUSETTS,New Marlborough,1495.0,2.0,0.0,1.0,0.0,1.0,2.0,0.0,2.0,0.0,0.0
MASSACHUSETTS,Newton,89935.0,44.0,0.0,9.0,1.0,34.0,539.0,57.0,451.0,31.0,0.0
MASSACHUSETTS,Norfolk,11824.0,6.0,0.0,0.0,0.0,6.0,45.0,18.0,23.0,4.0,0.0
MASSACHUSETTS,North Adams,12395.0,148.0,0.0,7.0,9.0,132.0,317.0,41.0,271.0,5.0,4.0
MASSACHUSETTS,Northampton,30108.0,134.0,1.0,19.0,4.0,110.0,383.0,49.0,322.0,12.0,1.0
MASSACHUSETTS,North Andover,32474.0,45.0,1.0,12.0,4.0,28.0,184.0,20.0,152.0,12.0,1.0
MASSACHUSETTS,North Attleboro,31565.0,30.0,0.0,4.0,2.0,24.0,326.0,15.0,295.0,16.0,0.0
MASSACHUSETTS,Northborough,15975.0,2.0,0.0,0.0,0.0,2.0,30.0,2.0,28.0,0.0,0.0
MASSACHUSETTS,Northbridge,16813.0,12.0,0.0,2.0,1.0,9.0,56.0,10.0,45.0,1.0,1.0
MASSACHUSETTS,Northfield,2863.0,2.0,0.0,1.0,0.0,1.0,8.0,3.0,5.0,0.0,0.0
MASSACHUSETTS,North Reading,16531.0,11.0,0.0,1.0,1.0,9.0,67.0,8.0,56.0,3.0,0.0
MASSACHUSETTS,Norton,19484.0,31.0,0.0,8.0,2.0,21.0,15.0,4.0,8.0,3.0,0.0
MASSACHUSETTS,Norwell,11498.0,6.0,0.0,0.0,2.0,4.0,55.0,6.0,46.0,3.0,0.0
MASSACHUSETTS,Norwood,31704.0,53.0,0.0,1.0,3.0,49.0,226.0,17.0,173.0,36.0,1.0
MASSACHUSETTS,Oak Bluffs,5483.0,20.0,0.0,0.0,0.0,20.0,77.0,19.0,55.0,3.0,0.0
MASSACHUSETTS,Oakham,1934.0,3.0,0.0,0.0,0.0,3.0,5.0,1.0,4.0,0.0,0.0
MASSACHUSETTS,Orange,7556.0,24.0,0.0,5.0,1.0,18.0,70.0,6.0,59.0,5.0,0.0
MASSACHUSETTS,Orleans,6533.0,10.0,0.0,2.0,0.0,8.0,55.0,4.0,46.0,5.0,0.0
MASSACHUSETTS,Otis,1614.0,1.0,0.0,0.0,0.0,1.0,3.0,2.0,1.0,0.0,0.0
MASSACHUSETTS,Oxford,13549.0,32.0,0.0,5.0,2.0,25.0,90.0,17.0,65.0,8.0,0.0
MASSACHUSETTS,Palmer,12534.0,47.0,0.0,4.0,0.0,43.0,72.0,15.0,47.0,10.0,4.0
MASSACHUSETTS,Paxton,5135.0,3.0,0.0,0.0,0.0,3.0,19.0,5.0,12.0,2.0,0.0
MASSACHUSETTS,Peabody,54964.0,140.0,0.0,14.0,5.0,121.0,460.0,47.0,381.0,32.0,2.0
MASSACHUSETTS,Pelham,1259.0,1.0,0.0,0.0,0.0,1.0,0.0,0.0,0.0,0.0,0.0
MASSACHUSETTS,Pembroke,18610.0,17.0,0.0,6.0,1.0,10.0,66.0,8.0,51.0,7.0,0.0
MASSACHUSETTS,Pepperell,11970.0,13.0,0.0,1.0,0.0,12.0,44.0,11.0,30.0,3.0,1.0
MASSACHUSETTS,Pittsfield,42835.0,219.0,2.0,42.0,12.0,163.0,531.0,165.0,324.0,42.0,1.0
MASSACHUSETTS,Plainville,10051.0,27.0,0.0,7.0,1.0,19.0,177.0,23.0,154.0,0.0,1.0
MASSACHUSETTS,Plymouth,68195.0,220.0,2.0,15.0,7.0,196.0,474.0,43.0,397.0,34.0,3.0
MASSACHUSETTS,Plympton,2988.0,7.0,0.0,0.0,0.0,7.0,16.0,3.0,13.0,0.0,0.0
MASSACHUSETTS,Princeton,3579.0,2.0,0.0,0.0,0.0,2.0,13.0,6.0,7.0,0.0,0.0
MASSACHUSETTS,Provincetown,3795.0,14.0,0.0,4.0,0.0,10.0,78.0,7.0,70.0,1.0,0.0
MASSACHUSETTS,Quincy,103550.0,347.0,0.0,30.0,25.0,292.0,1380.0,154.0,1073.0,153.0,2.0
MASSACHUSETTS,Randolph,34992.0,84.0,1.0,2.0,9.0,72.0,313.0,23.0,255.0,35.0,0.0
MASSACHUSETTS,Raynham,16119.0,38.0,0.0,4.0,1.0,33.0,174.0,9.0,147.0,18.0,0.0
MASSACHUSETTS,Reading,25871.0,10.0,0.0,4.0,0.0,6.0,138.0,20.0,113.0,5.0,0.0
MASSACHUSETTS,Rehoboth,13844.0,12.0,0.0,0.0,0.0,12.0,37.0,10.0,23.0,4.0,3.0
MASSACHUSETTS,Revere,57779.0,257.0,0.0,14.0,16.0,227.0,887.0,85.0,709.0,93.0,3.0
MASSACHUSETTS,Rochester,6032.0,3.0,0.0,0.0,0.0,3.0,18.0,9.0,8.0,1.0,0.0
MASSACHUSETTS,Rockland,17863.0,47.0,0.0,8.0,1.0,38.0,74.0,5.0,49.0,20.0,0.0
MASSACHUSETTS,Rockport,7120.0,3.0,0.0,0.0,0.0,3.0,9.0,2.0,5.0,2.0,0.0
MASSACHUSETTS,Rowe,420.0,0.0,0.0,0.0,0.0,0.0,1.0,1.0,0.0,0.0,0.0
MASSACHUSETTS,Royalston,1308.0,2.0,0.0,0.0,0.0,2.0,0.0,0.0,0.0,0.0,0.0
MASSACHUSETTS,Russell,1657.0,3.0,0.0,0.0,0.0,3.0,4.0,2.0,2.0,0.0,1.0
MASSACHUSETTS,Rutland,9721.0,10.0,0.0,2.0,0.0,8.0,21.0,3.0,17.0,1.0,0.0
MASSACHUSETTS,Salem,45955.0,70.0,0.0,6.0,16.0,48.0,714.0,49.0,619.0,46.0,0.0
MASSACHUSETTS,Salisbury,9448.0,17.0,0.0,6.0,0.0,11.0,53.0,13.0,33.0,7.0,0.0
MASSACHUSETTS,Sandwich,20931.0,33.0,0.0,5.0,1.0,27.0,66.0,11.0,52.0,3.0,1.0
MASSACHUSETTS,Saugus,29180.0,73.0,0.0,9.0,2.0,62.0,409.0,28.0,350.0,31.0,1.0
MASSACHUSETTS,Savoy,647.0,0.0,0.0,0.0,0.0,0.0,0.0,0.0,0.0,0.0,0.0
MASSACHUSETTS,Scituate,19735.0,8.0,0.0,0.0,1.0,7.0,23.0,6.0,15.0,2.0,0.0
MASSACHUSETTS,Seekonk,16083.0,34.0,0.0,5.0,2.0,27.0,265.0,14.0,235.0,16.0,0.0
MASSACHUSETTS,Sharon,18754.0,7.0,0.0,1.0,0.0,6.0,45.0,6.0,34.0,5.0,0.0
MASSACHUSETTS,Shelburne,1876.0,1.0,0.0,0.0,0.0,1.0,12.0,1.0,10.0,1.0,0.0
MASSACHUSETTS,Sherborn,4491.0,1.0,0.0,1.0,0.0,0.0,8.0,0.0,7.0,1.0,1.0
MASSACHUSETTS,Shirley,6857.0,7.0,0.0,2.0,0.0,5.0,19.0,1.0,12.0,6.0,0.0
MASSACHUSETTS,Shrewsbury,39837.0,12.0,0.0,1.0,1.0,10.0,256.0,20.0,228.0,8.0,0.0
MASSACHUSETTS,Shutesbury,1721.0,1.0,0.0,1.0,0.0,0.0,3.0,0.0,3.0,0.0,0.0
MASSACHUSETTS,Somerset,18524.0,28.0,0.0,5.0,0.0,23.0,105.0,15.0,79.0,11.0,1.0
MASSACHUSETTS,Somerville,81766.0,181.0,0.0,13.0,20.0,148.0,1389.0,237.0,1046.0,106.0,2.0
MASSACHUSETTS,Southampton,6187.0,2.0,0.0,0.0,0.0,2.0,20.0,2.0,17.0,1.0,0.0
MASSACHUSETTS,Southborough,10620.0,6.0,0.0,3.0,0.0,3.0,24.0,2.0,21.0,1.0,0.0
MASSACHUSETTS,Southbridge,18280.0,67.0,0.0,12.0,3.0,52.0,116.0,17.0,79.0,20.0,1.0
MASSACHUSETTS,South Hadley,18627.0,36.0,0.0,1.0,1.0,34.0,133.0,21.0,103.0,9.0,2.0
MASSACHUSETTS,Southwick,9378.0,7.0,0.0,0.0,1.0,6.0,36.0,6.0,26.0,4.0,0.0
MASSACHUSETTS,Spencer,12130.0,10.0,0.0,0.0,0.0,10.0,34.0,3.0,22.0,9.0,0.0
MASSACHUSETTS,Springfield,155491.0,1386.0,17.0,73.0,325.0,971.0,4409.0,488.0,2887.0,1034.0,45.0
MASSACHUSETTS,Sterling,8437.0,8.0,0.0,2.0,0.0,6.0,23.0,5.0,18.0,0.0,1.0
MASSACHUSETTS,Stockbridge,1988.0,3.0,0.0,1.0,0.0,2.0,21.0,3.0,18.0,0.0,0.0
MASSACHUSETTS,Stoneham,23173.0,35.0,0.0,3.0,1.0,31.0,142.0,28.0,105.0,9.0,0.0
MASSACHUSETTS,Stoughton,29410.0,76.0,0.0,10.0,6.0,60.0,332.0,28.0,269.0,35.0,0.0
MASSACHUSETTS,Stow,7198.0,4.0,1.0,1.0,0.0,2.0,19.0,1.0,17.0,1.0,0.0
MASSACHUSETTS,Sturbridge,10135.0,22.0,0.0,5.0,2.0,15.0,86.0,7.0,74.0,5.0,0.0
MASSACHUSETTS,Sudbury,19939.0,11.0,0.0,4.0,0.0,7.0,56.0,3.0,50.0,3.0,0.0
MASSACHUSETTS,Sunderland,3630.0,7.0,0.0,2.0,0.0,5.0,9.0,3.0,5.0,1.0,0.0
MASSACHUSETTS,Sutton,9643.0,12.0,0.0,2.0,1.0,9.0,33.0,6.0,26.0,1.0,0.0
MASSACHUSETTS,Swampscott,15907.0,13.0,0.0,1.0,1.0,11.0,171.0,19.0,145.0,7.0,1.0
MASSACHUSETTS,Swansea,17772.0,23.0,0.0,4.0,2.0,17.0,130.0,11.0,103.0,16.0,0.0
MASSACHUSETTS,Taunton,61874.0,277.0,1.0,12.0,17.0,247.0,516.0,72.0,391.0,53.0,0.0
MASSACHUSETTS,Templeton,8457.0,10.0,0.0,1.0,0.0,9.0,25.0,6.0,12.0,7.0,0.0
MASSACHUSETTS,Tewksbury,31827.0,81.0,0.0,16.0,3.0,62.0,277.0,24.0,233.0,20.0,0.0
MASSACHUSETTS,Tisbury,4990.0,34.0,0.0,2.0,1.0,31.0,70.0,23.0,45.0,2.0,1.0
MASSACHUSETTS,Tolland,477.0,0.0,0.0,0.0,0.0,0.0,1.0,0.0,1.0,0.0,0.0
MASSACHUSETTS,Topsfield,6664.0,0.0,0.0,0.0,0.0,0.0,17.0,2.0,15.0,0.0,0.0
MASSACHUSETTS,Townsend,9139.0,10.0,0.0,1.0,2.0,7.0,44.0,10.0,30.0,4.0,0.0
MASSACHUSETTS,Truro,2537.0,2.0,0.0,1.0,0.0,1.0,16.0,3.0,12.0,1.0,0.0
MASSACHUSETTS,Tyngsboro,12737.0,14.0,0.0,4.0,0.0,10.0,71.0,22.0,45.0,4.0,2.0
MASSACHUSETTS,Tyringham,417.0,0.0,0.0,0.0,0.0,0.0,3.0,0.0,2.0,1.0,0.0
MASSACHUSETTS,Upton,8575.0,3.0,0.0,0.0,0.0,3.0,9.0,2.0,4.0,3.0,0.0
MASSACHUSETTS,Uxbridge,14915.0,16.0,0.0,1.0,0.0,15.0,55.0,9.0,39.0,7.0,1.0
MASSACHUSETTS,Wakefield,28594.0,50.0,0.0,16.0,2.0,32.0,117.0,13.0,84.0,20.0,1.0
MASSACHUSETTS,Wales,1831.0,0.0,0.0,0.0,0.0,0.0,3.0,1.0,0.0,2.0,0.0
MASSACHUSETTS,Walpole,26268.0,35.0,0.0,5.0,2.0,28.0,214.0,20.0,187.0,7.0,1.0
MASSACHUSETTS,Waltham,65488.0,165.0,1.0,12.0,15.0,137.0,458.0,82.0,340.0,36.0,7.0
MASSACHUSETTS,Ware,10076.0,70.0,0.0,3.0,0.0,67.0,36.0,5.0,29.0,2.0,0.0
MASSACHUSETTS,Wareham,23609.0,69.0,0.0,5.0,0.0,64.0,256.0,41.0,195.0,20.0,0.0
MASSACHUSETTS,Warren,5106.0,11.0,0.0,2.0,0.0,9.0,18.0,2.0,14.0,2.0,0.0
MASSACHUSETTS,Warwick,774.0,1.0,0.0,0.0,0.0,1.0,0.0,0.0,0.0,0.0,0.0
MASSACHUSETTS,Watertown,35885.0,55.0,0.0,9.0,3.0,43.0,667.0,19.0,639.0,9.0,2.0
MASSACHUSETTS,Wayland,13959.0,11.0,0.0,0.0,0.0,11.0,67.0,10.0,55.0,2.0,0.0
MASSACHUSETTS,Webster,17876.0,114.0,0.0,10.0,3.0,101.0,143.0,19.0,106.0,18.0,2.0
MASSACHUSETTS,Wellesley,31973.0,15.0,0.0,3.0,0.0,12.0,155.0,21.0,121.0,13.0,0.0
MASSACHUSETTS,Wellfleet,3717.0,5.0,0.0,0.0,0.0,5.0,21.0,4.0,17.0,0.0,0.0
MASSACHUSETTS,Wenham,5058.0,5.0,0.0,3.0,0.0,2.0,14.0,1.0,13.0,0.0,0.0
MASSACHUSETTS,Westborough,22591.0,51.0,0.0,16.0,2.0,33.0,181.0,23.0,142.0,16.0,1.0
MASSACHUSETTS,West Boylston,7990.0,9.0,0.0,2.0,0.0,7.0,23.0,3.0,20.0,0.0,0.0
MASSACHUSETTS,West Bridgewater,7817.0,11.0,0.0,1.0,1.0,9.0,73.0,8.0,57.0,8.0,1.0
MASSACHUSETTS,West Brookfield,3924.0,5.0,0.0,1.0,0.0,4.0,8.0,5.0,3.0,0.0,0.0
MASSACHUSETTS,Westfield,41270.0,79.0,0.0,9.0,4.0,66.0,333.0,31.0,267.0,35.0,4.0
MASSACHUSETTS,Westford,24946.0,17.0,0.0,3.0,0.0,14.0,84.0,9.0,67.0,8.0,0.0
MASSACHUSETTS,Westhampton,1629.0,0.0,0.0,0.0,0.0,0.0,5.0,0.0,5.0,0.0,0.0
MASSACHUSETTS,Westminster,8586.0,14.0,0.0,6.0,0.0,8.0,50.0,4.0,43.0,3.0,0.0
MASSACHUSETTS,West Newbury,4716.0,0.0,0.0,0.0,0.0,0.0,18.0,0.0,17.0,1.0,0.0
MASSACHUSETTS,Weston,12041.0,7.0,0.0,2.0,0.0,5.0,43.0,17.0,23.0,3.0,0.0
MASSACHUSETTS,Westport,16811.0,20.0,0.0,5.0,0.0,15.0,59.0,15.0,38.0,6.0,0.0
MASSACHUSETTS,West Springfield,28898.0,120.0,0.0,16.0,13.0,91.0,917.0,74.0,755.0,88.0,2.0
MASSACHUSETTS,West Tisbury,3679.0,6.0,1.0,0.0,0.0,5.0,13.0,1.0,9.0,3.0,0.0
MASSACHUSETTS,Westwood,16551.0,7.0,0.0,0.0,0.0,7.0,190.0,10.0,174.0,6.0,0.0
MASSACHUSETTS,Weymouth,60802.0,136.0,0.0,13.0,12.0,111.0,498.0,57.0,388.0,53.0,0.0
MASSACHUSETTS,Whately,1628.0,1.0,0.0,0.0,0.0,1.0,3.0,0.0,3.0,0.0,0.0
MASSACHUSETTS,Whitman,15670.0,46.0,0.0,6.0,6.0,34.0,116.0,17.0,89.0,10.0,0.0
MASSACHUSETTS,Wilbraham,14798.0,24.0,2.0,2.0,1.0,19.0,189.0,41.0,134.0,14.0,2.0
MASSACHUSETTS,Williamsburg,2459.0,4.0,0.0,0.0,1.0,3.0,15.0,2.0,13.0,0.0,0.0
MASSACHUSETTS,Williamstown,7341.0,7.0,0.0,3.0,0.0,4.0,64.0,5.0,58.0,1.0,0.0
MASSACHUSETTS,Wilmington,23535.0,39.0,0.0,4.0,0.0,35.0,238.0,22.0,203.0,13.0,0.0
MASSACHUSETTS,Winchendon,10671.0,25.0,0.0,3.0,0.0,22.0,61.0,16.0,34.0,11.0,1.0
MASSACHUSETTS,Winchester,23238.0,4.0,0.0,0.0,0.0,4.0,89.0,6.0,69.0,14.0,0.0
MASSACHUSETTS,Winthrop,18360.0,29.0,0.0,5.0,0.0,24.0,96.0,13.0,77.0,6.0,0.0
MASSACHUSETTS,Woburn,42716.0,92.0,0.0,6.0,1.0,85.0,396.0,61.0,287.0,48.0,0.0
MASSACHUSETTS,Worcester,212425.0,35.0,16.0,0.0,2.0,17.0,0.0,0.0,0.0,0.0,0.0
MASSACHUSETTS,Worthington,1175.0,0.0,0.0,0.0,0.0,0.0,0.0,0.0,0.0,0.0,0.0
MASSACHUSETTS,Wrentham,12906.0,17.0,0.0,4.0,1.0,12.0,218.0,13.0,204.0,1.0,0.0
MASSACHUSETTS,Yarmouth,25616.0,76.0,0.0,12.0,4.0,60.0,173.0,30.0,133.0,10.0,1.0
MICHIGAN,Addison Township,6218.0,0.0,0.0,0.0,0.0,0.0,2.0,0.0,1.0,1.0,2.0
MICHIGAN,Adrian,20113.0,115.0,0.0,28.0,6.0,81.0,482.0,77.0,379.0,26.0,5.0
MICHIGAN,Adrian Township,6270.0,4.0,0.0,1.0,0.0,3.0,9.0,4.0,4.0,1.0,0.0
MICHIGAN,Akron,367.0,0.0,0.0,0.0,0.0,0.0,1.0,0.0,1.0,0.0,0.0
MICHIGAN,Albion,7212.0,95.0,0.0,12.0,2.0,81.0,203.0,34.0,147.0,22.0,2.0
MICHIGAN,Allegan,5144.0,3.0,0.0,2.0,0.0,1.0,31.0,4.0,23.0,4.0,0.0
MICHIGAN,Allen Park,27193.0,65.0,0.0,4.0,11.0,50.0,476.0,22.0,379.0,75.0,1.0
MICHIGAN,Alma,9329.0,47.0,0.0,10.0,1.0,36.0,90.0,5.0,82.0,3.0,1.0
MICHIGAN,Almont,2852.0,11.0,0.0,6.0,0.0,5.0,21.0,3.0,15.0,3.0,0.0
MICHIGAN,Alpena,10108.0,52.0,0.0,16.0,0.0,36.0,100.0,20.0,74.0,6.0,3.0
MICHIGAN,Ann Arbor,118025.0,357.0,0.0,58.0,24.0,275.0,2025.0,185.0,1737.0,103.0,7.0
MICHIGAN,Argentine Township,6965.0,4.0,0.0,0.0,0.0,4.0,8.0,2.0,6.0,0.0,0.0
MICHIGAN,Armada,1660.0,1.0,0.0,0.0,1.0,0.0,7.0,2.0,5.0,0.0,0.0
MICHIGAN,Auburn Hills,26019.0,97.0,1.0,17.0,7.0,72.0,496.0,26.0,424.0,46.0,3.0
MICHIGAN,Augusta,846.0,3.0,0.0,0.0,0.0,3.0,17.0,1.0,16.0,0.0,0.0
MICHIGAN,Bad Axe,2962.0,11.0,0.0,3.0,0.0,8.0,40.0,4.0,36.0,0.0,1.0
MICHIGAN,Bancroft,479.0,0.0,0.0,0.0,0.0,0.0,2.0,1.0,1.0,0.0,0.0
MICHIGAN,Bangor,1966.0,24.0,0.0,5.0,0.0,19.0,39.0,12.0,26.0,1.0,0.0
MICHIGAN,Baroda-Lake Township,4263.0,11.0,0.0,3.0,0.0,8.0,38.0,11.0,25.0,2.0,0.0
MICHIGAN,Bath Township,13473.0,29.0,1.0,5.0,4.0,19.0,96.0,12.0,74.0,10.0,2.0
MICHIGAN,Battle Creek,61163.0,686.0,5.0,68.0,34.0,579.0,1543.0,312.0,1050.0,181.0,21.0
MICHIGAN,Bay City,31908.0,180.0,2.0,34.0,11.0,133.0,596.0,79.0,443.0,74.0,11.0
MICHIGAN,Beaverton,1176.0,2.0,0.0,1.0,0.0,1.0,18.0,1.0,17.0,0.0,0.0
MICHIGAN,Belding,5981.0,21.0,0.0,7.0,0.0,14.0,36.0,0.0,33.0,3.0,0.0
MICHIGAN,Belleville,3873.0,12.0,0.0,4.0,0.0,8.0,39.0,7.0,29.0,3.0,1.0
MICHIGAN,Benton Harbor,8804.0,165.0,0.0,6.0,14.0,145.0,484.0,72.0,278.0,134.0,6.0
MICHIGAN,Benton Township,14040.0,264.0,3.0,17.0,19.0,225.0,906.0,85.0,690.0,131.0,2.0
MICHIGAN,Berkley,14859.0,5.0,0.0,0.0,0.0,5.0,51.0,5.0,42.0,4.0,0.0
MICHIGAN,Berrien Springs-Oronoko Township,9008.0,12.0,0.0,4.0,3.0,5.0,49.0,8.0,38.0,3.0,0.0
MICHIGAN,Beverly Hills,10332.0,5.0,0.0,1.0,0.0,4.0,51.0,2.0,41.0,8.0,0.0
MICHIGAN,Big Rapids,7971.0,29.0,0.0,4.0,0.0,25.0,116.0,11.0,100.0,5.0,1.0
MICHIGAN,Birch Run,1535.0,4.0,0.0,1.0,2.0,1.0,61.0,1.0,58.0,2.0,0.0
MICHIGAN,Birmingham,21326.0,12.0,0.0,0.0,2.0,10.0,137.0,10.0,118.0,9.0,0.0
MICHIGAN,Blackman Township,39091.0,110.0,3.0,30.0,2.0,75.0,1009.0,86.0,860.0,63.0,3.0
MICHIGAN,Blissfield,3245.0,3.0,0.0,0.0,0.0,3.0,11.0,6.0,4.0,1.0,0.0
MICHIGAN,Bloomfield Hills,4356.0,5.0,0.0,0.0,0.0,5.0,26.0,7.0,17.0,2.0,0.0
MICHIGAN,Bloomfield Township,43611.0,16.0,0.0,3.0,1.0,12.0,236.0,24.0,189.0,23.0,0.0
MICHIGAN,Boyne City,3838.0,3.0,0.0,1.0,0.0,2.0,14.0,0.0,14.0,0.0,0.0
MICHIGAN,Brandon Township,15308.0,10.0,0.0,2.0,0.0,8.0,26.0,5.0,16.0,5.0,1.0
MICHIGAN,Breckenridge,1259.0,0.0,0.0,0.0,0.0,0.0,15.0,0.0,15.0,0.0,0.0
MICHIGAN,Bridgeport Township,9840.0,45.0,2.0,8.0,3.0,32.0,100.0,10.0,68.0,22.0,1.0
MICHIGAN,Bridgman,2040.0,1.0,0.0,1.0,0.0,0.0,12.0,3.0,9.0,0.0,0.0
MICHIGAN,Brighton,8140.0,9.0,0.0,3.0,2.0,4.0,100.0,9.0,82.0,9.0,0.0
MICHIGAN,Bronson,2261.0,3.0,0.0,1.0,0.0,2.0,86.0,53.0,33.0,0.0,2.0
MICHIGAN,Brownstown Township,32439.0,49.0,0.0,4.0,0.0,45.0,224.0,19.0,172.0,33.0,0.0
MICHIGAN,Buchanan,4156.0,10.0,0.0,4.0,0.0,6.0,69.0,4.0,52.0,13.0,0.0
MICHIGAN,Buena Vista Township,7485.0,103.0,1.0,11.0,7.0,84.0,161.0,29.0,94.0,38.0,5.0
MICHIGAN,Burton,29280.0,224.0,2.0,22.0,17.0,183.0,683.0,97.0,508.0,78.0,3.0
MICHIGAN,Cadillac,10450.0,49.0,0.0,12.0,1.0,36.0,257.0,43.0,184.0,30.0,0.0
MICHIGAN,Canton Township,97844.0,169.0,3.0,23.0,5.0,138.0,1029.0,58.0,888.0,83.0,2.0
MICHIGAN,Capac,1960.0,6.0,0.0,0.0,0.0,6.0,27.0,4.0,22.0,1.0,0.0
MICHIGAN,Caro,4255.0,27.0,0.0,3.0,0.0,24.0,70.0,7.0,61.0,2.0,0.0
MICHIGAN,Carrollton Township,5574.0,31.0,0.0,5.0,1.0,25.0,41.0,10.0,27.0,4.0,2.0
MICHIGAN,Carson City,1129.0,1.0,0.0,0.0,0.0,1.0,2.0,0.0,2.0,0.0,1.0
MICHIGAN,Caseville,641.0,0.0,0.0,0.0,0.0,0.0,3.0,0.0,3.0,0.0,0.0
MICHIGAN,Caspian-Gaastra,1142.0,1.0,0.0,0.0,0.0,1.0,3.0,0.0,3.0,0.0,0.0
MICHIGAN,Cass City,2478.0,7.0,0.0,5.0,0.0,2.0,22.0,4.0,18.0,0.0,0.0
MICHIGAN,Cassopolis,1712.0,7.0,0.0,1.0,1.0,5.0,13.0,4.0,8.0,1.0,0.0
MICHIGAN,Center Line,8297.0,35.0,0.0,4.0,6.0,25.0,124.0,12.0,89.0,23.0,0.0
MICHIGAN,Charlevoix,2347.0,4.0,0.0,1.0,0.0,3.0,35.0,1.0,32.0,2.0,0.0
MICHIGAN,Charlotte,9226.0,39.0,0.0,8.0,2.0,29.0,173.0,13.0,149.0,11.0,0.0
MICHIGAN,Cheboygan,4873.0,11.0,0.0,7.0,0.0,4.0,92.0,7.0,78.0,7.0,0.0
MICHIGAN,Chelsea,5335.0,8.0,0.0,1.0,0.0,7.0,42.0,8.0,30.0,4.0,1.0
MICHIGAN,Chesterfield Township,45674.0,52.0,0.0,13.0,1.0,38.0,478.0,22.0,424.0,32.0,1.0
MICHIGAN,Chikaming Township,2714.0,5.0,0.0,1.0,0.0,4.0,11.0,1.0,10.0,0.0,1.0
MICHIGAN,Chocolay Township,6022.0,13.0,0.0,3.0,0.0,10.0,13.0,1.0,10.0,2.0,0.0
MICHIGAN,Clare,3285.0,5.0,0.0,3.0,0.0,2.0,37.0,3.0,30.0,4.0,0.0
MICHIGAN,Clarkston,904.0,2.0,0.0,1.0,0.0,1.0,5.0,0.0,5.0,0.0,0.0
MICHIGAN,Clawson,11114.0,22.0,0.0,4.0,0.0,18.0,62.0,5.0,54.0,3.0,0.0
MICHIGAN,Clayton Township,7234.0,9.0,0.0,0.0,0.0,9.0,16.0,2.0,12.0,2.0,1.0
MICHIGAN,Clinton,2475.0,11.0,0.0,1.0,0.0,10.0,19.0,3.0,16.0,0.0,0.0
MICHIGAN,Clinton Township,99056.0,317.0,4.0,60.0,20.0,233.0,1416.0,119.0,1044.0,253.0,12.0
MICHIGAN,Clio,2455.0,5.0,0.0,1.0,0.0,4.0,30.0,3.0,27.0,0.0,0.0
MICHIGAN,Coldwater,14672.0,35.0,0.0,12.0,0.0,23.0,197.0,10.0,174.0,13.0,3.0
MICHIGAN,Coleman,1272.0,4.0,0.0,2.0,0.0,2.0,6.0,0.0,6.0,0.0,0.0
MICHIGAN,Coloma Township,6377.0,28.0,0.0,14.0,0.0,14.0,34.0,5.0,28.0,1.0,0.0
MICHIGAN,Colon,1193.0,4.0,0.0,0.0,0.0,4.0,13.0,3.0,9.0,1.0,0.0
MICHIGAN,Commerce Township,39076.0,24.0,0.0,5.0,3.0,16.0,240.0,22.0,206.0,12.0,0.0
MICHIGAN,Corunna,3015.0,2.0,0.0,1.0,0.0,1.0,9.0,0.0,9.0,0.0,0.0
MICHIGAN,Covert Township,2496.0,7.0,0.0,0.0,0.0,7.0,38.0,11.0,25.0,2.0,0.0
MICHIGAN,Croswell,2291.0,13.0,0.0,4.0,0.0,9.0,21.0,2.0,19.0,0.0,0.0
MICHIGAN,Crystal Falls,1616.0,0.0,0.0,0.0,0.0,0.0,2.0,0.0,2.0,0.0,0.0
MICHIGAN,Davison,5031.0,10.0,0.0,3.0,0.0,7.0,44.0,5.0,34.0,5.0,0.0
MICHIGAN,Davison Township,20357.0,38.0,0.0,4.0,2.0,32.0,180.0,7.0,159.0,14.0,2.0
MICHIGAN,Dearborn,104571.0,306.0,1.0,27.0,38.0,240.0,2091.0,118.0,1488.0,485.0,16.0
MICHIGAN,Dearborn Heights,60148.0,276.0,1.0,13.0,29.0,233.0,745.0,101.0,456.0,188.0,6.0
MICHIGAN,Decatur,1650.0,5.0,0.0,0.0,0.0,5.0,40.0,7.0,31.0,2.0,0.0
MICHIGAN,Denton Township,5430.0,9.0,0.0,2.0,0.0,7.0,51.0,19.0,29.0,3.0,1.0
MICHIGAN,Detroit,651171.0,11599.0,203.0,605.0,1195.0,9596.0,28035.0,4578.0,15263.0,8194.0,399.0
MICHIGAN,DeWitt Township,15433.0,38.0,1.0,10.0,1.0,26.0,90.0,9.0,75.0,6.0,1.0
MICHIGAN,Dowagiac,5660.0,39.0,0.0,5.0,0.0,34.0,194.0,6.0,174.0,14.0,3.0
MICHIGAN,Dryden Township,4804.0,5.0,0.0,1.0,0.0,4.0,19.0,0.0,17.0,2.0,0.0
MICHIGAN,Durand,3988.0,9.0,0.0,3.0,0.0,6.0,48.0,2.0,46.0,0.0,0.0
MICHIGAN,East Grand Rapids,11441.0,7.0,0.0,2.0,0.0,5.0,124.0,20.0,90.0,14.0,0.0
MICHIGAN,East Jordan,2253.0,8.0,0.0,3.0,0.0,5.0,24.0,10.0,14.0,0.0,0.0
MICHIGAN,East Lansing,50472.0,111.0,2.0,19.0,7.0,83.0,616.0,32.0,497.0,87.0,6.0
MICHIGAN,Eastpointe,33492.0,241.0,1.0,23.0,22.0,195.0,761.0,87.0,462.0,212.0,4.0
MICHIGAN,Eaton Rapids,5150.0,20.0,0.0,2.0,0.0,18.0,65.0,7.0,54.0,4.0,3.0
MICHIGAN,Elkton,781.0,2.0,0.0,1.0,0.0,1.0,10.0,0.0,9.0,1.0,0.0
MICHIGAN,Emmett Township,11743.0,32.0,1.0,8.0,6.0,17.0,494.0,36.0,439.0,19.0,1.0
MICHIGAN,Escanaba,12321.0,44.0,0.0,17.0,1.0,26.0,246.0,7.0,230.0,9.0,0.0
MICHIGAN,Essexville,3281.0,1.0,0.0,0.0,0.0,1.0,18.0,0.0,14.0,4.0,0.0
MICHIGAN,Farmington,11334.0,10.0,0.0,3.0,0.0,7.0,40.0,3.0,28.0,9.0,0.0
MICHIGAN,Farmington Hills,82116.0,163.0,1.0,16.0,10.0,136.0,559.0,71.0,396.0,92.0,4.0
MICHIGAN,Fenton,11808.0,20.0,0.0,3.0,2.0,15.0,283.0,7.0,266.0,10.0,0.0
MICHIGAN,Ferndale,19041.0,39.0,0.0,5.0,5.0,29.0,291.0,32.0,192.0,67.0,0.0
MICHIGAN,Flat Rock,10216.0,32.0,0.0,2.0,1.0,29.0,99.0,3.0,77.0,19.0,0.0
MICHIGAN,Flint,79183.0,996.0,20.0,47.0,48.0,881.0,1039.0,220.0,580.0,239.0,16.0
MICHIGAN,Flint Township,30751.0,286.0,2.0,16.0,35.0,233.0,1282.0,128.0,1010.0,144.0,13.0
MICHIGAN,Flushing,8192.0,6.0,0.0,0.0,0.0,6.0,46.0,2.0,30.0,14.0,0.0
MICHIGAN,Flushing Township,10502.0,7.0,0.0,0.0,0.0,7.0,31.0,5.0,25.0,1.0,0.0
MICHIGAN,Forsyth Township,6292.0,5.0,0.0,2.0,0.0,3.0,25.0,3.0,16.0,6.0,0.0
MICHIGAN,Fowlerville,2925.0,8.0,0.0,0.0,0.0,8.0,98.0,4.0,91.0,3.0,0.0
MICHIGAN,Frankenmuth,5209.0,12.0,0.0,4.0,0.0,8.0,34.0,5.0,26.0,3.0,0.0
MICHIGAN,Franklin,3110.0,1.0,0.0,0.0,0.0,1.0,19.0,4.0,13.0,2.0,0.0
MICHIGAN,Fraser,14350.0,34.0,1.0,6.0,2.0,25.0,279.0,17.0,237.0,25.0,0.0
MICHIGAN,Fremont,4620.0,9.0,0.0,3.0,0.0,6.0,109.0,3.0,106.0,0.0,0.0
MICHIGAN,Garden City,26008.0,73.0,0.0,9.0,11.0,53.0,201.0,33.0,121.0,47.0,0.0
MICHIGAN,Gaylord,4402.0,22.0,0.0,4.0,2.0,16.0,149.0,6.0,134.0,9.0,0.0
MICHIGAN,Genesee Township,20199.0,137.0,1.0,4.0,3.0,129.0,251.0,60.0,158.0,33.0,3.0
MICHIGAN,Gerrish Township,2862.0,6.0,0.0,2.0,0.0,4.0,16.0,3.0,12.0,1.0,0.0
MICHIGAN,Gibraltar,4836.0,5.0,0.0,1.0,0.0,4.0,32.0,2.0,24.0,6.0,0.0
MICHIGAN,Gladstone,5232.0,2.0,0.0,0.0,0.0,2.0,25.0,2.0,22.0,1.0,0.0
MICHIGAN,Gladwin,3134.0,20.0,0.0,5.0,0.0,15.0,55.0,8.0,44.0,3.0,0.0
MICHIGAN,Grand Beach/Michiana,501.0,0.0,0.0,0.0,0.0,0.0,5.0,0.0,5.0,0.0,0.0
MICHIGAN,Grand Blanc,7876.0,13.0,0.0,2.0,0.0,11.0,58.0,7.0,49.0,2.0,1.0
MICHIGAN,Grand Blanc Township,39880.0,93.0,0.0,15.0,4.0,74.0,460.0,31.0,349.0,80.0,2.0
MICHIGAN,Grand Haven,10997.0,23.0,0.0,3.0,0.0,20.0,102.0,3.0,90.0,9.0,1.0
MICHIGAN,Grand Ledge,7781.0,22.0,0.0,5.0,2.0,15.0,33.0,4.0,26.0,3.0,0.0
MICHIGAN,Grand Rapids,195913.0,1783.0,12.0,176.0,228.0,1367.0,4860.0,524.0,3583.0,753.0,50.0
MICHIGAN,Grandville,16900.0,61.0,0.0,21.0,6.0,34.0,580.0,21.0,518.0,41.0,1.0
MICHIGAN,Grayling,1978.0,2.0,0.0,2.0,0.0,0.0,20.0,0.0,19.0,1.0,0.0
MICHIGAN,Green Oak Township,20129.0,9.0,0.0,1.0,0.0,8.0,81.0,6.0,73.0,2.0,1.0
MICHIGAN,Greenville,9047.0,40.0,0.0,14.0,0.0,26.0,225.0,8.0,212.0,5.0,1.0
MICHIGAN,Grosse Ile Township,10296.0,2.0,0.0,2.0,0.0,0.0,25.0,1.0,21.0,3.0,0.0
MICHIGAN,Grosse Pointe,5383.0,6.0,0.0,1.0,1.0,4.0,106.0,4.0,88.0,14.0,0.0
MICHIGAN,Grosse Pointe Farms,9640.0,4.0,0.0,0.0,2.0,2.0,103.0,9.0,78.0,16.0,0.0
MICHIGAN,Grosse Pointe Park,10982.0,2.0,0.0,0.0,0.0,2.0,172.0,9.0,103.0,60.0,2.0
MICHIGAN,Grosse Pointe Shores,2511.0,1.0,0.0,0.0,0.0,1.0,7.0,0.0,4.0,3.0,0.0
MICHIGAN,Grosse Pointe Woods,15665.0,15.0,0.0,2.0,1.0,12.0,233.0,14.0,161.0,58.0,0.0
MICHIGAN,Hamburg Township,21143.0,8.0,0.0,3.0,0.0,5.0,39.0,4.0,34.0,1.0,0.0
MICHIGAN,Hampton Township,9531.0,11.0,0.0,5.0,0.0,6.0,68.0,8.0,52.0,8.0,0.0
MICHIGAN,Hamtramck,27014.0,132.0,0.0,5.0,23.0,104.0,431.0,55.0,230.0,146.0,1.0
MICHIGAN,Hancock,4516.0,9.0,0.0,3.0,0.0,6.0,16.0,1.0,14.0,1.0,0.0
MICHIGAN,Harbor Beach,1568.0,2.0,0.0,0.0,0.0,2.0,8.0,2.0,6.0,0.0,0.0
MICHIGAN,Harbor Springs,1269.0,1.0,0.0,1.0,0.0,0.0,2.0,1.0,1.0,0.0,0.0
MICHIGAN,Harper Woods,14717.0,114.0,1.0,4.0,14.0,95.0,628.0,48.0,364.0,216.0,7.0
MICHIGAN,Hart,2055.0,8.0,0.0,0.0,0.0,8.0,79.0,8.0,70.0,1.0,0.0
MICHIGAN,Hartford,2467.0,4.0,0.0,1.0,0.0,3.0,33.0,3.0,28.0,2.0,0.0
MICHIGAN,Hastings,7509.0,29.0,0.0,3.0,1.0,25.0,90.0,6.0,77.0,7.0,0.0
MICHIGAN,Hazel Park,14763.0,30.0,0.0,2.0,6.0,22.0,246.0,25.0,180.0,41.0,1.0
MICHIGAN,Highland Park,8280.0,250.0,3.0,9.0,29.0,209.0,355.0,71.0,181.0,103.0,11.0
MICHIGAN,Highland Township,19047.0,26.0,0.0,1.0,0.0,25.0,55.0,6.0,33.0,16.0,0.0
MICHIGAN,Hillsdale,7986.0,23.0,0.0,10.0,0.0,13.0,51.0,12.0,34.0,5.0,1.0
MICHIGAN,Holland,34604.0,133.0,1.0,35.0,8.0,89.0,426.0,35.0,363.0,28.0,2.0
MICHIGAN,Holly,5922.0,5.0,0.0,0.0,1.0,4.0,33.0,6.0,24.0,3.0,0.0
MICHIGAN,Houghton,8564.0,3.0,0.0,2.0,0.0,1.0,65.0,0.0,65.0,0.0,0.0
MICHIGAN,Howell,9985.0,11.0,1.0,3.0,0.0,7.0,64.0,4.0,51.0,9.0,0.0
MICHIGAN,Hudson,2344.0,3.0,0.0,1.0,0.0,2.0,21.0,7.0,12.0,2.0,0.0
MICHIGAN,Huntington Woods,6225.0,2.0,0.0,1.0,0.0,1.0,19.0,1.0,17.0,1.0,0.0
MICHIGAN,Huron Township,16648.0,39.0,0.0,10.0,0.0,29.0,83.0,16.0,55.0,12.0,3.0
MICHIGAN,Imlay City,3758.0,13.0,0.0,5.0,2.0,6.0,36.0,6.0,23.0,7.0,0.0
MICHIGAN,Independence Township,37059.0,38.0,0.0,5.0,2.0,31.0,120.0,12.0,90.0,18.0,0.0
MICHIGAN,Inkster,24751.0,266.0,3.0,28.0,29.0,206.0,462.0,107.0,233.0,122.0,5.0
MICHIGAN,Ionia,11900.0,22.0,0.0,12.0,1.0,9.0,66.0,3.0,59.0,4.0,0.0
MICHIGAN,Iron River,3040.0,10.0,0.0,5.0,1.0,4.0,12.0,0.0,12.0,0.0,0.0
MICHIGAN,Ironwood,4933.0,10.0,0.0,0.0,0.0,10.0,26.0,0.0,25.0,1.0,0.0
MICHIGAN,Ishpeming,6195.0,12.0,0.0,3.0,0.0,9.0,55.0,0.0,41.0,14.0,0.0
MICHIGAN,Ishpeming Township,3449.0,0.0,0.0,0.0,0.0,0.0,3.0,0.0,3.0,0.0,0.0
MICHIGAN,Jackson,30704.0,326.0,3.0,49.0,21.0,253.0,1147.0,151.0,891.0,105.0,11.0
MICHIGAN,Jonesville,2167.0,3.0,0.0,1.0,0.0,2.0,57.0,5.0,52.0,0.0,0.0
MICHIGAN,Kalamazoo,73002.0,937.0,10.0,108.0,121.0,698.0,2517.0,453.0,1689.0,375.0,39.0
MICHIGAN,Kalamazoo Township,24299.0,124.0,0.0,9.0,19.0,96.0,695.0,85.0,477.0,133.0,4.0
MICHIGAN,Kalkaska,2257.0,2.0,0.0,0.0,0.0,2.0,26.0,4.0,21.0,1.0,0.0
MICHIGAN,Keego Harbor,2719.0,3.0,0.0,1.0,1.0,1.0,10.0,5.0,5.0,0.0,1.0
MICHIGAN,Kentwood,53891.0,209.0,1.0,32.0,20.0,156.0,1176.0,116.0,871.0,189.0,7.0
MICHIGAN,Kingston,393.0,0.0,0.0,0.0,0.0,0.0,4.0,0.0,4.0,0.0,0.0
MICHIGAN,Kinross Township,6490.0,1.0,0.0,0.0,0.0,1.0,4.0,0.0,1.0,3.0,0.0
MICHIGAN,Laingsburg,1409.0,0.0,0.0,0.0,0.0,0.0,8.0,0.0,8.0,0.0,0.0
MICHIGAN,Lake Orion,2816.0,8.0,0.0,1.0,0.0,7.0,8.0,1.0,6.0,1.0,0.0
MICHIGAN,Lakeview,1040.0,6.0,0.0,2.0,0.0,4.0,12.0,0.0,12.0,0.0,0.0
MICHIGAN,Lansing,111965.0,1506.0,11.0,117.0,108.0,1270.0,2798.0,472.0,1600.0,726.0,35.0
MICHIGAN,Lansing Township,7947.0,53.0,0.0,8.0,6.0,39.0,364.0,37.0,278.0,49.0,1.0
MICHIGAN,Lapeer,9157.0,13.0,0.0,6.0,1.0,6.0,153.0,6.0,137.0,10.0,1.0
MICHIGAN,Lapeer Township,4970.0,0.0,0.0,0.0,0.0,0.0,4.0,1.0,3.0,0.0,0.0
MICHIGAN,Lathrup Village,3991.0,9.0,0.0,0.0,0.0,9.0,39.0,6.0,24.0,9.0,0.0
MICHIGAN,Laurium,1879.0,4.0,0.0,1.0,0.0,3.0,5.0,0.0,5.0,0.0,0.0
MICHIGAN,Lawrence,1010.0,3.0,0.0,0.0,0.0,3.0,8.0,0.0,8.0,0.0,0.0
MICHIGAN,Lawton,1783.0,3.0,0.0,1.0,0.0,2.0,18.0,3.0,15.0,0.0,0.0
MICHIGAN,Leslie,1897.0,4.0,0.0,1.0,0.0,3.0,8.0,3.0,5.0,0.0,0.0
MICHIGAN,Lexington,930.0,3.0,0.0,1.0,0.0,2.0,1.0,0.0,1.0,0.0,0.0
MICHIGAN,Lincoln Park,38169.0,259.0,0.0,12.0,17.0,230.0,675.0,94.0,508.0,73.0,5.0
MICHIGAN,Lincoln Township,14864.0,21.0,0.0,6.0,0.0,15.0,125.0,12.0,103.0,10.0,1.0
MICHIGAN,Linden,4165.0,2.0,0.0,1.0,0.0,1.0,12.0,4.0,8.0,0.0,0.0
MICHIGAN,Litchfield,1381.0,0.0,0.0,0.0,0.0,0.0,6.0,0.0,6.0,0.0,0.0
MICHIGAN,Livonia,91189.0,208.0,0.0,20.0,14.0,174.0,1151.0,75.0,922.0,154.0,6.0
MICHIGAN,Lowell,4089.0,8.0,0.0,2.0,0.0,6.0,28.0,1.0,24.0,3.0,0.0
MICHIGAN,Ludington,7582.0,16.0,0.0,5.0,0.0,11.0,71.0,6.0,64.0,1.0,1.0
MICHIGAN,Lyon Township,26094.0,7.0,0.0,0.0,0.0,7.0,70.0,9.0,50.0,11.0,0.0
MICHIGAN,Mackinac Island,595.0,1.0,0.0,0.0,0.0,1.0,51.0,2.0,49.0,0.0,0.0
MICHIGAN,Mackinaw City,847.0,5.0,0.0,4.0,0.0,1.0,30.0,6.0,23.0,1.0,0.0
MICHIGAN,Madison Heights,28188.0,78.0,2.0,6.0,8.0,62.0,411.0,32.0,309.0,70.0,4.0
MICHIGAN,Madison Township,7309.0,13.0,0.0,2.0,0.0,11.0,117.0,14.0,101.0,2.0,0.0
MICHIGAN,Manistee,6281.0,21.0,0.0,12.0,0.0,9.0,81.0,10.0,66.0,5.0,0.0
MICHIGAN,Manistique,2868.0,38.0,0.0,8.0,0.0,30.0,50.0,11.0,34.0,5.0,1.0
MICHIGAN,Manton,1515.0,1.0,0.0,1.0,0.0,0.0,15.0,3.0,12.0,0.0,0.0
MICHIGAN,Marenisco Township,455.0,0.0,0.0,0.0,0.0,0.0,0.0,0.0,0.0,0.0,0.0
MICHIGAN,Marine City,3999.0,15.0,0.0,1.0,0.0,14.0,21.0,6.0,14.0,1.0,0.0
MICHIGAN,Marlette,1852.0,7.0,0.0,2.0,0.0,5.0,16.0,0.0,16.0,0.0,0.0
MICHIGAN,Marquette,21245.0,40.0,0.0,14.0,0.0,26.0,108.0,9.0,98.0,1.0,0.0
MICHIGAN,Marshall,6758.0,18.0,0.0,7.0,1.0,10.0,76.0,12.0,59.0,5.0,0.0
MICHIGAN,Marysville,9893.0,15.0,0.0,0.0,1.0,14.0,51.0,9.0,38.0,4.0,0.0
MICHIGAN,Mason,8114.0,13.0,0.0,4.0,0.0,9.0,63.0,6.0,49.0,8.0,1.0
MICHIGAN,Mattawan,2827.0,16.0,0.0,1.0,0.0,15.0,23.0,0.0,20.0,3.0,0.0
MICHIGAN,Mayville,904.0,0.0,0.0,0.0,0.0,0.0,2.0,0.0,1.0,1.0,0.0
MICHIGAN,Melvindale,12267.0,37.0,2.0,4.0,4.0,27.0,143.0,25.0,87.0,31.0,1.0
MICHIGAN,Memphis,1055.0,1.0,0.0,0.0,0.0,1.0,4.0,1.0,1.0,2.0,0.0
MICHIGAN,Mendon,863.0,3.0,0.0,0.0,0.0,3.0,40.0,20.0,19.0,1.0,0.0
MICHIGAN,Menominee,8123.0,34.0,0.0,9.0,1.0,24.0,79.0,11.0,64.0,4.0,3.0
MICHIGAN,Meridian Township,43912.0,80.0,0.0,18.0,9.0,53.0,747.0,59.0,605.0,83.0,1.0
MICHIGAN,Metamora Township,4515.0,7.0,0.0,0.0,0.0,7.0,8.0,0.0,7.0,1.0,0.0
MICHIGAN,Metro Police Authority of Genesee County,21186.0,28.0,0.0,3.0,3.0,22.0,184.0,16.0,147.0,21.0,0.0
MICHIGAN,Midland,42712.0,52.0,1.0,17.0,1.0,33.0,280.0,22.0,248.0,10.0,0.0
MICHIGAN,Milan,5990.0,6.0,0.0,4.0,0.0,2.0,46.0,7.0,36.0,3.0,0.0
MICHIGAN,Milford,16974.0,8.0,0.0,2.0,0.0,6.0,48.0,4.0,39.0,5.0,0.0
MICHIGAN,Millington,1014.0,3.0,0.0,1.0,0.0,2.0,1.0,0.0,1.0,0.0,0.0
MICHIGAN,Montrose Township,7605.0,5.0,0.0,4.0,0.0,1.0,36.0,9.0,22.0,5.0,0.0
MICHIGAN,Morenci,2206.0,0.0,0.0,0.0,0.0,0.0,10.0,2.0,8.0,0.0,0.0
MICHIGAN,Morrice,999.0,0.0,0.0,0.0,0.0,0.0,0.0,0.0,0.0,0.0,0.0
MICHIGAN,Mount Morris,3069.0,17.0,0.0,1.0,2.0,14.0,115.0,6.0,103.0,6.0,0.0
MICHIGAN,Mount Morris Township,19494.0,187.0,0.0,15.0,7.0,165.0,351.0,71.0,213.0,67.0,6.0
MICHIGAN,Mount Pleasant,20577.0,88.0,0.0,20.0,1.0,67.0,211.0,18.0,176.0,17.0,1.0
MICHIGAN,Napoleon Township,6683.0,2.0,0.0,0.0,0.0,2.0,30.0,3.0,23.0,4.0,0.0
MICHIGAN,Negaunee,4661.0,8.0,0.0,5.0,0.0,3.0,15.0,2.0,12.0,1.0,0.0
MICHIGAN,Newaygo,2564.0,10.0,0.0,0.0,0.0,10.0,55.0,3.0,49.0,3.0,0.0
MICHIGAN,New Baltimore,11961.0,5.0,0.0,3.0,0.0,2.0,48.0,2.0,42.0,4.0,0.0
MICHIGAN,New Buffalo,1688.0,1.0,1.0,0.0,0.0,0.0,1.0,0.0,1.0,0.0,0.0
MICHIGAN,New Era,456.0,0.0,0.0,0.0,0.0,0.0,0.0,0.0,0.0,0.0,0.0
MICHIGAN,New Lothrop,581.0,0.0,0.0,0.0,0.0,0.0,5.0,3.0,2.0,0.0,0.0
MICHIGAN,Niles,11566.0,55.0,0.0,13.0,3.0,39.0,217.0,26.0,173.0,18.0,4.0
MICHIGAN,Northfield Township,8461.0,6.0,1.0,0.0,0.0,5.0,47.0,4.0,33.0,10.0,1.0
MICHIGAN,Northville,5932.0,1.0,0.0,0.0,0.0,1.0,36.0,5.0,29.0,2.0,1.0
MICHIGAN,Northville Township,30866.0,15.0,0.0,3.0,2.0,10.0,223.0,9.0,194.0,20.0,0.0
MICHIGAN,Norton Shores,25001.0,48.0,0.0,10.0,1.0,37.0,471.0,43.0,377.0,51.0,2.0
MICHIGAN,Novi,66366.0,66.0,1.0,8.0,3.0,54.0,435.0,28.0,355.0,52.0,0.0
MICHIGAN,Oakland Township,20306.0,6.0,0.0,1.0,0.0,5.0,35.0,3.0,29.0,3.0,0.0
MICHIGAN,Oak Park,28858.0,115.0,1.0,8.0,14.0,92.0,603.0,188.0,290.0,125.0,4.0
MICHIGAN,Ontwa Township-Edwardsburg,6821.0,10.0,0.0,4.0,1.0,5.0,48.0,9.0,32.0,7.0,0.0
MICHIGAN,Orchard Lake,2198.0,4.0,0.0,0.0,3.0,1.0,13.0,0.0,13.0,0.0,0.0
MICHIGAN,Orion Township,35833.0,13.0,0.0,1.0,1.0,11.0,145.0,9.0,112.0,24.0,2.0
MICHIGAN,Oscoda Township,7211.0,20.0,2.0,4.0,0.0,14.0,29.0,4.0,24.0,1.0,0.0
MICHIGAN,Otisville,804.0,0.0,0.0,0.0,0.0,0.0,2.0,0.0,2.0,0.0,0.0
MICHIGAN,Otsego,4036.0,9.0,1.0,7.0,0.0,1.0,34.0,5.0,26.0,3.0,0.0
MICHIGAN,Owendale,257.0,0.0,0.0,0.0,0.0,0.0,0.0,0.0,0.0,0.0,0.0
MICHIGAN,Owosso,14543.0,82.0,0.0,16.0,2.0,64.0,156.0,30.0,118.0,8.0,3.0
MICHIGAN,Oxford,3437.0,2.0,0.0,0.0,0.0,2.0,9.0,0.0,6.0,3.0,0.0
MICHIGAN,Oxford Township,19165.0,16.0,1.0,4.0,1.0,10.0,41.0,5.0,29.0,7.0,1.0
MICHIGAN,Paw Paw,3398.0,16.0,0.0,6.0,0.0,10.0,150.0,6.0,137.0,7.0,0.0
MICHIGAN,Peck,597.0,0.0,0.0,0.0,0.0,0.0,1.0,0.0,1.0,0.0,0.0
MICHIGAN,Pentwater,902.0,0.0,0.0,0.0,0.0,0.0,6.0,0.0,6.0,0.0,0.0
MICHIGAN,Perry,2145.0,0.0,0.0,0.0,0.0,0.0,7.0,0.0,6.0,1.0,0.0
MICHIGAN,Petoskey,5839.0,7.0,0.0,0.0,0.0,7.0,33.0,6.0,24.0,3.0,0.0
MICHIGAN,Pigeon,1192.0,0.0,0.0,0.0,0.0,0.0,0.0,0.0,0.0,0.0,0.0
MICHIGAN,Pinckney,2340.0,1.0,0.0,0.0,0.0,1.0,11.0,1.0,9.0,1.0,0.0
MICHIGAN,Pittsfield Township,39244.0,104.0,1.0,11.0,9.0,83.0,713.0,35.0,618.0,60.0,0.0
MICHIGAN,Plainwell,3734.0,10.0,0.0,5.0,0.0,5.0,44.0,6.0,34.0,4.0,1.0
MICHIGAN,Pleasant Ridge,2562.0,2.0,0.0,0.0,1.0,1.0,13.0,1.0,10.0,2.0,0.0
MICHIGAN,Plymouth,9095.0,5.0,0.0,1.0,0.0,4.0,88.0,4.0,67.0,17.0,0.0
MICHIGAN,Plymouth Township,26824.0,13.0,0.0,1.0,1.0,11.0,175.0,9.0,143.0,23.0,0.0
MICHIGAN,Pontiac,61644.0,607.0,13.0,29.0,39.0,526.0,1012.0,198.0,614.0,200.0,6.0
MICHIGAN,Portage,49416.0,137.0,0.0,24.0,10.0,103.0,1470.0,133.0,1258.0,79.0,6.0
MICHIGAN,Port Austin,652.0,0.0,0.0,0.0,0.0,0.0,6.0,2.0,4.0,0.0,0.0
MICHIGAN,Port Huron,28204.0,170.0,0.0,26.0,2.0,142.0,424.0,74.0,322.0,28.0,9.0
MICHIGAN,Portland,3791.0,2.0,0.0,1.0,0.0,1.0,15.0,2.0,12.0,1.0,0.0
MICHIGAN,Potterville,3104.0,2.0,0.0,1.0,0.0,1.0,3.0,0.0,3.0,0.0,0.0
MICHIGAN,Raisin Township,8038.0,7.0,0.0,3.0,0.0,4.0,31.0,20.0,10.0,1.0,0.0
MICHIGAN,Reading,1082.0,3.0,0.0,0.0,0.0,3.0,2.0,0.0,2.0,0.0,0.0
MICHIGAN,Redford Township,47067.0,256.0,2.0,24.0,21.0,209.0,895.0,131.0,470.0,294.0,8.0
MICHIGAN,Reed City,2532.0,12.0,1.0,4.0,1.0,6.0,41.0,4.0,37.0,0.0,0.0
MICHIGAN,"Richfield Township, Genesee County",8930.0,6.0,0.0,2.0,0.0,4.0,48.0,6.0,36.0,6.0,1.0
MICHIGAN,"Richfield Township, Roscommon County",3601.0,4.0,0.0,0.0,0.0,4.0,10.0,0.0,8.0,2.0,0.0
MICHIGAN,Richland,939.0,2.0,0.0,0.0,0.0,2.0,11.0,2.0,9.0,0.0,0.0
MICHIGAN,"Richland Township, Saginaw County",3871.0,2.0,0.0,0.0,0.0,2.0,14.0,1.0,9.0,4.0,0.0
MICHIGAN,Richmond,5820.0,5.0,0.0,1.0,0.0,4.0,35.0,5.0,26.0,4.0,0.0
MICHIGAN,Riverview,11821.0,24.0,0.0,2.0,1.0,21.0,111.0,12.0,88.0,11.0,0.0
MICHIGAN,Rochester,12706.0,3.0,0.0,0.0,0.0,3.0,48.0,1.0,42.0,5.0,0.0
MICHIGAN,Rochester Hills,75960.0,70.0,1.0,5.0,0.0,64.0,404.0,39.0,320.0,45.0,1.0
MICHIGAN,Rockford,6183.0,6.0,0.0,2.0,0.0,4.0,49.0,1.0,44.0,4.0,2.0
MICHIGAN,Rockwood,3104.0,4.0,0.0,0.0,0.0,4.0,13.0,0.0,10.0,3.0,0.0
MICHIGAN,Rogers City,2927.0,1.0,0.0,1.0,0.0,0.0,5.0,0.0,5.0,0.0,0.0
MICHIGAN,Romeo,3721.0,2.0,0.0,0.0,0.0,2.0,11.0,0.0,11.0,0.0,0.0
MICHIGAN,Romulus,24567.0,216.0,2.0,17.0,24.0,173.0,507.0,53.0,331.0,123.0,6.0
MICHIGAN,Roosevelt Park,4120.0,11.0,0.0,0.0,2.0,9.0,232.0,8.0,219.0,5.0,0.0
MICHIGAN,Roseville,46358.0,242.0,1.0,33.0,18.0,190.0,1535.0,135.0,1198.0,202.0,9.0
MICHIGAN,Rothbury,446.0,0.0,0.0,0.0,0.0,0.0,6.0,0.0,5.0,1.0,0.0
MICHIGAN,Royal Oak,57257.0,71.0,0.0,4.0,7.0,60.0,459.0,37.0,353.0,69.0,1.0
MICHIGAN,Saginaw,42880.0,944.0,19.0,57.0,58.0,810.0,840.0,230.0,484.0,126.0,27.0
MICHIGAN,Saginaw Township,40864.0,71.0,2.0,13.0,8.0,48.0,583.0,71.0,467.0,45.0,2.0
MICHIGAN,Saline,9015.0,19.0,0.0,4.0,1.0,14.0,91.0,6.0,69.0,16.0,0.0
MICHIGAN,Sandusky,2679.0,4.0,0.0,1.0,0.0,3.0,30.0,1.0,29.0,0.0,0.0
MICHIGAN,Saugatuck-Douglas,2301.0,0.0,0.0,0.0,0.0,0.0,10.0,2.0,8.0,0.0,0.0
MICHIGAN,Sault Ste. Marie,13310.0,54.0,0.0,20.0,1.0,33.0,147.0,9.0,132.0,6.0,0.0
MICHIGAN,Schoolcraft,1437.0,2.0,0.0,0.0,0.0,2.0,22.0,0.0,19.0,3.0,0.0
MICHIGAN,Scottville,1357.0,3.0,0.0,0.0,0.0,3.0,11.0,2.0,9.0,0.0,0.0
MICHIGAN,Shelby,2177.0,1.0,0.0,1.0,0.0,0.0,9.0,0.0,8.0,1.0,0.0
MICHIGAN,Shelby Township,79985.0,128.0,0.0,28.0,5.0,95.0,434.0,36.0,329.0,69.0,1.0
MICHIGAN,Shepherd,1505.0,0.0,0.0,0.0,0.0,0.0,10.0,1.0,9.0,0.0,0.0
MICHIGAN,Somerset Township,4585.0,0.0,0.0,0.0,0.0,0.0,35.0,4.0,29.0,2.0,0.0
MICHIGAN,Southfield,75454.0,372.0,1.0,45.0,30.0,296.0,1826.0,306.0,1107.0,413.0,9.0
MICHIGAN,Southgate,28702.0,128.0,0.0,9.0,9.0,110.0,579.0,52.0,443.0,84.0,0.0
MICHIGAN,South Haven,4013.0,27.0,0.0,3.0,0.0,24.0,199.0,17.0,176.0,6.0,1.0
MICHIGAN,South Lyon,12010.0,7.0,0.0,4.0,0.0,3.0,35.0,3.0,25.0,7.0,0.0
MICHIGAN,Sparta,4279.0,8.0,0.0,2.0,0.0,6.0,33.0,3.0,27.0,3.0,0.0
MICHIGAN,Spring Arbor Township,8501.0,11.0,0.0,1.0,0.0,10.0,30.0,5.0,20.0,5.0,0.0
MICHIGAN,Springfield Township,14762.0,4.0,0.0,0.0,0.0,4.0,58.0,4.0,47.0,7.0,0.0
MICHIGAN,Springport Township,2119.0,0.0,0.0,0.0,0.0,0.0,9.0,2.0,6.0,1.0,0.0
MICHIGAN,Stanton,1382.0,1.0,0.0,0.0,0.0,1.0,3.0,0.0,3.0,0.0,0.0
MICHIGAN,St. Charles,1943.0,9.0,0.0,0.0,1.0,8.0,6.0,0.0,6.0,0.0,0.0
MICHIGAN,St. Clair,6019.0,4.0,0.0,1.0,0.0,3.0,27.0,6.0,20.0,1.0,0.0
MICHIGAN,St. Clair Shores,57157.0,106.0,0.0,11.0,12.0,83.0,609.0,200.0,320.0,89.0,0.0
MICHIGAN,Sterling Heights,133058.0,305.0,1.0,41.0,20.0,243.0,1387.0,102.0,1050.0,235.0,7.0
MICHIGAN,St. Ignace,2290.0,1.0,0.0,0.0,0.0,1.0,12.0,0.0,11.0,1.0,1.0
MICHIGAN,St. Johns,7699.0,13.0,0.0,6.0,0.0,7.0,40.0,13.0,24.0,3.0,1.0
MICHIGAN,St. Joseph,7689.0,34.0,0.0,2.0,1.0,31.0,118.0,9.0,104.0,5.0,0.0
MICHIGAN,St. Joseph Township,9723.0,12.0,0.0,3.0,1.0,8.0,74.0,17.0,51.0,6.0,1.0
MICHIGAN,St. Louis,7014.0,13.0,0.0,4.0,0.0,9.0,38.0,7.0,28.0,3.0,0.0
MICHIGAN,Stockbridge,1287.0,5.0,0.0,1.0,0.0,4.0,13.0,2.0,9.0,2.0,0.0
MICHIGAN,Sumpter Township,9449.0,26.0,0.0,0.0,1.0,25.0,64.0,14.0,40.0,10.0,0.0
MICHIGAN,Sylvan Lake,1698.0,1.0,0.0,0.0,0.0,1.0,13.0,1.0,11.0,1.0,0.0
MICHIGAN,Tawas City,1848.0,10.0,0.0,0.0,0.0,10.0,15.0,0.0,15.0,0.0,0.0
MICHIGAN,Taylor,60602.0,508.0,3.0,30.0,46.0,429.0,1222.0,180.0,831.0,211.0,6.0
MICHIGAN,Tecumseh,8571.0,10.0,0.0,3.0,0.0,7.0,29.0,4.0,24.0,1.0,0.0
MICHIGAN,Thomas Township,11854.0,32.0,0.0,2.0,1.0,29.0,84.0,8.0,71.0,5.0,0.0
MICHIGAN,Three Oaks,1381.0,2.0,0.0,0.0,0.0,2.0,7.0,0.0,6.0,1.0,0.0
MICHIGAN,Tittabawassee Township,10947.0,10.0,0.0,4.0,0.0,6.0,36.0,3.0,26.0,7.0,0.0
MICHIGAN,Trenton,17698.0,6.0,1.0,2.0,0.0,3.0,96.0,1.0,76.0,19.0,1.0
MICHIGAN,Troy,87422.0,101.0,0.0,22.0,16.0,63.0,1116.0,72.0,948.0,96.0,2.0
MICHIGAN,Tuscarora Township,3143.0,4.0,0.0,0.0,0.0,4.0,41.0,1.0,40.0,0.0,0.0
MICHIGAN,Ubly,831.0,3.0,0.0,3.0,0.0,0.0,3.0,1.0,2.0,0.0,0.0
MICHIGAN,Unadilla Township,3320.0,2.0,0.0,1.0,0.0,1.0,12.0,3.0,7.0,2.0,0.0
MICHIGAN,Utica,5090.0,16.0,0.0,4.0,2.0,10.0,128.0,8.0,115.0,5.0,0.0
MICHIGAN,Van Buren Township,29591.0,97.0,0.0,12.0,0.0,85.0,612.0,41.0,502.0,69.0,1.0
MICHIGAN,Vassar,2688.0,53.0,0.0,1.0,0.0,52.0,40.0,12.0,24.0,4.0,0.0
MICHIGAN,Vernon,721.0,2.0,0.0,2.0,0.0,0.0,1.0,0.0,1.0,0.0,0.0
MICHIGAN,Vicksburg,3964.0,13.0,0.0,1.0,1.0,11.0,77.0,11.0,63.0,3.0,0.0
MICHIGAN,Walker,25308.0,56.0,1.0,17.0,3.0,35.0,619.0,13.0,553.0,53.0,2.0
MICHIGAN,Walled Lake,7321.0,10.0,0.0,1.0,0.0,9.0,59.0,9.0,21.0,29.0,0.0
MICHIGAN,Warren,135843.0,736.0,7.0,104.0,48.0,577.0,2111.0,278.0,1355.0,478.0,21.0
MICHIGAN,Waterford Township,69066.0,193.0,1.0,22.0,6.0,164.0,573.0,127.0,343.0,103.0,2.0
MICHIGAN,Watervliet,1645.0,9.0,0.0,2.0,0.0,7.0,10.0,2.0,7.0,1.0,0.0
MICHIGAN,Wayne,16891.0,117.0,1.0,14.0,9.0,93.0,220.0,31.0,130.0,59.0,6.0
MICHIGAN,West Bloomfield Township,64892.0,53.0,0.0,5.0,6.0,42.0,341.0,25.0,289.0,27.0,1.0
MICHIGAN,West Branch,2361.0,1.0,0.0,1.0,0.0,0.0,9.0,0.0,8.0,1.0,0.0
MICHIGAN,Westland,81727.0,367.0,3.0,45.0,30.0,289.0,1108.0,161.0,758.0,189.0,11.0
MICHIGAN,Whitehall,3169.0,4.0,0.0,1.0,0.0,3.0,34.0,3.0,29.0,2.0,1.0
MICHIGAN,White Lake Township,31222.0,13.0,0.0,0.0,0.0,13.0,136.0,6.0,127.0,3.0,1.0
MICHIGAN,White Pigeon,1723.0,6.0,0.0,0.0,0.0,6.0,36.0,4.0,27.0,5.0,0.0
MICHIGAN,Williamston,3758.0,2.0,0.0,0.0,1.0,1.0,10.0,1.0,5.0,4.0,0.0
MICHIGAN,Wixom,17120.0,31.0,1.0,8.0,2.0,20.0,166.0,27.0,115.0,24.0,0.0
MICHIGAN,Wolverine Lake,4414.0,3.0,0.0,0.0,0.0,3.0,11.0,3.0,8.0,0.0,0.0
MICHIGAN,Woodhaven,12447.0,14.0,0.0,1.0,3.0,10.0,192.0,7.0,163.0,22.0,0.0
MICHIGAN,Wyandotte,23778.0,57.0,2.0,6.0,2.0,47.0,196.0,11.0,168.0,17.0,1.0
MICHIGAN,Wyoming,77684.0,366.0,3.0,61.0,37.0,265.0,1666.0,213.0,1277.0,176.0,6.0
MICHIGAN,Yale,1888.0,8.0,0.0,0.0,0.0,8.0,12.0,5.0,7.0,0.0,1.0
MICHIGAN,Ypsilanti,19021.0,125.0,0.0,23.0,16.0,86.0,452.0,72.0,307.0,73.0,2.0
MICHIGAN,Zeeland,5621.0,5.0,0.0,3.0,0.0,2.0,31.0,6.0,20.0,5.0,1.0
MINNESOTA ,Ada,1690.0,0.0,0.0,0.0,0.0,0.0,0.0,0.0,0.0,0.0,0.0
MINNESOTA ,Adrian,1177.0,0.0,0.0,0.0,0.0,0.0,1.0,1.0,0.0,0.0,0.0
MINNESOTA ,Aitkin,2149.0,1.0,0.0,1.0,0.0,0.0,29.0,9.0,17.0,3.0,0.0
MINNESOTA ,Akeley,432.0,0.0,0.0,0.0,0.0,0.0,5.0,0.0,5.0,0.0,0.0
MINNESOTA ,Albany,2848.0,8.0,0.0,4.0,0.0,4.0,7.0,0.0,7.0,0.0,0.0
MINNESOTA ,Albert Lea,18194.0,38.0,0.0,2.0,5.0,31.0,271.0,57.0,195.0,19.0,1.0
MINNESOTA ,Alexandria,15136.0,44.0,0.0,11.0,1.0,32.0,230.0,16.0,206.0,8.0,0.0
MINNESOTA ,Annandale,3451.0,3.0,1.0,2.0,0.0,0.0,20.0,0.0,20.0,0.0,0.0
MINNESOTA ,Anoka,18022.0,44.0,0.0,5.0,4.0,35.0,214.0,36.0,167.0,11.0,5.0
MINNESOTA ,Appleton,1358.0,2.0,0.0,0.0,0.0,2.0,1.0,0.0,1.0,0.0,0.0
MINNESOTA ,Apple Valley,55028.0,118.0,0.0,11.0,9.0,98.0,918.0,57.0,815.0,46.0,0.0
MINNESOTA ,Arlington,2326.0,0.0,0.0,0.0,0.0,0.0,6.0,0.0,5.0,1.0,1.0
MINNESOTA ,Atwater,1073.0,0.0,0.0,0.0,0.0,0.0,0.0,0.0,0.0,0.0,0.0
MINNESOTA ,Audubon,561.0,0.0,0.0,0.0,0.0,0.0,1.0,0.0,1.0,0.0,0.0
MINNESOTA ,Austin,26160.0,50.0,0.0,11.0,6.0,33.0,419.0,44.0,344.0,31.0,3.0
MINNESOTA ,Avon,1713.0,0.0,0.0,0.0,0.0,0.0,5.0,0.0,5.0,0.0,0.0
MINNESOTA ,Babbitt,1370.0,2.0,0.0,1.0,0.0,1.0,1.0,1.0,0.0,0.0,0.0
MINNESOTA ,Bagley,1311.0,2.0,0.0,0.0,1.0,1.0,2.0,0.0,2.0,0.0,0.0
MINNESOTA ,Barnesville,2767.0,2.0,0.0,0.0,0.0,2.0,12.0,3.0,7.0,2.0,0.0
MINNESOTA ,Battle Lake,929.0,0.0,0.0,0.0,0.0,0.0,3.0,1.0,2.0,0.0,0.0
MINNESOTA ,Baxter,9249.0,16.0,0.0,5.0,0.0,11.0,285.0,7.0,277.0,1.0,0.0
MINNESOTA ,Bayport,3712.0,1.0,0.0,1.0,0.0,0.0,15.0,0.0,15.0,0.0,0.0
MINNESOTA ,Becker,5132.0,4.0,0.0,2.0,0.0,2.0,16.0,2.0,14.0,0.0,0.0
MINNESOTA ,Belgrade/Brooten,1380.0,1.0,0.0,0.0,0.0,1.0,4.0,0.0,4.0,0.0,0.0
MINNESOTA ,Belle Plaine,7433.0,10.0,0.0,6.0,0.0,4.0,30.0,4.0,24.0,2.0,1.0
MINNESOTA ,Bemidji,15853.0,129.0,0.0,33.0,13.0,83.0,727.0,56.0,642.0,29.0,3.0
MINNESOTA ,Benson,3425.0,7.0,0.0,0.0,0.0,7.0,2.0,0.0,1.0,1.0,0.0
MINNESOTA ,Big Lake,12904.0,17.0,0.0,9.0,0.0,8.0,44.0,3.0,38.0,3.0,0.0
MINNESOTA ,Blackduck,810.0,1.0,0.0,1.0,0.0,0.0,4.0,2.0,2.0,0.0,0.0
MINNESOTA ,Blaine,74913.0,67.0,2.0,12.0,10.0,43.0,1057.0,97.0,908.0,52.0,4.0
MINNESOTA ,Bloomington,86598.0,270.0,1.0,48.0,36.0,185.0,3000.0,190.0,2617.0,193.0,13.0
MINNESOTA ,Blue Earth,3161.0,12.0,0.0,2.0,0.0,10.0,6.0,0.0,3.0,3.0,0.0
MINNESOTA ,Braham,1792.0,0.0,0.0,0.0,0.0,0.0,2.0,0.0,2.0,0.0,0.0
MINNESOTA ,Brainerd,14615.0,63.0,0.0,10.0,6.0,47.0,260.0,27.0,226.0,7.0,1.0
MINNESOTA ,Breckenridge,3301.0,21.0,0.0,4.0,0.0,17.0,8.0,0.0,6.0,2.0,0.0
MINNESOTA ,Breezy Point,2814.0,0.0,0.0,0.0,0.0,0.0,4.0,4.0,0.0,0.0,0.0
MINNESOTA ,Breitung Township,526.0,1.0,0.0,0.0,0.0,1.0,10.0,1.0,9.0,0.0,0.0
MINNESOTA ,Brooklyn Center,31058.0,211.0,0.0,35.0,61.0,115.0,835.0,107.0,499.0,229.0,2.0
MINNESOTA ,Brooklyn Park,80665.0,235.0,4.0,38.0,61.0,132.0,1999.0,211.0,1479.0,309.0,9.0
MINNESOTA ,Brownton,708.0,0.0,0.0,0.0,0.0,0.0,4.0,0.0,4.0,0.0,0.0
MINNESOTA ,Buffalo,16627.0,9.0,0.0,2.0,0.0,7.0,70.0,3.0,66.0,1.0,0.0
MINNESOTA ,Buffalo Lake,630.0,0.0,0.0,0.0,0.0,0.0,0.0,0.0,0.0,0.0,0.0
MINNESOTA ,Burnsville,64860.0,136.0,5.0,29.0,11.0,91.0,1225.0,66.0,1078.0,81.0,2.0
MINNESOTA ,Caledonia,2775.0,0.0,0.0,0.0,0.0,0.0,0.0,0.0,0.0,0.0,0.0
MINNESOTA ,Callaway,183.0,0.0,0.0,0.0,0.0,0.0,4.0,0.0,4.0,0.0,0.0
MINNESOTA ,Cambridge,10802.0,7.0,0.0,1.0,1.0,5.0,183.0,2.0,176.0,5.0,0.0
MINNESOTA ,Canby,1681.0,0.0,0.0,0.0,0.0,0.0,2.0,0.0,2.0,0.0,0.0
MINNESOTA ,Cannon Falls,4196.0,6.0,0.0,1.0,0.0,5.0,44.0,5.0,34.0,5.0,0.0
MINNESOTA ,Centennial Lakes,12219.0,8.0,0.0,1.0,1.0,6.0,89.0,7.0,77.0,5.0,1.0
MINNESOTA ,Champlin,22532.0,26.0,0.0,11.0,1.0,14.0,256.0,24.0,218.0,14.0,2.0
MINNESOTA ,Chaska,29431.0,25.0,0.0,4.0,1.0,20.0,187.0,22.0,152.0,13.0,2.0
MINNESOTA ,Chatfield,2991.0,0.0,0.0,0.0,0.0,0.0,0.0,0.0,0.0,0.0,0.0
MINNESOTA ,Chisholm,4663.0,13.0,0.0,2.0,2.0,9.0,73.0,4.0,62.0,7.0,0.0
MINNESOTA ,Clearbrook,466.0,0.0,0.0,0.0,0.0,0.0,0.0,0.0,0.0,0.0,0.0
MINNESOTA ,Cleveland,773.0,0.0,0.0,0.0,0.0,0.0,0.0,0.0,0.0,0.0,0.0
MINNESOTA ,Cloquet,12570.0,22.0,2.0,0.0,0.0,20.0,66.0,4.0,60.0,2.0,1.0
MINNESOTA ,Cold Spring/Richmond,5797.0,7.0,0.0,3.0,0.0,4.0,32.0,1.0,28.0,3.0,0.0
MINNESOTA ,Columbia Heights,23341.0,75.0,0.0,16.0,17.0,42.0,510.0,40.0,366.0,104.0,2.0
MINNESOTA ,Coon Rapids,63308.0,134.0,4.0,29.0,17.0,84.0,1038.0,120.0,828.0,90.0,7.0
MINNESOTA ,Corcoran,8276.0,1.0,0.0,0.0,0.0,1.0,42.0,3.0,37.0,2.0,0.0
MINNESOTA ,Cottage Grove,43131.0,17.0,0.0,7.0,4.0,6.0,294.0,26.0,251.0,17.0,0.0
MINNESOTA ,Crookston,7205.0,30.0,0.0,11.0,0.0,19.0,66.0,12.0,43.0,11.0,1.0
MINNESOTA ,Crosby,2354.0,0.0,0.0,0.0,0.0,0.0,5.0,1.0,4.0,0.0,0.0
MINNESOTA ,Crosslake,2442.0,1.0,0.0,0.0,0.0,1.0,14.0,1.0,12.0,1.0,0.0
MINNESOTA ,Crystal,21477.0,60.0,1.0,5.0,11.0,43.0,478.0,37.0,397.0,44.0,3.0
MINNESOTA ,Cuyuna,331.0,0.0,0.0,0.0,0.0,0.0,0.0,0.0,0.0,0.0,0.0
MINNESOTA ,Dawson/Boyd,1564.0,3.0,0.0,0.0,0.0,3.0,6.0,1.0,5.0,0.0,0.0
MINNESOTA ,Dayton,11273.0,2.0,0.0,1.0,0.0,1.0,47.0,5.0,39.0,3.0,1.0
MINNESOTA ,Deephaven,3691.0,0.0,0.0,0.0,0.0,0.0,13.0,4.0,9.0,0.0,0.0
MINNESOTA ,Deer River,903.0,1.0,0.0,0.0,0.0,1.0,11.0,0.0,11.0,0.0,0.0
MINNESOTA ,Deerwood,578.0,1.0,0.0,0.0,0.0,1.0,0.0,0.0,0.0,0.0,0.0
MINNESOTA ,Detroit Lakes,9969.0,17.0,0.0,4.0,1.0,12.0,154.0,22.0,128.0,4.0,1.0
MINNESOTA ,Dilworth,4828.0,11.0,0.0,2.0,1.0,8.0,299.0,24.0,266.0,9.0,1.0
MINNESOTA ,Duluth,88003.0,193.0,7.0,41.0,33.0,112.0,2600.0,242.0,2249.0,109.0,22.0
MINNESOTA ,Dundas,1774.0,0.0,0.0,0.0,0.0,0.0,18.0,2.0,14.0,2.0,0.0
MINNESOTA ,Eagan,66956.0,69.0,0.0,17.0,4.0,48.0,1185.0,104.0,1030.0,51.0,0.0
MINNESOTA ,East Grand Forks,8859.0,10.0,0.0,0.0,0.0,10.0,25.0,4.0,17.0,4.0,0.0
MINNESOTA ,East Range,3634.0,2.0,0.0,2.0,0.0,0.0,0.0,0.0,0.0,0.0,0.0
MINNESOTA ,Eden Prairie,61511.0,45.0,1.0,18.0,5.0,21.0,787.0,43.0,717.0,27.0,2.0
MINNESOTA ,Eden Valley,1072.0,0.0,0.0,0.0,0.0,0.0,0.0,0.0,0.0,0.0,0.0
MINNESOTA ,Edina,53347.0,39.0,0.0,4.0,5.0,30.0,795.0,126.0,580.0,89.0,2.0
MINNESOTA ,Elko New Market,5126.0,0.0,0.0,0.0,0.0,0.0,0.0,0.0,0.0,0.0,0.0
MINNESOTA ,Elk River,27826.0,25.0,0.0,9.0,2.0,14.0,280.0,43.0,222.0,15.0,0.0
MINNESOTA ,Ely,3211.0,4.0,0.0,0.0,0.0,4.0,22.0,1.0,20.0,1.0,0.0
MINNESOTA ,Eveleth,3417.0,7.0,0.0,0.0,0.0,7.0,79.0,17.0,53.0,9.0,0.0
MINNESOTA ,Fairfax,1202.0,0.0,0.0,0.0,0.0,0.0,5.0,1.0,4.0,0.0,0.0
MINNESOTA ,Fairmont,10173.0,30.0,0.0,6.0,1.0,23.0,142.0,13.0,122.0,7.0,0.0
MINNESOTA ,Faribault,24708.0,76.0,1.0,14.0,2.0,59.0,279.0,23.0,250.0,6.0,1.0
MINNESOTA ,Farmington,23995.0,19.0,0.0,9.0,1.0,9.0,80.0,11.0,64.0,5.0,0.0
MINNESOTA ,Fergus Falls,14245.0,29.0,0.0,1.0,1.0,27.0,337.0,30.0,293.0,14.0,0.0
MINNESOTA ,Floodwood,517.0,0.0,0.0,0.0,0.0,0.0,4.0,0.0,4.0,0.0,0.0
MINNESOTA ,Foley,2711.0,4.0,0.0,1.0,0.0,3.0,38.0,2.0,36.0,0.0,1.0
MINNESOTA ,Forest Lake,20680.0,25.0,0.0,4.0,1.0,20.0,305.0,32.0,251.0,22.0,0.0
MINNESOTA ,Fosston,1368.0,5.0,0.0,2.0,0.0,3.0,35.0,1.0,34.0,0.0,0.0
MINNESOTA ,Frazee,1301.0,0.0,0.0,0.0,0.0,0.0,2.0,0.0,2.0,0.0,0.0
MINNESOTA ,Fridley,30355.0,75.0,0.0,8.0,7.0,60.0,935.0,47.0,822.0,66.0,1.0
MINNESOTA ,Fulda,1322.0,2.0,0.0,0.0,0.0,2.0,7.0,0.0,6.0,1.0,0.0
MINNESOTA ,Gaylord,2341.0,3.0,0.0,1.0,0.0,2.0,44.0,5.0,38.0,1.0,0.0
MINNESOTA ,Gibbon,788.0,3.0,0.0,1.0,0.0,2.0,3.0,1.0,2.0,0.0,0.0
MINNESOTA ,Gilbert,1656.0,10.0,0.0,1.0,0.0,9.0,31.0,0.0,30.0,1.0,0.0
MINNESOTA ,Glencoe,5652.0,5.0,0.0,2.0,0.0,3.0,29.0,3.0,25.0,1.0,0.0
MINNESOTA ,Glenwood,2630.0,3.0,0.0,0.0,0.0,3.0,17.0,0.0,16.0,1.0,0.0
MINNESOTA ,Glyndon,1376.0,0.0,0.0,0.0,0.0,0.0,4.0,0.0,4.0,0.0,0.0
MINNESOTA ,Golden Valley,20806.0,14.0,0.0,2.0,0.0,12.0,205.0,23.0,177.0,5.0,0.0
MINNESOTA ,Goodview,4077.0,0.0,0.0,0.0,0.0,0.0,1.0,0.0,1.0,0.0,0.0
MINNESOTA ,Grand Rapids,11333.0,10.0,0.0,1.0,0.0,9.0,117.0,2.0,115.0,0.0,0.0
MINNESOTA ,Granite Falls,2670.0,8.0,0.0,1.0,0.0,7.0,15.0,1.0,13.0,1.0,0.0
MINNESOTA ,Hallock,863.0,0.0,0.0,0.0,0.0,0.0,1.0,1.0,0.0,0.0,0.0
MINNESOTA ,Hastings,22112.0,25.0,0.0,11.0,2.0,12.0,221.0,20.0,192.0,9.0,3.0
MINNESOTA ,Hawley,2299.0,2.0,0.0,0.0,0.0,2.0,11.0,2.0,7.0,2.0,0.0
MINNESOTA ,Hector,981.0,1.0,0.0,0.0,0.0,1.0,1.0,0.0,0.0,1.0,0.0
MINNESOTA ,Henderson,982.0,0.0,0.0,0.0,0.0,0.0,0.0,0.0,0.0,0.0,0.0
MINNESOTA ,Henning,860.0,0.0,0.0,0.0,0.0,0.0,2.0,0.0,2.0,0.0,0.0
MINNESOTA ,Hermantown,10196.0,8.0,0.0,2.0,1.0,5.0,261.0,19.0,238.0,4.0,0.0
MINNESOTA ,Heron Lake,587.0,0.0,0.0,0.0,0.0,0.0,2.0,0.0,2.0,0.0,0.0
MINNESOTA ,Hibbing,15915.0,10.0,0.0,2.0,1.0,7.0,106.0,2.0,96.0,8.0,0.0
MINNESOTA ,Hill City,608.0,1.0,0.0,1.0,0.0,0.0,2.0,0.0,2.0,0.0,0.0
MINNESOTA ,Hokah,544.0,0.0,0.0,0.0,0.0,0.0,0.0,0.0,0.0,0.0,0.0
MINNESOTA ,Hopkins,18454.0,52.0,0.0,9.0,11.0,32.0,239.0,37.0,168.0,34.0,6.0
MINNESOTA ,Houston,978.0,0.0,0.0,0.0,0.0,0.0,2.0,0.0,2.0,0.0,0.0
MINNESOTA ,Howard Lake,2220.0,0.0,0.0,0.0,0.0,0.0,6.0,3.0,3.0,0.0,0.0
MINNESOTA ,Hutchinson,14730.0,32.0,0.0,9.0,1.0,22.0,176.0,14.0,152.0,10.0,2.0
MINNESOTA ,International Falls,5542.0,39.0,0.0,5.0,0.0,34.0,48.0,6.0,40.0,2.0,2.0
MINNESOTA ,Inver Grove Heights,36212.0,60.0,0.0,20.0,3.0,37.0,505.0,63.0,408.0,34.0,1.0
MINNESOTA ,Isanti,7540.0,6.0,0.0,0.0,0.0,6.0,37.0,4.0,32.0,1.0,0.0
MINNESOTA ,Isle,830.0,3.0,0.0,1.0,0.0,2.0,29.0,2.0,26.0,1.0,0.0
MINNESOTA ,Janesville,2484.0,3.0,0.0,0.0,0.0,3.0,10.0,0.0,10.0,0.0,0.0
MINNESOTA ,Jordan,6781.0,6.0,0.0,0.0,1.0,5.0,28.0,4.0,22.0,2.0,0.0
MINNESOTA ,Kasson,7208.0,7.0,0.0,4.0,0.0,3.0,30.0,7.0,21.0,2.0,0.0
MINNESOTA ,Kenyon,1874.0,0.0,0.0,0.0,0.0,0.0,0.0,0.0,0.0,0.0,0.0
MINNESOTA ,La Crescent,5279.0,4.0,0.0,0.0,0.0,4.0,23.0,3.0,20.0,0.0,0.0
MINNESOTA ,Lake City,5336.0,4.0,0.0,1.0,0.0,3.0,48.0,9.0,34.0,5.0,0.0
MINNESOTA ,Lake Crystal,2487.0,3.0,0.0,0.0,0.0,3.0,8.0,3.0,5.0,0.0,0.0
MINNESOTA ,Lakefield,1712.0,1.0,0.0,0.0,0.0,1.0,0.0,0.0,0.0,0.0,0.0
MINNESOTA ,Lake Park,716.0,1.0,0.0,0.0,0.0,1.0,4.0,0.0,4.0,0.0,0.0
MINNESOTA ,Lakes Area,10781.0,11.0,0.0,5.0,0.0,6.0,71.0,4.0,64.0,3.0,2.0
MINNESOTA ,Lake Shore,1139.0,0.0,0.0,0.0,0.0,0.0,3.0,0.0,3.0,0.0,0.0
MINNESOTA ,Lakeville,78436.0,60.0,2.0,23.0,1.0,34.0,448.0,42.0,378.0,28.0,1.0
MINNESOTA ,Lamberton,779.0,0.0,0.0,0.0,0.0,0.0,4.0,0.0,4.0,0.0,0.0
MINNESOTA ,Le Center,2520.0,3.0,0.0,0.0,0.0,3.0,0.0,0.0,0.0,0.0,0.0
MINNESOTA ,Lester Prairie,1902.0,0.0,0.0,0.0,0.0,0.0,5.0,0.0,5.0,0.0,0.0
MINNESOTA ,Le Sueur,4226.0,3.0,0.0,1.0,0.0,2.0,8.0,0.0,8.0,0.0,0.0
MINNESOTA ,Lewiston,1501.0,0.0,0.0,0.0,0.0,0.0,3.0,0.0,3.0,0.0,0.0
MINNESOTA ,Lino Lakes,22685.0,8.0,1.0,2.0,0.0,5.0,150.0,23.0,125.0,2.0,0.0
MINNESOTA ,Litchfield,6512.0,16.0,0.0,4.0,0.0,12.0,70.0,8.0,60.0,2.0,0.0
MINNESOTA ,Little Falls,9088.0,9.0,0.0,3.0,1.0,5.0,168.0,8.0,157.0,3.0,3.0
MINNESOTA ,Long Prairie,3722.0,9.0,0.0,2.0,0.0,7.0,30.0,1.0,25.0,4.0,0.0
MINNESOTA ,Lonsdale,5016.0,2.0,0.0,1.0,0.0,1.0,15.0,3.0,11.0,1.0,0.0
MINNESOTA ,Madelia,2367.0,1.0,0.0,1.0,0.0,0.0,8.0,0.0,8.0,0.0,0.0
MINNESOTA ,Madison Lake,1318.0,1.0,0.0,0.0,0.0,1.0,7.0,3.0,3.0,1.0,0.0
MINNESOTA ,Mankato,46137.0,118.0,2.0,30.0,6.0,80.0,1204.0,127.0,1014.0,63.0,4.0
MINNESOTA ,Maple Grove,71622.0,81.0,0.0,17.0,12.0,52.0,1263.0,103.0,1134.0,26.0,4.0
MINNESOTA ,Mapleton,2144.0,2.0,0.0,0.0,0.0,2.0,5.0,2.0,3.0,0.0,0.0
MINNESOTA ,Maplewood,39638.0,180.0,2.0,25.0,32.0,121.0,1076.0,160.0,811.0,105.0,7.0
MINNESOTA ,Marshall,13924.0,38.0,0.0,10.0,1.0,27.0,100.0,13.0,82.0,5.0,0.0
MINNESOTA ,McGregor,379.0,0.0,0.0,0.0,0.0,0.0,0.0,0.0,0.0,0.0,0.0
MINNESOTA ,Medina,7104.0,1.0,0.0,0.0,0.0,1.0,46.0,11.0,34.0,1.0,0.0
MINNESOTA ,Melrose,3612.0,4.0,0.0,0.0,0.0,4.0,7.0,0.0,4.0,3.0,0.0
MINNESOTA ,Menahga,1347.0,0.0,0.0,0.0,0.0,0.0,0.0,0.0,0.0,0.0,0.0
MINNESOTA ,Mendota Heights,11501.0,22.0,0.0,6.0,1.0,15.0,101.0,18.0,76.0,7.0,1.0
MINNESOTA ,Milaca,3066.0,3.0,0.0,1.0,0.0,2.0,38.0,1.0,32.0,5.0,0.0
MINNESOTA ,Minneapolis,423282.0,4911.0,76.0,377.0,1574.0,2884.0,21769.0,2619.0,12603.0,6547.0,112.0
MINNESOTA ,Minneota,1344.0,2.0,0.0,1.0,0.0,1.0,6.0,0.0,5.0,1.0,0.0
MINNESOTA ,Minnesota Lake,657.0,0.0,0.0,0.0,0.0,0.0,1.0,1.0,0.0,0.0,0.0
MINNESOTA ,Minnetonka,51935.0,60.0,0.0,9.0,7.0,44.0,851.0,98.0,713.0,40.0,3.0
MINNESOTA ,Minnetrista,11072.0,5.0,0.0,1.0,1.0,3.0,38.0,2.0,33.0,3.0,1.0
MINNESOTA ,Montevideo,5180.0,0.0,0.0,0.0,0.0,0.0,0.0,0.0,0.0,0.0,0.0
MINNESOTA ,Montgomery,3595.0,1.0,0.0,0.0,0.0,1.0,0.0,0.0,0.0,0.0,0.0
MINNESOTA ,Moorhead,45424.0,166.0,4.0,27.0,12.0,123.0,761.0,131.0,530.0,100.0,7.0
MINNESOTA ,Morgan,874.0,0.0,0.0,0.0,0.0,0.0,0.0,0.0,0.0,0.0,0.0
MINNESOTA ,Motley,691.0,1.0,0.0,1.0,0.0,0.0,8.0,0.0,6.0,2.0,0.0
MINNESOTA ,Mounds View,12730.0,24.0,0.0,3.0,3.0,18.0,137.0,10.0,113.0,14.0,0.0
MINNESOTA ,Mountain Lake,1929.0,7.0,0.0,2.0,0.0,5.0,4.0,1.0,3.0,0.0,0.0
MINNESOTA ,Nashwauk,955.0,2.0,0.0,1.0,0.0,1.0,2.0,1.0,1.0,0.0,0.0
MINNESOTA ,New Brighton,22022.0,20.0,0.0,4.0,4.0,12.0,269.0,19.0,205.0,45.0,2.0
MINNESOTA ,New Hope,20319.0,35.0,1.0,6.0,18.0,10.0,398.0,41.0,314.0,43.0,1.0
MINNESOTA ,New Prague,8267.0,4.0,0.0,3.0,0.0,1.0,52.0,2.0,50.0,0.0,0.0
MINNESOTA ,New Richland,1211.0,4.0,0.0,2.0,0.0,2.0,11.0,0.0,11.0,0.0,0.0
MINNESOTA ,New Ulm,13858.0,10.0,0.0,1.0,0.0,9.0,141.0,8.0,129.0,4.0,1.0
MINNESOTA ,New York Mills,1356.0,1.0,0.0,0.0,0.0,1.0,4.0,0.0,4.0,0.0,0.0
MINNESOTA ,Nisswa,2175.0,0.0,0.0,0.0,0.0,0.0,14.0,0.0,14.0,0.0,0.0
MINNESOTA ,North Branch,12137.0,13.0,0.0,2.0,0.0,11.0,19.0,4.0,14.0,1.0,0.0
MINNESOTA ,Northfield,21099.0,32.0,0.0,7.0,0.0,25.0,285.0,22.0,261.0,2.0,1.0
MINNESOTA ,North Mankato,14021.0,21.0,1.0,9.0,1.0,10.0,119.0,13.0,104.0,2.0,1.0
MINNESOTA ,North St. Paul,12762.0,24.0,0.0,1.0,1.0,22.0,211.0,28.0,167.0,16.0,0.0
MINNESOTA ,Oakdale,28214.0,51.0,0.0,6.0,13.0,32.0,497.0,43.0,425.0,29.0,0.0
MINNESOTA ,Oak Park Heights,4625.0,18.0,0.0,11.0,0.0,7.0,96.0,12.0,83.0,1.0,1.0
MINNESOTA ,Olivia,2270.0,1.0,0.0,1.0,0.0,0.0,15.0,3.0,11.0,1.0,0.0
MINNESOTA ,Onamia,850.0,12.0,0.0,0.0,0.0,12.0,15.0,0.0,13.0,2.0,0.0
MINNESOTA ,Orono,18943.0,10.0,0.0,5.0,0.0,5.0,93.0,11.0,79.0,3.0,0.0
MINNESOTA ,Osakis,1747.0,0.0,0.0,0.0,0.0,0.0,3.0,1.0,2.0,0.0,0.0
MINNESOTA ,Osseo,2472.0,1.0,0.0,0.0,0.0,1.0,47.0,3.0,39.0,5.0,0.0
MINNESOTA ,Owatonna,26573.0,40.0,0.0,10.0,2.0,28.0,218.0,29.0,166.0,23.0,5.0
MINNESOTA ,Parkers Prairie,1031.0,0.0,0.0,0.0,0.0,0.0,2.0,1.0,1.0,0.0,0.0
MINNESOTA ,Park Rapids,4348.0,18.0,0.0,1.0,0.0,17.0,92.0,4.0,83.0,5.0,0.0
MINNESOTA ,Paynesville,2616.0,4.0,0.0,0.0,0.0,4.0,4.0,0.0,4.0,0.0,0.0
MINNESOTA ,Pelican Rapids,2599.0,2.0,0.0,0.0,0.0,2.0,4.0,0.0,3.0,1.0,0.0
MINNESOTA ,Pequot Lakes,2486.0,0.0,0.0,0.0,0.0,0.0,0.0,0.0,0.0,0.0,0.0
MINNESOTA ,Perham,3718.0,0.0,0.0,0.0,0.0,0.0,14.0,0.0,14.0,0.0,0.0
MINNESOTA ,Pierz,1473.0,2.0,0.0,1.0,0.0,1.0,38.0,2.0,36.0,0.0,0.0
MINNESOTA ,Pillager,524.0,0.0,0.0,0.0,0.0,0.0,0.0,0.0,0.0,0.0,0.0
MINNESOTA ,Pine River,935.0,2.0,0.0,0.0,0.0,2.0,10.0,0.0,10.0,0.0,0.0
MINNESOTA ,Plainview,3541.0,2.0,0.0,0.0,0.0,2.0,6.0,1.0,2.0,3.0,0.0
MINNESOTA ,Plymouth,76577.0,39.0,0.0,3.0,10.0,26.0,784.0,103.0,636.0,45.0,2.0
MINNESOTA ,Preston,1326.0,0.0,0.0,0.0,0.0,0.0,8.0,1.0,7.0,0.0,0.0
MINNESOTA ,Princeton,5418.0,3.0,0.0,0.0,0.0,3.0,130.0,11.0,114.0,5.0,0.0
MINNESOTA ,Prior Lake,28163.0,30.0,1.0,9.0,2.0,18.0,302.0,18.0,269.0,15.0,3.0
MINNESOTA ,Proctor,3078.0,3.0,0.0,0.0,0.0,3.0,19.0,2.0,16.0,1.0,0.0
MINNESOTA ,Ramsey,28813.0,18.0,2.0,3.0,1.0,12.0,149.0,31.0,114.0,4.0,2.0
MINNESOTA ,Red Wing,16819.0,34.0,1.0,7.0,0.0,26.0,362.0,38.0,316.0,8.0,2.0
MINNESOTA ,Redwood Falls,5044.0,15.0,0.0,5.0,0.0,10.0,60.0,4.0,55.0,1.0,0.0
MINNESOTA ,Renville,1254.0,3.0,0.0,0.0,0.0,3.0,12.0,2.0,10.0,0.0,0.0
MINNESOTA ,Rice,2250.0,0.0,0.0,0.0,0.0,0.0,6.0,0.0,4.0,2.0,0.0
MINNESOTA ,Richfield,36287.0,97.0,1.0,17.0,21.0,58.0,893.0,79.0,686.0,128.0,2.0
MINNESOTA ,Robbinsdale,13771.0,53.0,1.0,13.0,7.0,32.0,244.0,27.0,186.0,31.0,1.0
MINNESOTA ,Rochester,122694.0,189.0,5.0,32.0,32.0,120.0,1679.0,213.0,1354.0,112.0,5.0
MINNESOTA ,Rogers,13716.0,18.0,0.0,6.0,0.0,12.0,211.0,29.0,178.0,4.0,1.0
MINNESOTA ,Roseau,2677.0,9.0,0.0,0.0,0.0,9.0,13.0,3.0,9.0,1.0,0.0
MINNESOTA ,Rosemount,28220.0,16.0,0.0,4.0,1.0,11.0,141.0,25.0,107.0,9.0,1.0
MINNESOTA ,Roseville,35507.0,142.0,0.0,18.0,45.0,79.0,3017.0,209.0,2716.0,92.0,8.0
MINNESOTA ,Royalton,1279.0,3.0,0.0,0.0,0.0,3.0,34.0,1.0,31.0,2.0,0.0
MINNESOTA ,Rushford,1861.0,0.0,0.0,0.0,0.0,0.0,0.0,0.0,0.0,0.0,0.0
MINNESOTA ,Sartell,19845.0,13.0,0.0,4.0,1.0,8.0,247.0,11.0,235.0,1.0,0.0
MINNESOTA ,Sauk Centre,4626.0,3.0,0.0,0.0,0.0,3.0,52.0,1.0,51.0,0.0,0.0
MINNESOTA ,Sauk Rapids,13736.0,12.0,1.0,5.0,1.0,5.0,177.0,20.0,143.0,14.0,0.0
MINNESOTA ,Savage,33140.0,26.0,0.0,2.0,4.0,20.0,237.0,28.0,194.0,15.0,1.0
MINNESOTA ,Sebeka,740.0,0.0,0.0,0.0,0.0,0.0,0.0,0.0,0.0,0.0,0.0
MINNESOTA ,Shakopee,48239.0,56.0,0.0,23.0,4.0,29.0,559.0,40.0,489.0,30.0,0.0
MINNESOTA ,Sherburn,1047.0,1.0,0.0,0.0,0.0,1.0,4.0,1.0,3.0,0.0,0.0
MINNESOTA ,Silver Bay,1796.0,4.0,0.0,0.0,0.0,4.0,3.0,0.0,3.0,0.0,0.0
MINNESOTA ,Slayton,1965.0,0.0,0.0,0.0,0.0,0.0,16.0,2.0,11.0,3.0,0.0
MINNESOTA ,Sleepy Eye,3495.0,4.0,0.0,1.0,0.0,3.0,19.0,14.0,1.0,4.0,0.0
MINNESOTA ,South Lake Minnetonka,11961.0,4.0,0.0,2.0,0.0,2.0,40.0,6.0,33.0,1.0,0.0
MINNESOTA ,South St. Paul,20648.0,72.0,0.0,7.0,3.0,62.0,273.0,30.0,210.0,33.0,4.0
MINNESOTA ,Springfield,1980.0,1.0,0.0,1.0,0.0,0.0,7.0,0.0,7.0,0.0,0.0
MINNESOTA ,Spring Lake Park,7007.0,20.0,0.0,7.0,2.0,11.0,127.0,10.0,110.0,7.0,0.0
MINNESOTA ,St. Anthony,12658.0,15.0,0.0,1.0,5.0,9.0,325.0,44.0,237.0,44.0,0.0
MINNESOTA ,Staples,3042.0,5.0,0.0,0.0,0.0,5.0,47.0,6.0,36.0,5.0,0.0
MINNESOTA ,Starbuck,1420.0,0.0,0.0,0.0,0.0,0.0,0.0,0.0,0.0,0.0,0.0
MINNESOTA ,St. Charles,4042.0,2.0,0.0,0.0,0.0,2.0,40.0,3.0,36.0,1.0,0.0
MINNESOTA ,St. Cloud,71492.0,292.0,0.0,61.0,36.0,195.0,2084.0,178.0,1788.0,118.0,15.0
MINNESOTA ,St. Francis,8534.0,19.0,0.0,6.0,0.0,13.0,69.0,12.0,54.0,3.0,1.0
MINNESOTA ,Stillwater,19185.0,16.0,0.0,8.0,1.0,7.0,166.0,11.0,147.0,8.0,2.0
MINNESOTA ,St. James,4669.0,7.0,0.0,2.0,0.0,5.0,26.0,4.0,18.0,4.0,0.0
MINNESOTA ,St. Joseph,6699.0,8.0,0.0,4.0,0.0,4.0,30.0,3.0,22.0,5.0,1.0
MINNESOTA ,St. Louis Park,49592.0,89.0,0.0,14.0,8.0,67.0,1650.0,159.0,1371.0,120.0,1.0
MINNESOTA ,St. Paul,304051.0,1878.0,26.0,200.0,362.0,1290.0,8617.0,1424.0,5727.0,1466.0,166.0
MINNESOTA ,St. Paul Park,5315.0,16.0,0.0,5.0,1.0,10.0,45.0,3.0,33.0,9.0,0.0
MINNESOTA ,St. Peter,12362.0,9.0,1.0,3.0,0.0,5.0,69.0,7.0,61.0,1.0,0.0
MINNESOTA ,Thief River Falls,8816.0,8.0,0.0,5.0,0.0,3.0,123.0,12.0,111.0,0.0,1.0
MINNESOTA ,Two Harbors,3498.0,0.0,0.0,0.0,0.0,0.0,21.0,2.0,18.0,1.0,0.0
MINNESOTA ,Tyler,1093.0,0.0,0.0,0.0,0.0,0.0,0.0,0.0,0.0,0.0,0.0
MINNESOTA ,Verndale,509.0,0.0,0.0,0.0,0.0,0.0,1.0,0.0,1.0,0.0,0.0
MINNESOTA ,Virginia,8253.0,34.0,0.0,5.0,3.0,26.0,177.0,15.0,153.0,9.0,2.0
MINNESOTA ,Wabasha,2604.0,2.0,0.0,0.0,1.0,1.0,43.0,4.0,27.0,12.0,0.0
MINNESOTA ,Wadena,4327.0,4.0,0.0,2.0,0.0,2.0,65.0,3.0,60.0,2.0,0.0
MINNESOTA ,Waite Park,8413.0,11.0,0.0,2.0,1.0,8.0,345.0,11.0,328.0,6.0,2.0
MINNESOTA ,Walker,984.0,0.0,0.0,0.0,0.0,0.0,10.0,0.0,10.0,0.0,0.0
MINNESOTA ,Walnut Grove,732.0,0.0,0.0,0.0,0.0,0.0,0.0,0.0,0.0,0.0,0.0
MINNESOTA ,Waseca,9219.0,18.0,0.0,3.0,0.0,15.0,89.0,13.0,74.0,2.0,0.0
MINNESOTA ,Waterville,1754.0,2.0,0.0,0.0,0.0,2.0,1.0,0.0,1.0,0.0,0.0
MINNESOTA ,Wayzata,6232.0,7.0,0.0,0.0,1.0,6.0,71.0,13.0,55.0,3.0,0.0
MINNESOTA ,Wells,2396.0,6.0,0.0,0.0,0.0,6.0,1.0,0.0,0.0,1.0,0.0
MINNESOTA ,Westbrook,727.0,0.0,0.0,0.0,0.0,0.0,0.0,0.0,0.0,0.0,0.0
MINNESOTA ,West Concord,834.0,1.0,0.0,1.0,0.0,0.0,0.0,0.0,0.0,0.0,0.0
MINNESOTA ,West Hennepin,5225.0,5.0,0.0,2.0,0.0,3.0,19.0,1.0,18.0,0.0,0.0
MINNESOTA ,West St. Paul,22128.0,36.0,0.0,10.0,7.0,19.0,952.0,157.0,740.0,55.0,5.0
MINNESOTA ,White Bear Lake,23106.0,20.0,0.0,4.0,2.0,14.0,306.0,36.0,234.0,36.0,1.0
MINNESOTA ,Willmar,21437.0,94.0,0.0,28.0,1.0,65.0,277.0,24.0,236.0,17.0,1.0
MINNESOTA ,Windom,4793.0,12.0,0.0,3.0,0.0,9.0,32.0,7.0,23.0,2.0,0.0
MINNESOTA ,Winnebago,1381.0,0.0,0.0,0.0,0.0,0.0,9.0,0.0,9.0,0.0,0.0
MINNESOTA ,Winona,26045.0,49.0,0.0,15.0,1.0,33.0,598.0,54.0,519.0,25.0,0.0
MINNESOTA ,Winsted,2219.0,4.0,0.0,0.0,0.0,4.0,17.0,7.0,7.0,3.0,0.0
MINNESOTA ,Winthrop,1328.0,0.0,0.0,0.0,0.0,0.0,3.0,0.0,3.0,0.0,0.0
MINNESOTA ,Woodbury,80940.0,80.0,1.0,15.0,8.0,56.0,955.0,106.0,832.0,17.0,2.0
MINNESOTA ,Worthington,13523.0,38.0,0.0,7.0,0.0,31.0,125.0,16.0,101.0,8.0,3.0
MINNESOTA ,Wyoming,8143.0,5.0,0.0,0.0,0.0,5.0,46.0,3.0,40.0,3.0,1.0
MINNESOTA ,Zumbrota,4101.0,2.0,0.0,0.0,0.0,2.0,16.0,3.0,13.0,0.0,1.0
MISSISSIPPI,Ackerman,1558.0,1.0,0.0,1.0,0.0,0.0,17.0,9.0,8.0,0.0,0.0
MISSISSIPPI,Amory,6346.0,40.0,0.0,4.0,0.0,36.0,159.0,32.0,121.0,6.0,1.0
MISSISSIPPI,Batesville,7272.0,25.0,1.0,2.0,3.0,19.0,346.0,32.0,264.0,50.0,4.0
MISSISSIPPI,Bay Springs,1579.0,5.0,0.0,0.0,0.0,5.0,14.0,4.0,9.0,1.0,0.0
MISSISSIPPI,Bay St. Louis,10901.0,13.0,1.0,1.0,3.0,8.0,257.0,60.0,171.0,26.0,1.0
MISSISSIPPI,Booneville,9075.0,22.0,2.0,7.0,1.0,12.0,331.0,31.0,283.0,17.0,0.0
MISSISSIPPI,Brandon,25905.0,23.0,4.0,3.0,2.0,14.0,97.0,10.0,82.0,5.0,0.0
MISSISSIPPI,Bruce,1579.0,6.0,0.0,1.0,0.0,5.0,4.0,1.0,3.0,0.0,0.0
MISSISSIPPI,Byram,12526.0,12.0,1.0,6.0,2.0,3.0,120.0,16.0,74.0,30.0,0.0
MISSISSIPPI,Cleveland,10165.0,39.0,2.0,2.0,4.0,31.0,289.0,19.0,243.0,27.0,1.0
MISSISSIPPI,Clinton,26285.0,18.0,0.0,7.0,3.0,8.0,317.0,14.0,261.0,42.0,4.0
MISSISSIPPI,Corinth,14142.0,50.0,0.0,10.0,9.0,31.0,444.0,98.0,318.0,28.0,4.0
MISSISSIPPI,Ellisville,4513.0,3.0,0.0,1.0,1.0,1.0,64.0,23.0,31.0,10.0,0.0
MISSISSIPPI,Forest,5232.0,37.0,0.0,2.0,13.0,22.0,46.0,14.0,26.0,6.0,0.0
MISSISSIPPI,Fulton,4537.0,7.0,0.0,1.0,0.0,6.0,74.0,3.0,70.0,1.0,0.0
MISSISSIPPI,Gautier,19023.0,47.0,0.0,5.0,7.0,35.0,366.0,44.0,271.0,51.0,0.0
MISSISSIPPI,Guntown,2433.0,2.0,0.0,0.0,0.0,2.0,27.0,12.0,12.0,3.0,0.0
MISSISSIPPI,Hattiesburg,48307.0,107.0,6.0,19.0,16.0,66.0,1674.0,179.0,1388.0,107.0,5.0
MISSISSIPPI,Heidelberg,609.0,1.0,0.0,0.0,0.0,1.0,10.0,2.0,8.0,0.0,1.0
MISSISSIPPI,Hernando,18579.0,17.0,2.0,7.0,2.0,6.0,88.0,11.0,73.0,4.0,1.0
MISSISSIPPI,Horn Lake,26378.0,29.0,1.0,0.0,5.0,23.0,369.0,46.0,287.0,36.0,1.0
MISSISSIPPI,Iuka,3056.0,5.0,0.0,1.0,0.0,4.0,33.0,7.0,24.0,2.0,0.0
MISSISSIPPI,Kosciusko,6765.0,12.0,1.0,1.0,2.0,8.0,110.0,28.0,78.0,4.0,0.0
MISSISSIPPI,Laurel,16922.0,178.0,4.0,17.0,16.0,141.0,641.0,121.0,457.0,63.0,13.0
MISSISSIPPI,Long Beach,17053.0,14.0,0.0,2.0,1.0,11.0,169.0,19.0,140.0,10.0,0.0
MISSISSIPPI,Lucedale,3119.0,14.0,0.0,0.0,0.0,14.0,111.0,15.0,95.0,1.0,3.0
MISSISSIPPI,Madison,28064.0,16.0,2.0,1.0,0.0,13.0,109.0,4.0,104.0,1.0,0.0
MISSISSIPPI,Magee,3913.0,22.0,1.0,6.0,1.0,14.0,90.0,36.0,47.0,7.0,0.0
MISSISSIPPI,Mathiston,862.0,0.0,0.0,0.0,0.0,0.0,5.0,2.0,3.0,0.0,0.0
MISSISSIPPI,Mendenhall,2127.0,4.0,0.0,1.0,0.0,3.0,21.0,7.0,12.0,2.0,0.0
MISSISSIPPI,New Albany,7733.0,6.0,0.0,0.0,1.0,5.0,88.0,23.0,64.0,1.0,0.0
MISSISSIPPI,Olive Branch,47178.0,94.0,0.0,7.0,16.0,71.0,641.0,36.0,479.0,126.0,0.0
MISSISSIPPI,Oxford,27529.0,35.0,1.0,10.0,2.0,22.0,510.0,37.0,458.0,15.0,1.0
MISSISSIPPI,Pascagoula,21455.0,70.0,1.0,18.0,12.0,39.0,1045.0,110.0,824.0,111.0,3.0
MISSISSIPPI,Pass Christian,6435.0,0.0,0.0,0.0,0.0,0.0,52.0,1.0,49.0,2.0,0.0
MISSISSIPPI,Petal,11505.0,15.0,1.0,6.0,0.0,8.0,45.0,17.0,24.0,4.0,0.0
MISSISSIPPI,Philadelphia,6867.0,36.0,0.0,5.0,1.0,30.0,171.0,27.0,133.0,11.0,0.0
MISSISSIPPI,Picayune,11860.0,22.0,2.0,4.0,1.0,15.0,320.0,33.0,254.0,33.0,1.0
MISSISSIPPI,Pontotoc,5966.0,15.0,0.0,4.0,0.0,11.0,112.0,14.0,93.0,5.0,2.0
MISSISSIPPI,Poplarville,2816.0,7.0,0.0,1.0,1.0,5.0,36.0,8.0,22.0,6.0,0.0
MISSISSIPPI,Puckett,348.0,0.0,0.0,0.0,0.0,0.0,0.0,0.0,0.0,0.0,0.0
MISSISSIPPI,Purvis,1958.0,1.0,0.0,0.0,1.0,0.0,19.0,2.0,16.0,1.0,0.0
MISSISSIPPI,Quitman,1947.0,0.0,0.0,0.0,0.0,0.0,28.0,2.0,26.0,0.0,0.0
MISSISSIPPI,Raymond,1864.0,1.0,0.0,0.0,0.0,1.0,12.0,5.0,7.0,0.0,0.0
MISSISSIPPI,Richland,7486.0,4.0,0.0,1.0,0.0,3.0,77.0,23.0,43.0,11.0,1.0
MISSISSIPPI,Ridgeland,24407.0,78.0,4.0,9.0,11.0,54.0,337.0,40.0,260.0,37.0,0.0
MISSISSIPPI,Seminary,291.0,0.0,0.0,0.0,0.0,0.0,1.0,1.0,0.0,0.0,0.0
MISSISSIPPI,Senatobia,8263.0,19.0,0.0,1.0,0.0,18.0,133.0,7.0,119.0,7.0,0.0
MISSISSIPPI,Smithville,513.0,0.0,0.0,0.0,0.0,0.0,8.0,0.0,7.0,1.0,0.0
MISSISSIPPI,Southaven,57537.0,175.0,1.0,12.0,18.0,144.0,1165.0,98.0,928.0,139.0,2.0
MISSISSIPPI,Starkville,25344.0,21.0,3.0,0.0,1.0,17.0,516.0,199.0,295.0,22.0,2.0
MISSISSIPPI,Tunica,861.0,1.0,1.0,0.0,0.0,0.0,5.0,1.0,3.0,1.0,0.0
MISSISSIPPI,Tupelo,37593.0,147.0,4.0,27.0,27.0,89.0,1420.0,426.0,894.0,100.0,6.0
MISSISSIPPI,Union,1992.0,5.0,0.0,0.0,0.0,5.0,11.0,0.0,11.0,0.0,0.0
MISSISSIPPI,Vardaman,1041.0,3.0,0.0,0.0,0.0,3.0,2.0,1.0,1.0,0.0,1.0
MISSISSIPPI,Vicksburg,19785.0,122.0,4.0,4.0,15.0,99.0,754.0,95.0,580.0,79.0,6.0
MISSISSIPPI,Walnut,675.0,3.0,0.0,0.0,0.0,3.0,6.0,2.0,4.0,0.0,0.0
MISSISSIPPI,Water Valley,3384.0,18.0,1.0,1.0,0.0,16.0,98.0,6.0,84.0,8.0,0.0
MISSISSIPPI,Waveland,6923.0,5.0,0.0,0.0,0.0,5.0,183.0,9.0,166.0,8.0,0.0
MISSISSIPPI,Waynesboro,4521.0,42.0,5.0,5.0,2.0,30.0,74.0,12.0,55.0,7.0,2.0
MISSISSIPPI,Wesson,1785.0,4.0,0.0,1.0,0.0,3.0,19.0,5.0,12.0,2.0,0.0
MISSISSIPPI,West Point,9665.0,49.0,2.0,2.0,1.0,44.0,201.0,28.0,139.0,34.0,0.0
MISSISSIPPI,Wiggins,4257.0,13.0,1.0,4.0,0.0,8.0,133.0,15.0,114.0,4.0,1.0
MISSOURI,Adrian,1763.0,3.0,1.0,0.0,1.0,1.0,15.0,4.0,10.0,1.0,0.0
MISSOURI,Advance,1331.0,2.0,0.0,1.0,0.0,1.0,11.0,3.0,8.0,0.0,0.0
MISSOURI,Alma,391.0,0.0,0.0,0.0,0.0,0.0,0.0,0.0,0.0,0.0,0.0
MISSOURI,Arcadia,605.0,0.0,0.0,0.0,0.0,0.0,0.0,0.0,0.0,0.0,0.0
MISSOURI,Archie,1259.0,2.0,0.0,0.0,0.0,2.0,4.0,0.0,3.0,1.0,0.0
MISSOURI,Ash Grove,1501.0,7.0,0.0,1.0,0.0,6.0,14.0,4.0,9.0,1.0,0.0
MISSOURI,Ashland,5076.0,10.0,0.0,1.0,0.0,9.0,21.0,4.0,15.0,2.0,0.0
MISSOURI,Auxvasse,1017.0,2.0,0.0,0.0,0.0,2.0,14.0,2.0,11.0,1.0,0.0
MISSOURI,Ava,3247.0,1.0,0.0,0.0,0.0,1.0,8.0,0.0,6.0,2.0,0.0
MISSOURI,Ballwin,30171.0,17.0,1.0,2.0,2.0,12.0,146.0,13.0,125.0,8.0,0.0
MISSOURI,Bates City,229.0,1.0,0.0,0.0,1.0,0.0,6.0,1.0,5.0,0.0,0.0
MISSOURI,Battlefield,6285.0,10.0,0.0,1.0,0.0,9.0,30.0,6.0,23.0,1.0,0.0
MISSOURI,Bellefontaine Neighbors,10263.0,97.0,2.0,1.0,6.0,88.0,282.0,18.0,185.0,79.0,2.0
MISSOURI,Belton,26058.0,87.0,0.0,20.0,12.0,55.0,488.0,23.0,415.0,50.0,0.0
MISSOURI,Berkeley,7970.0,202.0,8.0,9.0,20.0,165.0,516.0,78.0,254.0,184.0,2.0
MISSOURI,Bernie,1827.0,1.0,0.0,0.0,0.0,1.0,10.0,0.0,9.0,1.0,0.0
MISSOURI,Bethany,2928.0,6.0,0.0,2.0,0.0,4.0,15.0,3.0,11.0,1.0,0.0
MISSOURI,Billings,1207.0,0.0,0.0,0.0,0.0,0.0,6.0,0.0,5.0,1.0,0.0
MISSOURI,Blue Springs,61096.0,144.0,3.0,30.0,13.0,98.0,1496.0,105.0,1198.0,193.0,1.0
MISSOURI,Bolivar,11523.0,20.0,0.0,11.0,1.0,8.0,118.0,13.0,97.0,8.0,0.0
MISSOURI,Bonne Terre,6413.0,15.0,0.0,5.0,0.0,10.0,50.0,5.0,35.0,10.0,0.0
MISSOURI,Boonville,7848.0,22.0,0.0,2.0,0.0,20.0,149.0,22.0,116.0,11.0,0.0
MISSOURI,Bourbon,1518.0,1.0,0.0,1.0,0.0,0.0,12.0,1.0,11.0,0.0,0.0
MISSOURI,Bowling Green,4460.0,2.0,0.0,0.0,0.0,2.0,30.0,5.0,23.0,2.0,0.0
MISSOURI,Branson,12982.0,62.0,0.0,11.0,6.0,45.0,781.0,28.0,709.0,44.0,1.0
MISSOURI,Branson West,501.0,3.0,0.0,2.0,0.0,1.0,73.0,0.0,72.0,1.0,0.0
MISSOURI,Brentwood,8021.0,12.0,0.0,0.0,4.0,8.0,312.0,16.0,279.0,17.0,0.0
MISSOURI,Bridgeton,11206.0,73.0,1.0,2.0,5.0,65.0,645.0,24.0,527.0,94.0,1.0
MISSOURI,Brookfield,4063.0,5.0,0.0,2.0,0.0,3.0,27.0,4.0,21.0,2.0,0.0
MISSOURI,Buckner,2855.0,10.0,0.0,2.0,0.0,8.0,34.0,3.0,20.0,11.0,0.0
MISSOURI,Butler,4268.0,58.0,0.0,3.0,0.0,55.0,122.0,19.0,95.0,8.0,3.0
MISSOURI,Byrnes Mill,3188.0,16.0,0.0,1.0,0.0,15.0,13.0,4.0,7.0,2.0,0.0
MISSOURI,Cabool,2052.0,5.0,0.0,1.0,0.0,4.0,0.0,0.0,0.0,0.0,0.0
MISSOURI,Camdenton,4088.0,9.0,0.0,4.0,0.0,5.0,110.0,12.0,96.0,2.0,0.0
MISSOURI,Cameron,6827.0,28.0,0.0,10.0,1.0,17.0,107.0,17.0,86.0,4.0,0.0
MISSOURI,Campbell,1501.0,1.0,0.0,1.0,0.0,0.0,11.0,3.0,5.0,3.0,1.0
MISSOURI,Canton,2724.0,0.0,0.0,0.0,0.0,0.0,12.0,4.0,8.0,0.0,0.0
MISSOURI,Cape Girardeau,40753.0,254.0,3.0,21.0,13.0,217.0,1001.0,121.0,787.0,93.0,6.0
MISSOURI,Carl Junction,8446.0,23.0,0.0,6.0,0.0,17.0,54.0,6.0,41.0,7.0,0.0
MISSOURI,Carrollton,3471.0,8.0,0.0,4.0,0.0,4.0,24.0,1.0,18.0,5.0,1.0
MISSOURI,Carterville,1852.0,4.0,0.0,0.0,0.0,4.0,28.0,7.0,18.0,3.0,0.0
MISSOURI,Carthage,15549.0,27.0,0.0,4.0,0.0,23.0,200.0,24.0,160.0,16.0,1.0
MISSOURI,Caruthersville,5129.0,63.0,1.0,0.0,9.0,53.0,188.0,39.0,138.0,11.0,3.0
MISSOURI,Center,539.0,0.0,0.0,0.0,0.0,0.0,0.0,0.0,0.0,0.0,0.0
MISSOURI,Centralia,4785.0,2.0,0.0,0.0,0.0,2.0,50.0,3.0,42.0,5.0,0.0
MISSOURI,Charleston,4447.0,36.0,1.0,1.0,0.0,34.0,69.0,8.0,48.0,13.0,0.0
MISSOURI,Chesterfield,48907.0,47.0,1.0,5.0,5.0,36.0,629.0,53.0,533.0,43.0,0.0
MISSOURI,Chillicothe,9215.0,32.0,0.0,7.0,1.0,24.0,69.0,13.0,43.0,13.0,1.0
MISSOURI,Claycomo,1357.0,6.0,0.0,2.0,1.0,3.0,53.0,2.0,26.0,25.0,2.0
MISSOURI,Clayton,17501.0,18.0,0.0,2.0,4.0,12.0,139.0,18.0,95.0,26.0,0.0
MISSOURI,Clinton,9486.0,70.0,0.0,7.0,1.0,62.0,197.0,26.0,157.0,14.0,0.0
MISSOURI,Cole Camp,1189.0,0.0,0.0,0.0,0.0,0.0,2.0,0.0,2.0,0.0,0.0
MISSOURI,Columbia,130354.0,453.0,13.0,50.0,52.0,338.0,3021.0,434.0,2093.0,494.0,30.0
MISSOURI,Concordia,2336.0,0.0,0.0,0.0,0.0,0.0,8.0,2.0,6.0,0.0,0.0
MISSOURI,Corder,425.0,0.0,0.0,0.0,0.0,0.0,0.0,0.0,0.0,0.0,0.0
MISSOURI,Cottleville,6164.0,1.0,0.0,0.0,0.0,1.0,3.0,1.0,2.0,0.0,0.0
MISSOURI,Country Club Hills,987.0,16.0,0.0,1.0,1.0,14.0,29.0,5.0,13.0,11.0,0.0
MISSOURI,Crestwood,12103.0,12.0,0.0,1.0,1.0,10.0,180.0,11.0,156.0,13.0,0.0
MISSOURI,Creve Coeur,18340.0,30.0,0.0,3.0,4.0,23.0,315.0,21.0,252.0,42.0,0.0
MISSOURI,Crocker,912.0,2.0,0.0,0.0,0.0,2.0,0.0,0.0,0.0,0.0,0.0
MISSOURI,Desloge,4883.0,6.0,0.0,2.0,0.0,4.0,155.0,6.0,142.0,7.0,1.0
MISSOURI,De Soto,6509.0,35.0,0.0,3.0,4.0,28.0,221.0,11.0,194.0,16.0,1.0
MISSOURI,Des Peres,9070.0,6.0,0.0,0.0,1.0,5.0,385.0,8.0,369.0,8.0,0.0
MISSOURI,Dexter,7856.0,23.0,0.0,3.0,0.0,20.0,221.0,11.0,208.0,2.0,0.0
MISSOURI,Doniphan,1808.0,4.0,0.0,1.0,0.0,3.0,47.0,10.0,36.0,1.0,1.0
MISSOURI,East Lynne,290.0,0.0,0.0,0.0,0.0,0.0,0.0,0.0,0.0,0.0,0.0
MISSOURI,East Prairie,2848.0,5.0,0.0,0.0,0.0,5.0,20.0,0.0,15.0,5.0,0.0
MISSOURI,Edmundson,837.0,4.0,0.0,0.0,1.0,3.0,105.0,1.0,44.0,60.0,0.0
MISSOURI,Eldon,4663.0,14.0,0.0,0.0,0.0,14.0,19.0,3.0,13.0,3.0,1.0
MISSOURI,El Dorado Springs,3626.0,13.0,0.0,3.0,1.0,9.0,51.0,8.0,36.0,7.0,1.0
MISSOURI,Ellisville,9742.0,14.0,0.0,0.0,1.0,13.0,71.0,7.0,59.0,5.0,0.0
MISSOURI,Emma,203.0,0.0,0.0,0.0,0.0,0.0,0.0,0.0,0.0,0.0,0.0
MISSOURI,Eureka,13566.0,18.0,0.0,1.0,2.0,15.0,117.0,7.0,106.0,4.0,2.0
MISSOURI,Excelsior Springs,10621.0,35.0,0.0,8.0,3.0,24.0,254.0,20.0,189.0,45.0,0.0
MISSOURI,Farmington,18574.0,60.0,0.0,11.0,1.0,48.0,511.0,21.0,464.0,26.0,2.0
MISSOURI,Ferguson,17835.0,127.0,6.0,5.0,22.0,94.0,624.0,99.0,364.0,161.0,2.0
MISSOURI,Festus,13693.0,25.0,0.0,3.0,0.0,22.0,141.0,9.0,115.0,17.0,0.0
MISSOURI,Florissant,50695.0,173.0,2.0,29.0,24.0,118.0,929.0,75.0,548.0,306.0,4.0
MISSOURI,Foristell,639.0,0.0,0.0,0.0,0.0,0.0,26.0,0.0,23.0,3.0,0.0
MISSOURI,Forsyth,2799.0,7.0,0.0,0.0,0.0,7.0,40.0,0.0,37.0,3.0,0.0
MISSOURI,Fredericktown,4547.0,9.0,0.0,2.0,1.0,6.0,118.0,12.0,98.0,8.0,0.0
MISSOURI,Frontenac,4068.0,2.0,0.0,0.0,0.0,2.0,79.0,10.0,60.0,9.0,0.0
MISSOURI,Fulton,12431.0,26.0,0.0,2.0,2.0,22.0,135.0,15.0,106.0,14.0,3.0
MISSOURI,Galena,483.0,1.0,0.0,0.0,0.0,1.0,6.0,2.0,4.0,0.0,0.0
MISSOURI,Garden City,1562.0,1.0,0.0,0.0,0.0,1.0,7.0,2.0,4.0,1.0,0.0
MISSOURI,Gladstone,27404.0,103.0,0.0,19.0,11.0,73.0,465.0,44.0,316.0,105.0,0.0
MISSOURI,Glendale,6011.0,1.0,0.0,1.0,0.0,0.0,22.0,0.0,19.0,3.0,0.0
MISSOURI,Goodman,1311.0,0.0,0.0,0.0,0.0,0.0,0.0,0.0,0.0,0.0,0.0
MISSOURI,Grain Valley,16930.0,30.0,0.0,10.0,1.0,19.0,208.0,19.0,129.0,60.0,1.0
MISSOURI,Grandview,25200.0,170.0,2.0,28.0,21.0,119.0,953.0,158.0,553.0,242.0,1.0
MISSOURI,Greenwood,6156.0,5.0,0.0,3.0,0.0,2.0,24.0,4.0,20.0,0.0,0.0
MISSOURI,Hannibal,16762.0,60.0,0.0,5.0,1.0,54.0,403.0,28.0,354.0,21.0,4.0
MISSOURI,Hardin,556.0,0.0,0.0,0.0,0.0,0.0,1.0,0.0,1.0,0.0,0.0
MISSOURI,Harrisonville,9762.0,54.0,1.0,13.0,1.0,39.0,172.0,12.0,149.0,11.0,1.0
MISSOURI,Hawk Point,752.0,0.0,0.0,0.0,0.0,0.0,0.0,0.0,0.0,0.0,0.0
MISSOURI,Hazelwood,24678.0,121.0,3.0,14.0,17.0,87.0,622.0,64.0,389.0,169.0,7.0
MISSOURI,Herculaneum,5436.0,11.0,0.0,0.0,0.0,11.0,67.0,2.0,50.0,15.0,0.0
MISSOURI,Hermann,2187.0,5.0,0.0,0.0,0.0,5.0,14.0,2.0,11.0,1.0,0.0
MISSOURI,Hillsboro,3506.0,7.0,0.0,1.0,0.0,6.0,39.0,4.0,32.0,3.0,0.0
MISSOURI,Hillsdale,1171.0,7.0,0.0,0.0,0.0,7.0,19.0,3.0,8.0,8.0,0.0
MISSOURI,Holden,2294.0,5.0,0.0,0.0,0.0,5.0,17.0,8.0,9.0,0.0,4.0
MISSOURI,Hollister,4693.0,11.0,0.0,1.0,0.0,10.0,56.0,2.0,50.0,4.0,0.0
MISSOURI,Holts Summit,5493.0,6.0,0.0,2.0,0.0,4.0,1.0,1.0,0.0,0.0,0.0
MISSOURI,Houston,2221.0,13.0,0.0,5.0,0.0,8.0,102.0,8.0,91.0,3.0,0.0
MISSOURI,Iberia,728.0,0.0,0.0,0.0,0.0,0.0,0.0,0.0,0.0,0.0,0.0
MISSOURI,Independence,120271.0,687.0,11.0,108.0,91.0,477.0,4238.0,490.0,2768.0,980.0,18.0
MISSOURI,Indian Point,598.0,1.0,0.0,0.0,0.0,1.0,5.0,1.0,4.0,0.0,0.0
MISSOURI,Ironton,1441.0,0.0,0.0,0.0,0.0,0.0,8.0,1.0,5.0,2.0,0.0
MISSOURI,Jackson,15842.0,13.0,0.0,5.0,2.0,6.0,164.0,19.0,128.0,17.0,1.0
MISSOURI,Jefferson City,42561.0,142.0,0.0,40.0,13.0,89.0,868.0,60.0,761.0,47.0,9.0
MISSOURI,Jonesburg,788.0,9.0,0.0,0.0,0.0,9.0,1.0,1.0,0.0,0.0,0.0
MISSOURI,Joplin,53533.0,300.0,0.0,48.0,28.0,224.0,2206.0,223.0,1766.0,217.0,27.0
MISSOURI,Kansas City,511535.0,7914.0,141.0,382.0,1299.0,6092.0,23920.0,2508.0,12555.0,8857.0,89.0
MISSOURI,Kearney,11267.0,24.0,0.0,8.0,0.0,16.0,69.0,4.0,57.0,8.0,0.0
MISSOURI,Kennett,9996.0,57.0,1.0,11.0,11.0,34.0,398.0,61.0,320.0,17.0,10.0
MISSOURI,Kimberling City,2410.0,1.0,0.0,0.0,0.0,1.0,2.0,1.0,1.0,0.0,0.0
MISSOURI,Kimmswick,135.0,0.0,0.0,0.0,0.0,0.0,2.0,1.0,1.0,0.0,0.0
MISSOURI,Kirksville,17472.0,73.0,1.0,10.0,3.0,59.0,338.0,45.0,274.0,19.0,5.0
MISSOURI,Kirkwood,29082.0,62.0,0.0,6.0,4.0,52.0,406.0,24.0,348.0,34.0,3.0
MISSOURI,Knob Noster,2928.0,0.0,0.0,0.0,0.0,0.0,4.0,1.0,2.0,1.0,0.0
MISSOURI,Ladue,8847.0,4.0,0.0,0.0,0.0,4.0,75.0,10.0,53.0,12.0,0.0
MISSOURI,Lake Lotawana,2586.0,0.0,0.0,0.0,0.0,0.0,23.0,1.0,12.0,10.0,0.0
MISSOURI,Lake Ozark,2241.0,4.0,0.0,0.0,0.0,4.0,10.0,0.0,10.0,0.0,0.0
MISSOURI,Lakeshire,1501.0,2.0,0.0,0.0,0.0,2.0,8.0,1.0,6.0,1.0,0.0
MISSOURI,Lake St. Louis,19334.0,11.0,0.0,1.0,1.0,9.0,117.0,8.0,103.0,6.0,0.0
MISSOURI,Lake Tapawingo,771.0,0.0,0.0,0.0,0.0,0.0,4.0,0.0,1.0,3.0,0.0
MISSOURI,Lake Winnebago,1809.0,0.0,0.0,0.0,0.0,0.0,4.0,2.0,2.0,0.0,0.0
MISSOURI,Lamar,4314.0,4.0,0.0,1.0,0.0,3.0,156.0,39.0,110.0,7.0,0.0
MISSOURI,La Plata,1236.0,1.0,0.0,0.0,0.0,1.0,2.0,1.0,1.0,0.0,0.0
MISSOURI,Laurie,1085.0,2.0,0.0,1.0,0.0,1.0,13.0,0.0,13.0,0.0,0.0
MISSOURI,Lawson,2521.0,2.0,0.0,0.0,0.0,2.0,12.0,2.0,9.0,1.0,0.0
MISSOURI,Lebanon,15567.0,65.0,0.0,16.0,4.0,45.0,320.0,17.0,271.0,32.0,2.0
MISSOURI,Lee's Summit,105053.0,157.0,1.0,31.0,10.0,115.0,2410.0,135.0,1966.0,309.0,3.0
MISSOURI,Lexington,4561.0,10.0,0.0,3.0,1.0,6.0,51.0,5.0,40.0,6.0,0.0
MISSOURI,Liberal,639.0,3.0,0.0,0.0,0.0,3.0,5.0,0.0,5.0,0.0,0.0
MISSOURI,Liberty,30986.0,63.0,0.0,12.0,4.0,47.0,487.0,24.0,409.0,54.0,3.0
MISSOURI,Lincoln,1220.0,2.0,0.0,0.0,0.0,2.0,16.0,3.0,9.0,4.0,0.0
MISSOURI,Linn,1438.0,2.0,0.0,1.0,0.0,1.0,5.0,0.0,4.0,1.0,0.0
MISSOURI,Lone Jack,1821.0,3.0,0.0,0.0,0.0,3.0,17.0,2.0,15.0,0.0,0.0
MISSOURI,Louisiana,3262.0,5.0,0.0,1.0,0.0,4.0,29.0,5.0,22.0,2.0,0.0
MISSOURI,Macon,5509.0,13.0,0.0,3.0,0.0,10.0,85.0,32.0,49.0,4.0,0.0
MISSOURI,Malden,3468.0,20.0,0.0,1.0,2.0,17.0,59.0,10.0,48.0,1.0,1.0
MISSOURI,Manchester,17912.0,8.0,1.0,3.0,1.0,3.0,233.0,4.0,223.0,6.0,0.0
MISSOURI,Mansfield,1315.0,3.0,0.0,0.0,1.0,2.0,9.0,0.0,8.0,1.0,0.0
MISSOURI,Maplewood,7971.0,52.0,0.0,4.0,4.0,44.0,542.0,36.0,467.0,39.0,0.0
MISSOURI,Marble Hill,1373.0,2.0,0.0,0.0,0.0,2.0,14.0,5.0,9.0,0.0,0.0
MISSOURI,Marceline,2105.0,2.0,0.0,0.0,0.0,2.0,15.0,4.0,11.0,0.0,0.0
MISSOURI,Marionville,2095.0,1.0,0.0,0.0,0.0,1.0,15.0,2.0,10.0,3.0,0.0
MISSOURI,Marshall,13591.0,19.0,0.0,6.0,2.0,11.0,138.0,14.0,114.0,10.0,1.0
MISSOURI,Marshfield,7967.0,11.0,0.0,4.0,0.0,7.0,199.0,21.0,164.0,14.0,0.0
MISSOURI,Maryland Heights,27351.0,46.0,1.0,11.0,4.0,30.0,364.0,33.0,249.0,82.0,0.0
MISSOURI,Maryville,10208.0,18.0,1.0,4.0,0.0,13.0,177.0,21.0,139.0,17.0,2.0
MISSOURI,Matthews,498.0,4.0,0.0,0.0,0.0,4.0,28.0,2.0,25.0,1.0,0.0
MISSOURI,Milan,1740.0,2.0,0.0,1.0,0.0,1.0,11.0,1.0,9.0,1.0,1.0
MISSOURI,Moberly,13206.0,42.0,0.0,6.0,1.0,35.0,135.0,28.0,98.0,9.0,2.0
MISSOURI,Moline Acres,2077.0,24.0,2.0,1.0,0.0,21.0,52.0,11.0,28.0,13.0,0.0
MISSOURI,Monett,10133.0,13.0,0.0,2.0,0.0,11.0,142.0,26.0,106.0,10.0,1.0
MISSOURI,Moscow Mills,4236.0,7.0,0.0,2.0,0.0,5.0,16.0,3.0,12.0,1.0,0.0
MISSOURI,Mound City,1017.0,1.0,0.0,0.0,1.0,0.0,21.0,1.0,18.0,2.0,1.0
MISSOURI,Mountain Grove,4759.0,13.0,0.0,5.0,0.0,8.0,73.0,11.0,52.0,10.0,0.0
MISSOURI,Mount Vernon,4592.0,1.0,0.0,0.0,0.0,1.0,83.0,7.0,68.0,8.0,0.0
MISSOURI,Napoleon,208.0,0.0,0.0,0.0,0.0,0.0,0.0,0.0,0.0,0.0,0.0
MISSOURI,Neosho,13581.0,37.0,0.0,10.0,0.0,27.0,291.0,26.0,239.0,26.0,3.0
MISSOURI,Nevada,8277.0,45.0,0.0,10.0,4.0,31.0,395.0,41.0,312.0,42.0,3.0
MISSOURI,New Madrid,2576.0,12.0,0.0,0.0,2.0,10.0,45.0,3.0,39.0,3.0,1.0
MISSOURI,Nixa,26094.0,12.0,0.0,5.0,0.0,7.0,158.0,3.0,150.0,5.0,0.0
MISSOURI,Noel,2195.0,4.0,1.0,0.0,0.0,3.0,18.0,4.0,8.0,6.0,0.0
MISSOURI,Normandy,8593.0,67.0,2.0,3.0,4.0,58.0,223.0,25.0,135.0,63.0,4.0
MISSOURI,North Kansas City,5920.0,42.0,0.0,3.0,7.0,32.0,445.0,10.0,320.0,115.0,5.0
MISSOURI,Oak Grove,9157.0,6.0,0.0,2.0,1.0,3.0,124.0,2.0,105.0,17.0,0.0
MISSOURI,Oakview Village,361.0,0.0,0.0,0.0,0.0,0.0,0.0,0.0,0.0,0.0,0.0
MISSOURI,Odessa,5648.0,3.0,0.0,1.0,1.0,1.0,15.0,2.0,11.0,2.0,0.0
MISSOURI,O'Fallon,94911.0,56.0,0.0,17.0,1.0,38.0,455.0,29.0,392.0,34.0,5.0
MISSOURI,Olivette,8961.0,4.0,0.0,0.0,0.0,4.0,79.0,5.0,60.0,14.0,0.0
MISSOURI,Oregon,837.0,0.0,0.0,0.0,0.0,0.0,0.0,0.0,0.0,0.0,0.0
MISSOURI,Oronogo,3014.0,0.0,0.0,0.0,0.0,0.0,6.0,1.0,5.0,0.0,0.0
MISSOURI,Osage Beach,4911.0,13.0,1.0,3.0,0.0,9.0,128.0,4.0,117.0,7.0,0.0
MISSOURI,Overland,15358.0,81.0,3.0,1.0,12.0,65.0,335.0,20.0,239.0,76.0,1.0
MISSOURI,Owensville,2792.0,8.0,0.0,0.0,0.0,8.0,22.0,0.0,22.0,0.0,0.0
MISSOURI,Ozark,23432.0,19.0,0.0,9.0,0.0,10.0,160.0,9.0,136.0,15.0,0.0
MISSOURI,Pacific,7647.0,14.0,1.0,1.0,0.0,12.0,86.0,10.0,67.0,9.0,1.0
MISSOURI,Pagedale,2491.0,45.0,3.0,2.0,7.0,33.0,90.0,14.0,54.0,22.0,3.0
MISSOURI,Palmyra,3594.0,0.0,0.0,0.0,0.0,0.0,41.0,9.0,29.0,3.0,1.0
MISSOURI,Park Hills,8812.0,13.0,0.0,5.0,0.0,8.0,182.0,8.0,154.0,20.0,0.0
MISSOURI,Parkville,9377.0,11.0,0.0,2.0,1.0,8.0,69.0,17.0,41.0,11.0,1.0
MISSOURI,Peculiar,6253.0,9.0,0.0,4.0,0.0,5.0,61.0,3.0,52.0,6.0,0.0
MISSOURI,Perry,689.0,0.0,0.0,0.0,0.0,0.0,4.0,0.0,4.0,0.0,0.0
MISSOURI,Perryville,8489.0,25.0,0.0,4.0,0.0,21.0,76.0,6.0,61.0,9.0,0.0
MISSOURI,Pevely,6069.0,14.0,0.0,1.0,3.0,10.0,67.0,8.0,53.0,6.0,0.0
MISSOURI,Piedmont,1852.0,16.0,0.0,4.0,0.0,12.0,23.0,5.0,18.0,0.0,0.0
MISSOURI,Pineville,837.0,3.0,0.0,2.0,0.0,1.0,36.0,4.0,27.0,5.0,0.0
MISSOURI,Platte City,4846.0,7.0,0.0,1.0,2.0,4.0,50.0,4.0,42.0,4.0,0.0
MISSOURI,Platte Woods,393.0,0.0,0.0,0.0,0.0,0.0,0.0,0.0,0.0,0.0,0.0
MISSOURI,Pleasant Hill,8641.0,9.0,0.0,3.0,0.0,6.0,62.0,9.0,50.0,3.0,0.0
MISSOURI,Pleasant Valley,2718.0,2.0,0.0,2.0,0.0,0.0,26.0,2.0,14.0,10.0,0.0
MISSOURI,Poplar Bluff,16108.0,6.0,2.0,2.0,0.0,2.0,34.0,5.0,24.0,5.0,0.0
MISSOURI,Portageville,2713.0,8.0,0.0,0.0,0.0,8.0,24.0,5.0,18.0,1.0,1.0
MISSOURI,Potosi,2539.0,10.0,0.0,2.0,0.0,8.0,139.0,12.0,120.0,7.0,1.0
MISSOURI,Prairie Home,263.0,0.0,0.0,0.0,0.0,0.0,0.0,0.0,0.0,0.0,0.0
MISSOURI,Raymore,26124.0,39.0,0.0,9.0,1.0,29.0,290.0,18.0,247.0,25.0,1.0
MISSOURI,Raytown,28817.0,249.0,3.0,20.0,45.0,181.0,1077.0,159.0,612.0,306.0,6.0
MISSOURI,Reeds Spring,1278.0,0.0,0.0,0.0,0.0,0.0,0.0,0.0,0.0,0.0,0.0
MISSOURI,Republic,20578.0,26.0,0.0,3.0,0.0,23.0,218.0,20.0,182.0,16.0,1.0
MISSOURI,Richland,1737.0,7.0,0.0,2.0,0.0,5.0,29.0,8.0,15.0,6.0,0.0
MISSOURI,Richmond,5942.0,19.0,0.0,4.0,0.0,15.0,105.0,16.0,85.0,4.0,0.0
MISSOURI,Richmond Heights,8987.0,36.0,0.0,1.0,9.0,26.0,663.0,17.0,590.0,56.0,0.0
MISSOURI,Riverside,4563.0,28.0,0.0,4.0,1.0,23.0,215.0,7.0,186.0,22.0,0.0
MISSOURI,Riverview,2306.0,43.0,5.0,2.0,5.0,31.0,65.0,7.0,29.0,29.0,0.0
MISSOURI,Rock Hill,4618.0,19.0,0.0,0.0,0.0,19.0,38.0,1.0,32.0,5.0,0.0
MISSOURI,Rogersville,5559.0,4.0,0.0,2.0,0.0,2.0,51.0,17.0,32.0,2.0,1.0
MISSOURI,Rolla,20591.0,77.0,0.0,13.0,4.0,60.0,523.0,69.0,415.0,39.0,4.0
MISSOURI,Salem,4736.0,9.0,0.0,4.0,0.0,5.0,80.0,8.0,69.0,3.0,0.0
MISSOURI,Savannah,5078.0,6.0,0.0,1.0,0.0,5.0,24.0,5.0,18.0,1.0,0.0
MISSOURI,Scott City,4350.0,13.0,1.0,1.0,0.0,11.0,35.0,2.0,29.0,4.0,1.0
MISSOURI,Sedalia,22201.0,121.0,2.0,19.0,3.0,97.0,585.0,92.0,441.0,52.0,0.0
MISSOURI,Seligman,906.0,1.0,0.0,1.0,0.0,0.0,10.0,1.0,8.0,1.0,0.0
MISSOURI,Seneca,2312.0,12.0,0.0,11.0,0.0,1.0,29.0,4.0,22.0,3.0,0.0
MISSOURI,Seymour,1930.0,1.0,0.0,0.0,0.0,1.0,18.0,2.0,15.0,1.0,0.0
MISSOURI,Shelbina,1554.0,6.0,0.0,3.0,0.0,3.0,17.0,1.0,15.0,1.0,1.0
MISSOURI,Shrewsbury,6192.0,11.0,0.0,2.0,0.0,9.0,628.0,2.0,602.0,24.0,1.0
MISSOURI,Sikeston,16026.0,165.0,0.0,8.0,3.0,154.0,581.0,57.0,487.0,37.0,13.0
MISSOURI,Smithville,10888.0,20.0,0.0,6.0,1.0,13.0,77.0,6.0,61.0,10.0,0.0
MISSOURI,Sparta,1970.0,2.0,0.0,0.0,0.0,2.0,11.0,2.0,9.0,0.0,0.0
MISSOURI,Springfield,170527.0,2009.0,10.0,178.0,211.0,1610.0,7136.0,1239.0,5118.0,779.0,29.0
MISSOURI,St. Ann,12547.0,51.0,1.0,7.0,6.0,37.0,152.0,18.0,100.0,34.0,2.0
MISSOURI,St. Charles,72143.0,97.0,3.0,13.0,13.0,68.0,640.0,39.0,507.0,94.0,2.0
MISSOURI,St. Clair,4689.0,17.0,0.0,2.0,0.0,15.0,122.0,11.0,100.0,11.0,0.0
MISSOURI,Steele,1681.0,8.0,0.0,1.0,3.0,4.0,51.0,8.0,40.0,3.0,0.0
MISSOURI,Steelville,1435.0,2.0,0.0,0.0,0.0,2.0,28.0,2.0,23.0,3.0,2.0
MISSOURI,Ste. Genevieve,5051.0,6.0,0.0,0.0,1.0,5.0,23.0,3.0,16.0,4.0,1.0
MISSOURI,St. James,3898.0,13.0,0.0,4.0,1.0,8.0,77.0,8.0,63.0,6.0,0.0
MISSOURI,St. John,6405.0,39.0,0.0,1.0,5.0,33.0,125.0,18.0,78.0,29.0,0.0
MISSOURI,St. Joseph,70139.0,511.0,3.0,125.0,38.0,345.0,2701.0,376.0,1946.0,379.0,12.0
MISSOURI,St. Louis,277294.0,3791.0,150.0,161.0,692.0,2788.0,15825.0,2273.0,9462.0,4090.0,93.0
MISSOURI,St. Peters,59993.0,124.0,1.0,16.0,8.0,99.0,635.0,37.0,541.0,57.0,1.0
MISSOURI,Strafford,2751.0,7.0,0.0,2.0,0.0,5.0,60.0,3.0,48.0,9.0,0.0
MISSOURI,Sugar Creek,3171.0,13.0,0.0,3.0,5.0,5.0,113.0,6.0,83.0,24.0,0.0
MISSOURI,Sullivan,6800.0,40.0,2.0,6.0,1.0,31.0,347.0,18.0,310.0,19.0,4.0
MISSOURI,Sunrise Beach,530.0,0.0,0.0,0.0,0.0,0.0,10.0,0.0,9.0,1.0,0.0
MISSOURI,Sunset Hills,8995.0,7.0,0.0,0.0,2.0,5.0,110.0,3.0,95.0,12.0,1.0
MISSOURI,Sweet Springs,1307.0,5.0,0.0,1.0,0.0,4.0,8.0,1.0,6.0,1.0,0.0
MISSOURI,Thayer,1906.0,2.0,0.0,1.0,0.0,1.0,18.0,1.0,15.0,2.0,0.0
MISSOURI,Town and Country,11523.0,3.0,0.0,0.0,1.0,2.0,143.0,7.0,129.0,7.0,0.0
MISSOURI,Trenton,5635.0,16.0,0.0,3.0,1.0,12.0,33.0,6.0,24.0,3.0,0.0
MISSOURI,Troy,15240.0,22.0,0.0,3.0,1.0,18.0,149.0,35.0,100.0,14.0,2.0
MISSOURI,Union,13209.0,52.0,0.0,9.0,1.0,42.0,307.0,12.0,263.0,32.0,2.0
MISSOURI,University City,33799.0,101.0,2.0,10.0,13.0,76.0,532.0,27.0,429.0,76.0,2.0
MISSOURI,Van Buren,765.0,2.0,0.0,1.0,0.0,1.0,2.0,1.0,1.0,0.0,0.0
MISSOURI,Versailles,2674.0,3.0,0.0,3.0,0.0,0.0,120.0,2.0,117.0,1.0,0.0
MISSOURI,Vinita Park,8727.0,150.0,6.0,12.0,34.0,98.0,460.0,71.0,289.0,100.0,3.0
MISSOURI,Walnut Grove,637.0,0.0,0.0,0.0,0.0,0.0,5.0,1.0,4.0,0.0,0.0
MISSOURI,Warrensburg,19785.0,62.0,1.0,12.0,2.0,47.0,519.0,28.0,450.0,41.0,3.0
MISSOURI,Warrenton,9556.0,3.0,0.0,0.0,0.0,3.0,63.0,3.0,56.0,4.0,0.0
MISSOURI,Warsaw,2367.0,6.0,0.0,2.0,1.0,3.0,96.0,17.0,67.0,12.0,0.0
MISSOURI,Warson Woods,1970.0,0.0,0.0,0.0,0.0,0.0,9.0,0.0,9.0,0.0,0.0
MISSOURI,Washburn,414.0,0.0,0.0,0.0,0.0,0.0,0.0,0.0,0.0,0.0,0.0
MISSOURI,Washington,15707.0,40.0,1.0,7.0,1.0,31.0,195.0,12.0,168.0,15.0,3.0
MISSOURI,Waverly,804.0,0.0,0.0,0.0,0.0,0.0,0.0,0.0,0.0,0.0,0.0
MISSOURI,Waynesville,5463.0,24.0,0.0,9.0,0.0,15.0,52.0,2.0,38.0,12.0,0.0
MISSOURI,Webb City,13406.0,30.0,0.0,10.0,1.0,19.0,285.0,25.0,242.0,18.0,0.0
MISSOURI,Webster Groves,23271.0,28.0,0.0,1.0,3.0,24.0,151.0,19.0,101.0,31.0,1.0
MISSOURI,Wellsville,1012.0,0.0,0.0,0.0,0.0,0.0,11.0,0.0,8.0,3.0,0.0
MISSOURI,Wentzville,48377.0,53.0,1.0,3.0,1.0,48.0,360.0,21.0,311.0,28.0,1.0
MISSOURI,Weston,1829.0,0.0,0.0,0.0,0.0,0.0,22.0,3.0,16.0,3.0,0.0
MISSOURI,West Plains,12734.0,46.0,0.0,11.0,3.0,32.0,230.0,23.0,188.0,19.0,2.0
MISSOURI,Wheaton,679.0,0.0,0.0,0.0,0.0,0.0,1.0,1.0,0.0,0.0,0.0
MISSOURI,Willard,6573.0,13.0,0.0,0.0,1.0,12.0,29.0,0.0,24.0,5.0,0.0
MISSOURI,Willow Springs,2231.0,2.0,0.0,2.0,0.0,0.0,12.0,0.0,9.0,3.0,0.0
MISSOURI,Winfield,1629.0,11.0,0.0,1.0,0.0,10.0,5.0,0.0,5.0,0.0,0.0
MISSOURI,Winona,991.0,8.0,0.0,0.0,0.0,8.0,7.0,0.0,7.0,0.0,0.0
MISSOURI,Woodson Terrace,3845.0,9.0,0.0,2.0,2.0,5.0,69.0,3.0,34.0,32.0,0.0
MISSOURI,Wright City,5529.0,8.0,0.0,1.0,1.0,6.0,27.0,4.0,21.0,2.0,0.0
MONTANA,Baker,1802.0,4.0,0.0,1.0,0.0,3.0,3.0,0.0,2.0,1.0,0.0
MONTANA,Belgrade,13184.0,45.0,1.0,8.0,1.0,35.0,152.0,7.0,128.0,17.0,0.0
MONTANA,Billings,122105.0,911.0,9.0,96.0,105.0,701.0,3765.0,445.0,2808.0,512.0,37.0
MONTANA,Bozeman,58509.0,254.0,0.0,50.0,7.0,197.0,1027.0,84.0,886.0,57.0,13.0
MONTANA,Bridger,732.0,0.0,0.0,0.0,0.0,0.0,1.0,0.0,1.0,0.0,0.0
MONTANA,Chinook,1155.0,6.0,0.0,2.0,0.0,4.0,5.0,0.0,4.0,1.0,0.0
MONTANA,Colstrip,2044.0,0.0,0.0,0.0,0.0,0.0,2.0,0.0,1.0,1.0,1.0
MONTANA,Columbia Falls,5838.0,16.0,0.0,3.0,0.0,13.0,93.0,0.0,92.0,1.0,2.0
MONTANA,Columbus,1919.0,5.0,0.0,0.0,0.0,5.0,37.0,1.0,33.0,3.0,0.0
MONTANA,Conrad,2434.0,6.0,1.0,1.0,0.0,4.0,18.0,1.0,16.0,1.0,0.0
MONTANA,Cut Bank,3004.0,31.0,1.0,4.0,1.0,25.0,140.0,4.0,123.0,13.0,1.0
MONTANA,Deer Lodge,3032.0,14.0,0.0,0.0,0.0,14.0,23.0,3.0,18.0,2.0,0.0
MONTANA,Dillon,4278.0,18.0,0.0,6.0,0.0,12.0,15.0,1.0,14.0,0.0,0.0
MONTANA,East Helena,2206.0,3.0,0.0,0.0,0.0,3.0,37.0,4.0,30.0,3.0,0.0
MONTANA,Ennis,1092.0,0.0,0.0,0.0,0.0,0.0,5.0,0.0,5.0,0.0,0.0
MONTANA,Eureka,1585.0,3.0,0.0,0.0,0.0,3.0,6.0,0.0,3.0,3.0,0.0
MONTANA,Glasgow,3175.0,16.0,0.0,2.0,1.0,13.0,35.0,4.0,29.0,2.0,0.0
MONTANA,Glendive,4774.0,32.0,0.0,2.0,0.0,30.0,44.0,5.0,36.0,3.0,0.0
MONTANA,Great Falls,60414.0,347.0,0.0,54.0,28.0,265.0,2070.0,240.0,1698.0,132.0,15.0
MONTANA,Hamilton,5463.0,18.0,0.0,1.0,1.0,16.0,129.0,6.0,121.0,2.0,2.0
MONTANA,Hardin,3677.0,7.0,0.0,1.0,0.0,6.0,24.0,2.0,20.0,2.0,0.0
MONTANA,Havre,9328.0,54.0,0.0,13.0,2.0,39.0,307.0,24.0,253.0,30.0,5.0
MONTANA,Helena,35238.0,181.0,1.0,41.0,10.0,129.0,910.0,82.0,779.0,49.0,3.0
MONTANA,Hot Springs,636.0,3.0,0.0,0.0,0.0,3.0,4.0,0.0,4.0,0.0,0.0
MONTANA,Kalispell,31754.0,93.0,0.0,14.0,2.0,77.0,707.0,40.0,626.0,41.0,4.0
MONTANA,Laurel,7185.0,39.0,0.0,3.0,0.0,36.0,259.0,7.0,241.0,11.0,0.0
MONTANA,Lewistown,6210.0,40.0,0.0,13.0,0.0,27.0,75.0,6.0,63.0,6.0,2.0
MONTANA,Libby,3306.0,5.0,0.0,1.0,0.0,4.0,25.0,1.0,23.0,1.0,0.0
MONTANA,Livingston,9057.0,54.0,0.0,11.0,0.0,43.0,120.0,7.0,110.0,3.0,2.0
MONTANA,Manhattan,2115.0,4.0,0.0,2.0,0.0,2.0,17.0,1.0,15.0,1.0,0.0
MONTANA,Miles City,8464.0,26.0,0.0,5.0,0.0,21.0,63.0,6.0,53.0,4.0,0.0
MONTANA,Missoula,78911.0,471.0,2.0,84.0,36.0,349.0,2864.0,255.0,2453.0,156.0,21.0
MONTANA,Plains,1261.0,0.0,0.0,0.0,0.0,0.0,5.0,0.0,5.0,0.0,0.0
MONTANA,Polson,5770.0,57.0,1.0,2.0,1.0,53.0,180.0,12.0,148.0,20.0,3.0
MONTANA,Red Lodge,2736.0,5.0,0.0,1.0,0.0,4.0,11.0,1.0,7.0,3.0,0.0
MONTANA,Ronan City,2243.0,12.0,0.0,2.0,0.0,10.0,61.0,5.0,48.0,8.0,0.0
MONTANA,Sidney,6031.0,28.0,0.0,6.0,1.0,21.0,42.0,9.0,29.0,4.0,1.0
MONTANA,Stevensville,2278.0,1.0,0.0,0.0,0.0,1.0,17.0,0.0,17.0,0.0,0.0
MONTANA,St. Ignatius,836.0,4.0,0.0,3.0,0.0,1.0,78.0,3.0,60.0,15.0,0.0
MONTANA,Thompson Falls,1519.0,5.0,0.0,1.0,0.0,4.0,8.0,0.0,7.0,1.0,0.0
MONTANA,Troy,935.0,6.0,0.0,0.0,0.0,6.0,16.0,1.0,15.0,0.0,1.0
MONTANA,West Yellowstone,1206.0,1.0,0.0,0.0,0.0,1.0,8.0,4.0,4.0,0.0,0.0
MONTANA,Whitefish,9648.0,12.0,0.0,0.0,0.0,12.0,105.0,2.0,96.0,7.0,0.0
MONTANA,Wolf Point,2479.0,12.0,0.0,0.0,0.0,12.0,12.0,2.0,8.0,2.0,0.0
NEBRASKA,Alliance,8024.0,19.0,0.0,2.0,0.0,17.0,71.0,16.0,51.0,4.0,0.0
NEBRASKA,Aurora,4717.0,3.0,0.0,1.0,0.0,2.0,17.0,4.0,12.0,1.0,0.0
NEBRASKA,Beatrice,12272.0,10.0,1.0,3.0,0.0,6.0,101.0,16.0,75.0,10.0,2.0
NEBRASKA,Bellevue,63510.0,63.0,0.0,46.0,7.0,10.0,719.0,62.0,578.0,79.0,5.0
NEBRASKA,Blair,8018.0,10.0,0.0,2.0,0.0,8.0,58.0,8.0,43.0,7.0,1.0
NEBRASKA,Boys Town,696.0,4.0,0.0,2.0,0.0,2.0,7.0,0.0,7.0,0.0,0.0
NEBRASKA,Broken Bow,3552.0,3.0,0.0,1.0,0.0,2.0,5.0,1.0,4.0,0.0,0.0
NEBRASKA,Chadron,5134.0,11.0,0.0,2.0,0.0,9.0,98.0,1.0,89.0,8.0,0.0
NEBRASKA,Columbus,24595.0,21.0,0.0,11.0,1.0,9.0,228.0,23.0,189.0,16.0,1.0
NEBRASKA,Cozad,3917.0,4.0,0.0,1.0,0.0,3.0,12.0,1.0,10.0,1.0,0.0
NEBRASKA,Crete,7463.0,15.0,0.0,8.0,0.0,7.0,189.0,7.0,171.0,11.0,0.0
NEBRASKA,Falls City,4016.0,5.0,0.0,3.0,0.0,2.0,30.0,1.0,22.0,7.0,0.0
NEBRASKA,Fremont,27767.0,50.0,0.0,20.0,3.0,27.0,525.0,104.0,388.0,33.0,3.0
NEBRASKA,Gordon,1427.0,2.0,0.0,0.0,0.0,2.0,22.0,1.0,16.0,5.0,0.0
NEBRASKA,Gothenburg,3414.0,0.0,0.0,0.0,0.0,0.0,9.0,3.0,6.0,0.0,0.0
NEBRASKA,Grand Island,52488.0,193.0,0.0,38.0,17.0,138.0,924.0,127.0,745.0,52.0,6.0
NEBRASKA,Hastings,24815.0,79.0,0.0,28.0,1.0,50.0,498.0,34.0,424.0,40.0,1.0
NEBRASKA,Kearney,34525.0,104.0,1.0,34.0,6.0,63.0,561.0,58.0,466.0,37.0,4.0
NEBRASKA,Laurel,940.0,0.0,0.0,0.0,0.0,0.0,0.0,0.0,0.0,0.0,0.0
NEBRASKA,La Vista,16205.0,8.0,0.0,5.0,0.0,3.0,192.0,37.0,126.0,29.0,1.0
NEBRASKA,Lexington,10867.0,14.0,0.0,2.0,1.0,11.0,147.0,8.0,137.0,2.0,0.0
NEBRASKA,Lincoln,295808.0,1029.0,8.0,188.0,120.0,713.0,7235.0,776.0,5513.0,946.0,70.0
NEBRASKA,McCook,7200.0,3.0,0.0,1.0,0.0,2.0,75.0,11.0,63.0,1.0,1.0
NEBRASKA,Milford,2231.0,4.0,0.0,3.0,0.0,1.0,6.0,0.0,5.0,1.0,1.0
NEBRASKA,Minden,3140.0,2.0,0.0,1.0,0.0,1.0,16.0,3.0,12.0,1.0,0.0
NEBRASKA,Nebraska City,7483.0,9.0,0.0,5.0,0.0,4.0,75.0,6.0,66.0,3.0,1.0
NEBRASKA,Norfolk,26234.0,53.0,0.0,15.0,3.0,35.0,300.0,18.0,262.0,20.0,2.0
NEBRASKA,North Platte,22268.0,33.0,0.0,11.0,0.0,22.0,575.0,33.0,514.0,28.0,4.0
NEBRASKA,Ogallala,4618.0,8.0,1.0,1.0,1.0,5.0,79.0,11.0,65.0,3.0,0.0
NEBRASKA,Omaha,480235.0,1772.0,19.0,222.0,225.0,1306.0,15184.0,1133.0,10874.0,3177.0,88.0
NEBRASKA,O'Neill,3576.0,4.0,0.0,2.0,0.0,2.0,5.0,0.0,3.0,2.0,1.0
NEBRASKA,Papillion,23597.0,8.0,0.0,6.0,1.0,1.0,237.0,10.0,211.0,16.0,1.0
NEBRASKA,Pierce,1812.0,0.0,0.0,0.0,0.0,0.0,5.0,2.0,3.0,0.0,0.0
NEBRASKA,Plattsmouth,6879.0,1.0,0.0,0.0,0.0,1.0,52.0,4.0,44.0,4.0,0.0
NEBRASKA,Ralston,6374.0,7.0,0.0,5.0,1.0,1.0,77.0,13.0,43.0,21.0,0.0
NEBRASKA,Schuyler,6529.0,8.0,1.0,3.0,1.0,3.0,22.0,1.0,21.0,0.0,0.0
NEBRASKA,Scottsbluff,15306.0,90.0,0.0,12.0,1.0,77.0,426.0,36.0,372.0,18.0,8.0
NEBRASKA,Seward,7664.0,6.0,0.0,3.0,0.0,3.0,50.0,2.0,42.0,6.0,0.0
NEBRASKA,Sidney,6448.0,8.0,0.0,0.0,0.0,8.0,96.0,5.0,83.0,8.0,4.0
NEBRASKA,South Sioux City,13801.0,25.0,1.0,4.0,3.0,17.0,366.0,14.0,309.0,43.0,1.0
NEBRASKA,St. Paul,2430.0,2.0,0.0,0.0,0.0,2.0,10.0,0.0,9.0,1.0,0.0
NEBRASKA,Valentine,2632.0,6.0,0.0,3.0,0.0,3.0,23.0,1.0,19.0,3.0,0.0
NEBRASKA,Valley,3301.0,0.0,0.0,0.0,0.0,0.0,9.0,0.0,9.0,0.0,0.0
NEBRASKA,Wahoo,5040.0,5.0,0.0,2.0,0.0,3.0,27.0,3.0,23.0,1.0,0.0
NEBRASKA,Waterloo,903.0,3.0,0.0,0.0,0.0,3.0,2.0,0.0,2.0,0.0,0.0
NEBRASKA,Wayne,6232.0,8.0,0.0,4.0,1.0,3.0,34.0,3.0,29.0,2.0,1.0
NEBRASKA,York,8220.0,16.0,0.0,9.0,0.0,7.0,135.0,8.0,120.0,7.0,2.0
NEVADA,Boulder City,14800.0,27.0,0.0,7.0,4.0,16.0,106.0,17.0,78.0,11.0,1.0
NEVADA,Elko,20861.0,83.0,2.0,19.0,4.0,58.0,300.0,57.0,201.0,42.0,4.0
NEVADA,Fallon,9661.0,20.0,0.0,0.0,1.0,19.0,111.0,5.0,99.0,7.0,0.0
NEVADA,Henderson,343619.0,936.0,8.0,107.0,180.0,641.0,5893.0,778.0,3870.0,1245.0,33.0
NEVADA,Las Vegas Metropolitan Police Department,1716565.0,7378.0,106.0,886.0,1113.0,5273.0,45021.0,7922.0,26856.0,10243.0,196.0
NEVADA,Mesquite,23559.0,29.0,0.0,9.0,3.0,17.0,237.0,51.0,160.0,26.0,2.0
NEVADA,North Las Vegas,293100.0,1140.0,35.0,97.0,329.0,679.0,5749.0,959.0,2737.0,2053.0,37.0
NEVADA,Reno,278313.0,1474.0,23.0,192.0,263.0,996.0,6805.0,869.0,4967.0,969.0,13.0
NEVADA,Sparks,110807.0,437.0,5.0,93.0,62.0,277.0,2863.0,334.0,2177.0,352.0,10.0
NEVADA,West Wendover,4494.0,38.0,0.0,4.0,4.0,30.0,69.0,11.0,46.0,12.0,0.0
NEVADA,Winnemucca,8216.0,57.0,2.0,15.0,2.0,38.0,109.0,29.0,72.0,8.0,1.0
NEW HAMPSHIRE,Alexandria,1768.0,1.0,0.0,0.0,0.0,1.0,4.0,0.0,4.0,0.0,0.0
NEW HAMPSHIRE,Allenstown,4769.0,8.0,0.0,6.0,0.0,2.0,24.0,1.0,22.0,1.0,1.0
NEW HAMPSHIRE,Alstead,1927.0,1.0,0.0,1.0,0.0,0.0,0.0,0.0,0.0,0.0,0.0
NEW HAMPSHIRE,Alton,6087.0,6.0,0.0,2.0,0.0,4.0,34.0,2.0,32.0,0.0,0.0
NEW HAMPSHIRE,Amherst,11922.0,1.0,0.0,0.0,0.0,1.0,111.0,2.0,109.0,0.0,0.0
NEW HAMPSHIRE,Andover,2439.0,5.0,0.0,4.0,0.0,1.0,13.0,0.0,9.0,4.0,0.0
NEW HAMPSHIRE,Antrim,2712.0,3.0,0.0,3.0,0.0,0.0,23.0,1.0,21.0,1.0,0.0
NEW HAMPSHIRE,Ashland,1971.0,1.0,0.0,1.0,0.0,0.0,44.0,2.0,38.0,4.0,0.0
NEW HAMPSHIRE,Atkinson,7434.0,1.0,0.0,1.0,0.0,0.0,7.0,1.0,4.0,2.0,0.0
NEW HAMPSHIRE,Auburn,6239.0,1.0,0.0,0.0,0.0,1.0,16.0,3.0,12.0,1.0,0.0
NEW HAMPSHIRE,Barnstead,5053.0,1.0,0.0,0.0,0.0,1.0,30.0,4.0,23.0,3.0,0.0
NEW HAMPSHIRE,Barrington,9625.0,2.0,0.0,1.0,0.0,1.0,29.0,3.0,19.0,7.0,1.0
NEW HAMPSHIRE,Bartlett,3372.0,3.0,0.0,1.0,0.0,2.0,27.0,5.0,20.0,2.0,1.0
NEW HAMPSHIRE,Bath,1117.0,0.0,0.0,0.0,0.0,0.0,3.0,0.0,2.0,1.0,0.0
NEW HAMPSHIRE,Bedford,23893.0,2.0,0.0,0.0,0.0,2.0,206.0,1.0,196.0,9.0,0.0
NEW HAMPSHIRE,Belmont,7458.0,5.0,0.0,2.0,0.0,3.0,58.0,5.0,47.0,6.0,0.0
NEW HAMPSHIRE,Bennington,1507.0,2.0,0.0,1.0,0.0,1.0,8.0,1.0,7.0,0.0,0.0
NEW HAMPSHIRE,Berlin,9477.0,12.0,0.0,2.0,0.0,10.0,166.0,6.0,155.0,5.0,1.0
NEW HAMPSHIRE,Bethlehem,2558.0,0.0,0.0,0.0,0.0,0.0,13.0,0.0,11.0,2.0,0.0
NEW HAMPSHIRE,Bow,8437.0,3.0,0.0,0.0,0.0,3.0,33.0,2.0,29.0,2.0,0.0
NEW HAMPSHIRE,Bradford,1736.0,0.0,0.0,0.0,0.0,0.0,2.0,0.0,2.0,0.0,1.0
NEW HAMPSHIRE,Brentwood,4742.0,2.0,0.0,0.0,0.0,2.0,15.0,0.0,15.0,0.0,0.0
NEW HAMPSHIRE,Bridgewater,1191.0,1.0,0.0,0.0,1.0,0.0,5.0,1.0,3.0,1.0,0.0
NEW HAMPSHIRE,Bristol,3290.0,4.0,0.0,2.0,0.0,2.0,71.0,4.0,58.0,9.0,0.0
NEW HAMPSHIRE,Brookline,5816.0,2.0,0.0,1.0,0.0,1.0,19.0,2.0,16.0,1.0,1.0
NEW HAMPSHIRE,Campton,3451.0,5.0,0.0,3.0,0.0,2.0,27.0,2.0,20.0,5.0,0.0
NEW HAMPSHIRE,Canaan,3809.0,1.0,0.0,1.0,0.0,0.0,11.0,1.0,10.0,0.0,0.0
NEW HAMPSHIRE,Candia,4228.0,0.0,0.0,0.0,0.0,0.0,14.0,0.0,12.0,2.0,0.0
NEW HAMPSHIRE,Canterbury,2481.0,1.0,0.0,1.0,0.0,0.0,26.0,4.0,21.0,1.0,0.0
NEW HAMPSHIRE,Carroll,836.0,0.0,0.0,0.0,0.0,0.0,6.0,0.0,6.0,0.0,0.0
NEW HAMPSHIRE,Center Harbor,1047.0,2.0,0.0,0.0,0.0,2.0,3.0,2.0,1.0,0.0,0.0
NEW HAMPSHIRE,Charlestown,4985.0,2.0,0.0,0.0,0.0,2.0,20.0,1.0,14.0,5.0,0.0
NEW HAMPSHIRE,Chester,5327.0,1.0,0.0,0.0,0.0,1.0,11.0,2.0,8.0,1.0,0.0
NEW HAMPSHIRE,Chesterfield,3683.0,4.0,0.0,3.0,0.0,1.0,14.0,2.0,11.0,1.0,0.0
NEW HAMPSHIRE,Chichester,2807.0,6.0,0.0,0.0,0.0,6.0,30.0,0.0,25.0,5.0,0.0
NEW HAMPSHIRE,Claremont,13165.0,25.0,0.0,4.0,5.0,16.0,246.0,20.0,209.0,17.0,6.0
NEW HAMPSHIRE,Colebrook,2112.0,2.0,0.0,2.0,0.0,0.0,8.0,1.0,6.0,1.0,0.0
NEW HAMPSHIRE,Concord,44827.0,81.0,3.0,18.0,16.0,44.0,551.0,22.0,477.0,52.0,7.0
NEW HAMPSHIRE,Conway,10441.0,21.0,1.0,8.0,0.0,12.0,224.0,9.0,206.0,9.0,1.0
NEW HAMPSHIRE,Cornish,1658.0,0.0,0.0,0.0,0.0,0.0,3.0,1.0,2.0,0.0,0.0
NEW HAMPSHIRE,Danbury,1310.0,0.0,0.0,0.0,0.0,0.0,11.0,5.0,6.0,0.0,0.0
NEW HAMPSHIRE,Danville,4631.0,3.0,0.0,1.0,0.0,2.0,1.0,0.0,1.0,0.0,0.0
NEW HAMPSHIRE,Deerfield,4992.0,1.0,0.0,0.0,0.0,1.0,8.0,0.0,7.0,1.0,0.0
NEW HAMPSHIRE,Deering,1931.0,1.0,0.0,1.0,0.0,0.0,4.0,1.0,3.0,0.0,0.0
NEW HAMPSHIRE,Derry,34207.0,37.0,0.0,22.0,2.0,13.0,246.0,16.0,210.0,20.0,3.0
NEW HAMPSHIRE,Dover,33696.0,16.0,0.0,10.0,0.0,6.0,265.0,20.0,238.0,7.0,0.0
NEW HAMPSHIRE,Dublin,1596.0,0.0,0.0,0.0,0.0,0.0,4.0,1.0,3.0,0.0,0.0
NEW HAMPSHIRE,Dunbarton,3159.0,1.0,0.0,0.0,0.0,1.0,8.0,1.0,7.0,0.0,0.0
NEW HAMPSHIRE,Durham,14718.0,6.0,1.0,5.0,0.0,0.0,33.0,0.0,31.0,2.0,1.0
NEW HAMPSHIRE,East Kingston,2436.0,0.0,0.0,0.0,0.0,0.0,6.0,0.0,6.0,0.0,0.0
NEW HAMPSHIRE,Enfield,4495.0,5.0,0.0,2.0,0.0,3.0,13.0,3.0,10.0,0.0,0.0
NEW HAMPSHIRE,Epping,7692.0,8.0,0.0,3.0,0.0,5.0,144.0,6.0,133.0,5.0,0.0
NEW HAMPSHIRE,Epsom,5019.0,2.0,0.0,1.0,0.0,1.0,20.0,2.0,17.0,1.0,0.0
NEW HAMPSHIRE,Exeter,16203.0,6.0,0.0,5.0,0.0,1.0,88.0,4.0,75.0,9.0,0.0
NEW HAMPSHIRE,Farmington,6880.0,13.0,0.0,6.0,0.0,7.0,48.0,3.0,40.0,5.0,2.0
NEW HAMPSHIRE,Fitzwilliam,2482.0,2.0,0.0,1.0,0.0,1.0,8.0,5.0,2.0,1.0,0.0
NEW HAMPSHIRE,Francestown,1653.0,1.0,0.0,1.0,0.0,0.0,0.0,0.0,0.0,0.0,0.0
NEW HAMPSHIRE,Franconia,1147.0,0.0,0.0,0.0,0.0,0.0,5.0,2.0,3.0,0.0,0.0
NEW HAMPSHIRE,Franklin,8805.0,8.0,0.0,0.0,1.0,7.0,111.0,5.0,101.0,5.0,0.0
NEW HAMPSHIRE,Fremont,4883.0,2.0,0.0,0.0,0.0,2.0,19.0,3.0,15.0,1.0,0.0
NEW HAMPSHIRE,Gilford,7926.0,1.0,0.0,0.0,0.0,1.0,92.0,4.0,84.0,4.0,0.0
NEW HAMPSHIRE,Gilmanton,4110.0,1.0,0.0,1.0,0.0,0.0,19.0,4.0,15.0,0.0,0.0
NEW HAMPSHIRE,Goffstown,18517.0,7.0,0.0,3.0,1.0,3.0,85.0,1.0,77.0,7.0,2.0
NEW HAMPSHIRE,Gorham,2676.0,2.0,0.0,0.0,0.0,2.0,46.0,2.0,42.0,2.0,0.0
NEW HAMPSHIRE,Goshen,816.0,0.0,0.0,0.0,0.0,0.0,0.0,0.0,0.0,0.0,0.0
NEW HAMPSHIRE,Grafton,1425.0,0.0,0.0,0.0,0.0,0.0,2.0,0.0,2.0,0.0,0.0
NEW HAMPSHIRE,Grantham,3502.0,0.0,0.0,0.0,0.0,0.0,4.0,1.0,3.0,0.0,0.0
NEW HAMPSHIRE,Greenfield,1698.0,0.0,0.0,0.0,0.0,0.0,6.0,0.0,6.0,0.0,0.0
NEW HAMPSHIRE,Greenland,4118.0,1.0,0.0,1.0,0.0,0.0,67.0,0.0,65.0,2.0,0.0
NEW HAMPSHIRE,Greenville,2006.0,1.0,0.0,0.0,0.0,1.0,4.0,1.0,3.0,0.0,0.0
NEW HAMPSHIRE,Groton,585.0,0.0,0.0,0.0,0.0,0.0,1.0,0.0,0.0,1.0,0.0
NEW HAMPSHIRE,Hampstead,9164.0,5.0,0.0,2.0,0.0,3.0,33.0,1.0,29.0,3.0,0.0
NEW HAMPSHIRE,Hampton,16477.0,17.0,0.0,8.0,1.0,8.0,122.0,8.0,100.0,14.0,0.0
NEW HAMPSHIRE,Hampton Falls,2395.0,1.0,0.0,0.0,0.0,1.0,13.0,2.0,11.0,0.0,0.0
NEW HAMPSHIRE,Hancock,1757.0,0.0,0.0,0.0,0.0,0.0,5.0,0.0,5.0,0.0,0.0
NEW HAMPSHIRE,Hanover,12421.0,0.0,0.0,0.0,0.0,0.0,56.0,2.0,52.0,2.0,1.0
NEW HAMPSHIRE,Harrisville,1008.0,0.0,0.0,0.0,0.0,0.0,1.0,0.0,0.0,1.0,0.0
NEW HAMPSHIRE,Haverhill,4605.0,4.0,0.0,2.0,1.0,1.0,57.0,3.0,47.0,7.0,0.0
NEW HAMPSHIRE,Hebron,665.0,0.0,0.0,0.0,0.0,0.0,4.0,0.0,4.0,0.0,0.0
NEW HAMPSHIRE,Henniker,6244.0,9.0,0.0,1.0,1.0,7.0,24.0,1.0,22.0,1.0,0.0
NEW HAMPSHIRE,Hillsborough,5998.0,9.0,1.0,3.0,1.0,4.0,42.0,5.0,36.0,1.0,0.0
NEW HAMPSHIRE,Hinsdale,4025.0,23.0,0.0,2.0,0.0,21.0,110.0,8.0,101.0,1.0,2.0
NEW HAMPSHIRE,Holderness,2036.0,2.0,0.0,1.0,0.0,1.0,19.0,1.0,18.0,0.0,0.0
NEW HAMPSHIRE,Hollis,8846.0,1.0,0.0,0.0,0.0,1.0,29.0,2.0,23.0,4.0,0.0
NEW HAMPSHIRE,Hooksett,15454.0,11.0,0.0,4.0,1.0,6.0,88.0,3.0,82.0,3.0,0.0
NEW HAMPSHIRE,Hopkinton,6143.0,0.0,0.0,0.0,0.0,0.0,14.0,0.0,14.0,0.0,0.0
NEW HAMPSHIRE,Hudson,25672.0,19.0,0.0,3.0,5.0,11.0,304.0,25.0,264.0,15.0,3.0
NEW HAMPSHIRE,Jackson,1083.0,0.0,0.0,0.0,0.0,0.0,5.0,0.0,5.0,0.0,0.0
NEW HAMPSHIRE,Jaffrey,5562.0,13.0,0.0,6.0,1.0,6.0,55.0,12.0,41.0,2.0,1.0
NEW HAMPSHIRE,Keene,22874.0,41.0,0.0,19.0,6.0,16.0,497.0,20.0,456.0,21.0,4.0
NEW HAMPSHIRE,Kensington,2092.0,0.0,0.0,0.0,0.0,0.0,5.0,0.0,3.0,2.0,0.0
NEW HAMPSHIRE,Kingston,6328.0,1.0,0.0,0.0,0.0,1.0,14.0,3.0,10.0,1.0,0.0
NEW HAMPSHIRE,Laconia,17217.0,25.0,1.0,11.0,8.0,5.0,436.0,12.0,399.0,25.0,1.0
NEW HAMPSHIRE,Lancaster,3243.0,1.0,0.0,1.0,0.0,0.0,22.0,1.0,18.0,3.0,0.0
NEW HAMPSHIRE,Lebanon,15709.0,15.0,0.0,6.0,4.0,5.0,252.0,10.0,217.0,25.0,2.0
NEW HAMPSHIRE,Lee,4618.0,0.0,0.0,0.0,0.0,0.0,30.0,3.0,27.0,0.0,0.0
NEW HAMPSHIRE,Lincoln,1649.0,0.0,0.0,0.0,0.0,0.0,19.0,1.0,17.0,1.0,0.0
NEW HAMPSHIRE,Lisbon,1643.0,0.0,0.0,0.0,0.0,0.0,4.0,0.0,4.0,0.0,0.0
NEW HAMPSHIRE,Litchfield,8514.0,1.0,0.0,1.0,0.0,0.0,13.0,1.0,10.0,2.0,0.0
NEW HAMPSHIRE,Littleton,6047.0,6.0,0.0,4.0,1.0,1.0,81.0,2.0,77.0,2.0,1.0
NEW HAMPSHIRE,Londonderry,26974.0,11.0,0.0,5.0,2.0,4.0,120.0,8.0,100.0,12.0,2.0
NEW HAMPSHIRE,Loudon,5769.0,0.0,0.0,0.0,0.0,0.0,23.0,2.0,19.0,2.0,0.0
NEW HAMPSHIRE,Lyme,1738.0,0.0,0.0,0.0,0.0,0.0,2.0,0.0,0.0,2.0,0.0
NEW HAMPSHIRE,Lyndeborough,1704.0,0.0,0.0,0.0,0.0,0.0,10.0,0.0,10.0,0.0,0.0
NEW HAMPSHIRE,Madbury,1961.0,0.0,0.0,0.0,0.0,0.0,2.0,0.0,2.0,0.0,0.0
NEW HAMPSHIRE,Madison,2759.0,1.0,0.0,0.0,0.0,1.0,9.0,1.0,7.0,1.0,0.0
NEW HAMPSHIRE,Manchester,115464.0,388.0,2.0,60.0,67.0,259.0,1903.0,107.0,1622.0,174.0,12.0
NEW HAMPSHIRE,Marlborough,2194.0,2.0,0.0,1.0,0.0,1.0,7.0,1.0,4.0,2.0,0.0
NEW HAMPSHIRE,Mason,1460.0,0.0,0.0,0.0,0.0,0.0,6.0,0.0,6.0,0.0,0.0
NEW HAMPSHIRE,Meredith,6810.0,7.0,0.0,1.0,2.0,4.0,35.0,3.0,32.0,0.0,2.0
NEW HAMPSHIRE,Merrimack,29650.0,0.0,0.0,0.0,0.0,0.0,102.0,4.0,93.0,5.0,1.0
NEW HAMPSHIRE,Middleton,1858.0,0.0,0.0,0.0,0.0,0.0,3.0,0.0,3.0,0.0,0.0
NEW HAMPSHIRE,Milford,16517.0,6.0,0.0,3.0,0.0,3.0,74.0,1.0,66.0,7.0,0.0
NEW HAMPSHIRE,Milton,4591.0,4.0,0.0,2.0,0.0,2.0,33.0,0.0,24.0,9.0,0.0
NEW HAMPSHIRE,Mont Vernon,2701.0,0.0,0.0,0.0,0.0,0.0,6.0,1.0,5.0,0.0,0.0
NEW HAMPSHIRE,Moultonborough,5314.0,4.0,0.0,0.0,0.0,4.0,24.0,6.0,14.0,4.0,0.0
NEW HAMPSHIRE,Nashua,90938.0,146.0,0.0,49.0,13.0,84.0,1147.0,30.0,1038.0,79.0,6.0
NEW HAMPSHIRE,New Boston,6205.0,1.0,0.0,1.0,0.0,0.0,10.0,1.0,8.0,1.0,0.0
NEW HAMPSHIRE,Newbury,2300.0,0.0,0.0,0.0,0.0,0.0,11.0,2.0,8.0,1.0,0.0
NEW HAMPSHIRE,New Castle,1001.0,0.0,0.0,0.0,0.0,0.0,0.0,0.0,0.0,0.0,0.0
NEW HAMPSHIRE,New Durham,2813.0,0.0,0.0,0.0,0.0,0.0,7.0,0.0,7.0,0.0,0.0
NEW HAMPSHIRE,Newfields,1774.0,0.0,0.0,0.0,0.0,0.0,5.0,0.0,4.0,1.0,0.0
NEW HAMPSHIRE,New Hampton,2444.0,1.0,0.0,0.0,0.0,1.0,18.0,2.0,14.0,2.0,0.0
NEW HAMPSHIRE,Newington,825.0,1.0,0.0,0.0,1.0,0.0,122.0,1.0,121.0,0.0,0.0
NEW HAMPSHIRE,New Ipswich,5417.0,3.0,0.0,2.0,0.0,1.0,37.0,1.0,29.0,7.0,0.0
NEW HAMPSHIRE,Newmarket,9490.0,5.0,0.0,3.0,0.0,2.0,36.0,0.0,34.0,2.0,0.0
NEW HAMPSHIRE,Newport,6446.0,24.0,0.0,11.0,0.0,13.0,41.0,5.0,27.0,9.0,0.0
NEW HAMPSHIRE,Newton,4830.0,0.0,0.0,0.0,0.0,0.0,11.0,1.0,9.0,1.0,0.0
NEW HAMPSHIRE,Northfield,5068.0,8.0,0.0,3.0,3.0,2.0,40.0,3.0,36.0,1.0,0.0
NEW HAMPSHIRE,North Hampton,4532.0,1.0,0.0,0.0,0.0,1.0,41.0,2.0,37.0,2.0,0.0
NEW HAMPSHIRE,Northumberland,2115.0,0.0,0.0,0.0,0.0,0.0,7.0,3.0,4.0,0.0,0.0
NEW HAMPSHIRE,Northwood,4700.0,6.0,0.0,2.0,0.0,4.0,17.0,2.0,15.0,0.0,0.0
NEW HAMPSHIRE,Nottingham,5449.0,2.0,0.0,2.0,0.0,0.0,7.0,2.0,5.0,0.0,0.0
NEW HAMPSHIRE,Orford,1247.0,1.0,0.0,1.0,0.0,0.0,9.0,0.0,9.0,0.0,0.0
NEW HAMPSHIRE,Ossipee,4630.0,5.0,0.0,3.0,0.0,2.0,41.0,5.0,32.0,4.0,0.0
NEW HAMPSHIRE,Pelham,14606.0,5.0,0.0,0.0,0.0,5.0,74.0,7.0,60.0,7.0,0.0
NEW HAMPSHIRE,Pembroke,7635.0,7.0,0.0,2.0,1.0,4.0,23.0,3.0,17.0,3.0,0.0
NEW HAMPSHIRE,Peterborough,6529.0,3.0,0.0,1.0,0.0,2.0,28.0,1.0,26.0,1.0,0.0
NEW HAMPSHIRE,Piermont,773.0,0.0,0.0,0.0,0.0,0.0,3.0,0.0,3.0,0.0,0.0
NEW HAMPSHIRE,Pittsburg,843.0,1.0,0.0,1.0,0.0,0.0,3.0,1.0,2.0,0.0,0.0
NEW HAMPSHIRE,Pittsfield,4152.0,6.0,0.0,0.0,0.0,6.0,31.0,1.0,27.0,3.0,0.0
NEW HAMPSHIRE,Plainfield,2569.0,1.0,0.0,1.0,0.0,0.0,8.0,1.0,7.0,0.0,0.0
NEW HAMPSHIRE,Plaistow,7826.0,3.0,0.0,0.0,1.0,2.0,61.0,3.0,52.0,6.0,0.0
NEW HAMPSHIRE,Plymouth,6598.0,9.0,0.0,7.0,0.0,2.0,109.0,7.0,96.0,6.0,0.0
NEW HAMPSHIRE,Portsmouth,22969.0,43.0,0.0,9.0,2.0,32.0,295.0,7.0,265.0,23.0,3.0
NEW HAMPSHIRE,Raymond,11056.0,6.0,0.0,3.0,0.0,3.0,34.0,3.0,28.0,3.0,1.0
NEW HAMPSHIRE,Rindge,6630.0,3.0,0.0,1.0,0.0,2.0,49.0,3.0,43.0,3.0,3.0
NEW HAMPSHIRE,Rochester,33831.0,26.0,0.0,12.0,4.0,10.0,387.0,20.0,338.0,29.0,1.0
NEW HAMPSHIRE,Rollinsford,2665.0,2.0,0.0,1.0,0.0,1.0,12.0,2.0,8.0,2.0,0.0
NEW HAMPSHIRE,Roxbury,223.0,0.0,0.0,0.0,0.0,0.0,0.0,0.0,0.0,0.0,0.0
NEW HAMPSHIRE,Rumney,1500.0,0.0,0.0,0.0,0.0,0.0,3.0,2.0,1.0,0.0,0.0
NEW HAMPSHIRE,Rye,5622.0,0.0,0.0,0.0,0.0,0.0,20.0,3.0,16.0,1.0,0.0
NEW HAMPSHIRE,Salem,31962.0,34.0,1.0,8.0,15.0,10.0,629.0,20.0,582.0,27.0,3.0
NEW HAMPSHIRE,Sanbornton,3075.0,1.0,0.0,1.0,0.0,0.0,14.0,2.0,11.0,1.0,0.0
NEW HAMPSHIRE,Sandown,6689.0,4.0,0.0,1.0,0.0,3.0,12.0,0.0,10.0,2.0,0.0
NEW HAMPSHIRE,Sandwich,1563.0,0.0,0.0,0.0,0.0,0.0,9.0,0.0,9.0,0.0,0.0
NEW HAMPSHIRE,Seabrook,8409.0,14.0,0.0,4.0,3.0,7.0,206.0,6.0,194.0,6.0,0.0
NEW HAMPSHIRE,Somersworth,12270.0,22.0,0.0,12.0,4.0,6.0,310.0,6.0,293.0,11.0,1.0
NEW HAMPSHIRE,South Hampton,897.0,0.0,0.0,0.0,0.0,0.0,3.0,0.0,3.0,0.0,0.0
NEW HAMPSHIRE,Springfield,1338.0,0.0,0.0,0.0,0.0,0.0,3.0,0.0,2.0,1.0,0.0
NEW HAMPSHIRE,Strafford,4362.0,0.0,0.0,0.0,0.0,0.0,5.0,2.0,3.0,0.0,0.0
NEW HAMPSHIRE,Stratham,7776.0,1.0,0.0,0.0,0.0,1.0,26.0,0.0,24.0,2.0,0.0
NEW HAMPSHIRE,Sugar Hill,688.0,0.0,0.0,0.0,0.0,0.0,0.0,0.0,0.0,0.0,0.0
NEW HAMPSHIRE,Sunapee,3480.0,1.0,0.0,1.0,0.0,0.0,19.0,0.0,18.0,1.0,0.0
NEW HAMPSHIRE,Sutton,2060.0,0.0,0.0,0.0,0.0,0.0,0.0,0.0,0.0,0.0,0.0
NEW HAMPSHIRE,Swanzey,7478.0,15.0,0.0,6.0,1.0,8.0,33.0,5.0,25.0,3.0,0.0
NEW HAMPSHIRE,Tamworth,2942.0,1.0,0.0,1.0,0.0,0.0,9.0,1.0,7.0,1.0,0.0
NEW HAMPSHIRE,Thornton,2883.0,1.0,0.0,0.0,0.0,1.0,6.0,0.0,5.0,1.0,0.0
NEW HAMPSHIRE,Tilton,4180.0,7.0,0.0,3.0,0.0,4.0,101.0,5.0,93.0,3.0,0.0
NEW HAMPSHIRE,Troy,2207.0,4.0,0.0,3.0,0.0,1.0,11.0,2.0,7.0,2.0,0.0
NEW HAMPSHIRE,Tuftonboro,2673.0,2.0,0.0,1.0,0.0,1.0,18.0,1.0,14.0,3.0,0.0
NEW HAMPSHIRE,Wakefield,6414.0,1.0,0.0,0.0,0.0,1.0,26.0,2.0,21.0,3.0,0.0
NEW HAMPSHIRE,Walpole,3716.0,2.0,0.0,1.0,0.0,1.0,4.0,0.0,4.0,0.0,0.0
NEW HAMPSHIRE,Warner,2974.0,0.0,0.0,0.0,0.0,0.0,6.0,0.0,6.0,0.0,0.0
NEW HAMPSHIRE,Warren,835.0,0.0,0.0,0.0,0.0,0.0,0.0,0.0,0.0,0.0,0.0
NEW HAMPSHIRE,Washington,1209.0,4.0,0.0,0.0,0.0,4.0,1.0,0.0,1.0,0.0,0.0
NEW HAMPSHIRE,Waterville Valley,519.0,1.0,0.0,0.0,0.0,1.0,7.0,0.0,6.0,1.0,0.0
NEW HAMPSHIRE,Weare,9235.0,9.0,0.0,4.0,0.0,5.0,15.0,0.0,14.0,1.0,0.0
NEW HAMPSHIRE,Webster,1984.0,2.0,0.0,1.0,0.0,1.0,17.0,0.0,14.0,3.0,0.0
NEW HAMPSHIRE,Wentworth,850.0,0.0,0.0,0.0,0.0,0.0,2.0,0.0,2.0,0.0,0.0
NEW HAMPSHIRE,Whitefield,2540.0,1.0,0.0,0.0,0.0,1.0,3.0,0.0,2.0,1.0,0.0
NEW HAMPSHIRE,Wilmot,1485.0,0.0,0.0,0.0,0.0,0.0,3.0,0.0,3.0,0.0,1.0
NEW HAMPSHIRE,Wilton,3995.0,1.0,0.0,0.0,0.0,1.0,19.0,0.0,15.0,4.0,0.0
NEW HAMPSHIRE,Winchester,4285.0,19.0,0.0,6.0,1.0,12.0,49.0,9.0,31.0,9.0,0.0
NEW HAMPSHIRE,Windham,16158.0,3.0,0.0,1.0,0.0,2.0,36.0,7.0,23.0,6.0,0.0
NEW HAMPSHIRE,Wolfeboro,6681.0,3.0,0.0,2.0,0.0,1.0,38.0,0.0,35.0,3.0,1.0
NEW HAMPSHIRE,Woodstock,1442.0,0.0,0.0,0.0,0.0,0.0,5.0,0.0,4.0,1.0,0.0
NEW JERSEY,Aberdeen Township,19211.0,30.0,0.0,4.0,1.0,25.0,165.0,9.0,144.0,12.0,1.0
NEW JERSEY,Absecon,9135.0,18.0,0.0,3.0,4.0,11.0,198.0,43.0,141.0,14.0,0.0
NEW JERSEY,Allendale,6926.0,0.0,0.0,0.0,0.0,0.0,8.0,0.0,8.0,0.0,0.0
NEW JERSEY,Allenhurst,465.0,0.0,0.0,0.0,0.0,0.0,13.0,1.0,11.0,1.0,0.0
NEW JERSEY,Allentown,1721.0,1.0,0.0,0.0,0.0,1.0,11.0,2.0,9.0,0.0,0.0
NEW JERSEY,Alpha,2355.0,3.0,0.0,1.0,0.0,2.0,21.0,4.0,16.0,1.0,0.0
NEW JERSEY,Alpine,1783.0,2.0,0.0,1.0,0.0,1.0,21.0,15.0,5.0,1.0,0.0
NEW JERSEY,Andover Township,5524.0,2.0,0.0,1.0,0.0,1.0,11.0,1.0,10.0,0.0,0.0
NEW JERSEY,Atlantic City,38480.0,685.0,7.0,67.0,179.0,432.0,2400.0,236.0,1972.0,192.0,10.0
NEW JERSEY,Atlantic Highlands,4373.0,6.0,0.0,0.0,1.0,5.0,20.0,1.0,19.0,0.0,0.0
NEW JERSEY,Audubon,8911.0,7.0,0.0,0.0,3.0,4.0,323.0,24.0,289.0,10.0,2.0
NEW JERSEY,Avalon,1211.0,2.0,0.0,1.0,0.0,1.0,121.0,5.0,113.0,3.0,0.0
NEW JERSEY,Avon-by-the-Sea,1935.0,2.0,0.0,0.0,1.0,1.0,29.0,5.0,24.0,0.0,0.0
NEW JERSEY,Barnegat Township,26713.0,17.0,0.0,1.0,0.0,16.0,21.0,2.0,19.0,0.0,0.0
NEW JERSEY,Barrington,7227.0,2.0,0.0,0.0,1.0,1.0,84.0,7.0,65.0,12.0,0.0
NEW JERSEY,Bay Head,999.0,0.0,0.0,0.0,0.0,0.0,11.0,2.0,9.0,0.0,0.0
NEW JERSEY,Beach Haven,1104.0,1.0,0.0,0.0,0.0,1.0,152.0,5.0,147.0,0.0,0.0
NEW JERSEY,Beachwood,11523.0,11.0,0.0,0.0,1.0,10.0,84.0,6.0,70.0,8.0,0.0
NEW JERSEY,Bedminster Township,8360.0,2.0,0.0,1.0,1.0,0.0,32.0,11.0,18.0,3.0,0.0
NEW JERSEY,Belleville,38062.0,95.0,0.0,10.0,15.0,70.0,768.0,53.0,567.0,148.0,0.0
NEW JERSEY,Bellmawr,11991.0,7.0,0.0,1.0,2.0,4.0,191.0,26.0,145.0,20.0,0.0
NEW JERSEY,Belmar,5792.0,7.0,0.0,0.0,2.0,5.0,108.0,6.0,101.0,1.0,0.0
NEW JERSEY,Belvidere,2542.0,0.0,0.0,0.0,0.0,0.0,27.0,8.0,18.0,1.0,0.0
NEW JERSEY,Bergenfield,28879.0,14.0,0.0,0.0,2.0,12.0,67.0,10.0,54.0,3.0,0.0
NEW JERSEY,Berkeley Heights Township,13607.0,6.0,0.0,0.0,0.0,6.0,88.0,13.0,72.0,3.0,0.0
NEW JERSEY,Berkeley Township,46319.0,61.0,0.0,8.0,2.0,51.0,274.0,33.0,228.0,13.0,1.0
NEW JERSEY,Berlin,7717.0,1.0,0.0,0.0,0.0,1.0,99.0,8.0,91.0,0.0,0.0
NEW JERSEY,Berlin Township,6131.0,8.0,0.0,0.0,2.0,6.0,202.0,16.0,182.0,4.0,0.0
NEW JERSEY,Bernards Township,28921.0,3.0,0.0,0.0,0.0,3.0,51.0,20.0,29.0,2.0,0.0
NEW JERSEY,Bernardsville,8018.0,3.0,0.0,0.0,1.0,2.0,48.0,7.0,39.0,2.0,0.0
NEW JERSEY,Beverly,2520.0,6.0,0.0,0.0,0.0,6.0,32.0,8.0,21.0,3.0,1.0
NEW JERSEY,Blairstown Township,5777.0,4.0,0.0,0.0,0.0,4.0,9.0,2.0,7.0,0.0,1.0
NEW JERSEY,Bloomfield,55161.0,68.0,0.0,0.0,22.0,46.0,806.0,49.0,633.0,124.0,0.0
NEW JERSEY,Bloomingdale,7711.0,12.0,0.0,2.0,1.0,9.0,27.0,3.0,22.0,2.0,0.0
NEW JERSEY,Bogota,10126.0,5.0,0.0,0.0,1.0,4.0,46.0,8.0,34.0,4.0,0.0
NEW JERSEY,Boonton,9023.0,2.0,0.0,0.0,0.0,2.0,80.0,5.0,69.0,6.0,1.0
NEW JERSEY,Boonton Township,4521.0,0.0,0.0,0.0,0.0,0.0,16.0,1.0,15.0,0.0,0.0
NEW JERSEY,Bordentown City,4031.0,4.0,0.0,0.0,0.0,4.0,33.0,17.0,16.0,0.0,0.0
NEW JERSEY,Bordentown Township,12126.0,9.0,0.0,2.0,0.0,7.0,121.0,16.0,90.0,15.0,0.0
NEW JERSEY,Bradley Beach,4198.0,0.0,0.0,0.0,0.0,0.0,87.0,36.0,47.0,4.0,0.0
NEW JERSEY,Brick Township,78685.0,108.0,0.0,16.0,6.0,86.0,844.0,93.0,736.0,15.0,3.0
NEW JERSEY,Bridgeton,26634.0,245.0,6.0,12.0,94.0,133.0,934.0,80.0,805.0,49.0,3.0
NEW JERSEY,Bridgewater Township,46946.0,11.0,0.0,5.0,3.0,3.0,468.0,40.0,412.0,16.0,0.0
NEW JERSEY,Brielle,4903.0,1.0,0.0,0.0,0.0,1.0,15.0,3.0,12.0,0.0,0.0
NEW JERSEY,Brigantine,7567.0,8.0,0.0,1.0,0.0,7.0,57.0,7.0,48.0,2.0,0.0
NEW JERSEY,Brooklawn,1855.0,8.0,0.0,1.0,3.0,4.0,223.0,5.0,209.0,9.0,0.0
NEW JERSEY,Burlington City,10125.0,38.0,0.0,0.0,9.0,29.0,270.0,24.0,219.0,27.0,0.0
NEW JERSEY,Burlington Township,24155.0,41.0,0.0,5.0,6.0,30.0,229.0,32.0,168.0,29.0,0.0
NEW JERSEY,Butler,8346.0,3.0,0.0,0.0,1.0,2.0,42.0,6.0,34.0,2.0,0.0
NEW JERSEY,Caldwell,8976.0,6.0,0.0,2.0,1.0,3.0,29.0,5.0,20.0,4.0,0.0
NEW JERSEY,Camden County Police Department,72435.0,1000.0,19.0,57.0,183.0,741.0,2202.0,298.0,1176.0,728.0,38.0
NEW JERSEY,Cape May,2755.0,4.0,0.0,1.0,0.0,3.0,73.0,5.0,67.0,1.0,0.0
NEW JERSEY,Carlstadt,6461.0,4.0,0.0,0.0,0.0,4.0,101.0,3.0,88.0,10.0,0.0
NEW JERSEY,Carney's Point Township,8641.0,5.0,0.0,0.0,1.0,4.0,77.0,9.0,53.0,15.0,1.0
NEW JERSEY,Carteret,25827.0,81.0,2.0,5.0,11.0,63.0,326.0,41.0,245.0,40.0,0.0
NEW JERSEY,Cedar Grove Township,13705.0,2.0,0.0,1.0,0.0,1.0,87.0,18.0,63.0,6.0,0.0
NEW JERSEY,Chatham,9505.0,2.0,0.0,0.0,1.0,1.0,48.0,12.0,29.0,7.0,2.0
NEW JERSEY,Chatham Township,11424.0,3.0,0.0,0.0,0.0,3.0,36.0,6.0,30.0,0.0,0.0
NEW JERSEY,Cherry Hill Township,79950.0,139.0,1.0,11.0,54.0,73.0,2720.0,112.0,2459.0,149.0,0.0
NEW JERSEY,Chester,1718.0,0.0,0.0,0.0,0.0,0.0,10.0,1.0,9.0,0.0,0.0
NEW JERSEY,Chesterfield Township,9299.0,2.0,0.0,0.0,0.0,2.0,7.0,0.0,7.0,0.0,0.0
NEW JERSEY,Chester Township,7875.0,0.0,0.0,0.0,0.0,0.0,13.0,4.0,9.0,0.0,0.0
NEW JERSEY,Cinnaminson Township,17639.0,18.0,0.0,2.0,2.0,14.0,358.0,72.0,261.0,25.0,0.0
NEW JERSEY,Clark Township,15754.0,15.0,0.0,2.0,3.0,10.0,398.0,28.0,357.0,13.0,0.0
NEW JERSEY,Clayton,9191.0,13.0,1.0,0.0,1.0,11.0,69.0,21.0,44.0,4.0,0.0
NEW JERSEY,Clementon,5629.0,13.0,0.0,0.0,2.0,11.0,118.0,16.0,97.0,5.0,1.0
NEW JERSEY,Cliffside Park,26105.0,33.0,0.0,4.0,7.0,22.0,168.0,21.0,132.0,15.0,1.0
NEW JERSEY,Clifton,89870.0,149.0,1.0,9.0,40.0,99.0,2036.0,275.0,1553.0,208.0,2.0
NEW JERSEY,Clinton,2786.0,0.0,0.0,0.0,0.0,0.0,10.0,0.0,10.0,0.0,0.0
NEW JERSEY,Clinton Township,13018.0,10.0,0.0,0.0,3.0,7.0,72.0,13.0,54.0,5.0,0.0
NEW JERSEY,Closter,8724.0,1.0,0.0,0.0,0.0,1.0,104.0,7.0,97.0,0.0,0.0
NEW JERSEY,Collingswood,14528.0,18.0,0.0,0.0,5.0,13.0,441.0,31.0,309.0,101.0,0.0
NEW JERSEY,Colts Neck Township,9898.0,1.0,0.0,0.0,0.0,1.0,67.0,16.0,45.0,6.0,0.0
NEW JERSEY,Cranbury Township,4068.0,1.0,0.0,1.0,0.0,0.0,39.0,6.0,30.0,3.0,0.0
NEW JERSEY,Cranford Township,24232.0,3.0,0.0,2.0,1.0,0.0,197.0,48.0,134.0,15.0,0.0
NEW JERSEY,Deal,885.0,0.0,0.0,0.0,0.0,0.0,28.0,11.0,14.0,3.0,1.0
NEW JERSEY,Delaware Township,4580.0,1.0,0.0,0.0,0.0,1.0,11.0,0.0,10.0,1.0,0.0
NEW JERSEY,Delran Township,18437.0,15.0,0.0,2.0,4.0,9.0,293.0,13.0,254.0,26.0,0.0
NEW JERSEY,Demarest,4913.0,0.0,0.0,0.0,0.0,0.0,26.0,7.0,19.0,0.0,0.0
NEW JERSEY,Denville Township,17546.0,3.0,0.0,0.0,0.0,3.0,75.0,18.0,51.0,6.0,0.0
NEW JERSEY,Dover,18844.0,42.0,0.0,5.0,8.0,29.0,164.0,12.0,137.0,15.0,1.0
NEW JERSEY,Dumont,18765.0,3.0,0.0,0.0,0.0,3.0,54.0,5.0,46.0,3.0,0.0
NEW JERSEY,Dunellen,8561.0,8.0,0.0,0.0,2.0,6.0,71.0,6.0,60.0,5.0,1.0
NEW JERSEY,Eastampton Township,6524.0,13.0,1.0,0.0,0.0,12.0,41.0,5.0,32.0,4.0,0.0
NEW JERSEY,East Brunswick Township,50487.0,64.0,0.0,1.0,12.0,51.0,591.0,53.0,511.0,27.0,4.0
NEW JERSEY,East Greenwich Township,12888.0,6.0,0.0,1.0,0.0,5.0,91.0,5.0,76.0,10.0,0.0
NEW JERSEY,East Hanover Township,11398.0,1.0,0.0,0.0,1.0,0.0,164.0,14.0,145.0,5.0,0.0
NEW JERSEY,East Newark,2437.0,3.0,0.0,0.0,1.0,2.0,28.0,15.0,8.0,5.0,0.0
NEW JERSEY,East Orange,71138.0,346.0,5.0,26.0,82.0,233.0,1389.0,76.0,880.0,433.0,5.0
NEW JERSEY,East Windsor Township,30343.0,22.0,0.0,1.0,4.0,17.0,247.0,14.0,213.0,20.0,0.0
NEW JERSEY,Eatontown,13470.0,36.0,0.0,6.0,3.0,27.0,248.0,18.0,221.0,9.0,0.0
NEW JERSEY,Edgewater,15063.0,6.0,0.0,2.0,2.0,2.0,193.0,5.0,173.0,15.0,0.0
NEW JERSEY,Edgewater Park Township,9005.0,11.0,0.0,1.0,2.0,8.0,141.0,41.0,78.0,22.0,0.0
NEW JERSEY,Edison Township,109086.0,191.0,1.0,11.0,50.0,129.0,2047.0,205.0,1712.0,130.0,5.0
NEW JERSEY,Egg Harbor City,4386.0,8.0,0.0,0.0,1.0,7.0,76.0,12.0,60.0,4.0,0.0
NEW JERSEY,Egg Harbor Township,47892.0,70.0,0.0,8.0,10.0,52.0,802.0,127.0,643.0,32.0,4.0
NEW JERSEY,Elizabeth,138500.0,566.0,5.0,44.0,156.0,361.0,3681.0,205.0,2643.0,833.0,4.0
NEW JERSEY,Elk Township,4590.0,1.0,0.0,0.0,0.0,1.0,32.0,10.0,20.0,2.0,0.0
NEW JERSEY,Elmer,1376.0,0.0,0.0,0.0,0.0,0.0,13.0,3.0,9.0,1.0,0.0
NEW JERSEY,Elmwood Park,21682.0,48.0,0.0,6.0,10.0,32.0,487.0,26.0,426.0,35.0,0.0
NEW JERSEY,Emerson,7402.0,0.0,0.0,0.0,0.0,0.0,7.0,0.0,7.0,0.0,0.0
NEW JERSEY,Englewood,30405.0,70.0,0.0,4.0,18.0,48.0,328.0,85.0,206.0,37.0,0.0
NEW JERSEY,Englewood Cliffs,5434.0,3.0,0.0,0.0,1.0,2.0,82.0,15.0,60.0,7.0,0.0
NEW JERSEY,Englishtown,2340.0,2.0,0.0,0.0,0.0,2.0,17.0,0.0,17.0,0.0,0.0
NEW JERSEY,Essex Fells,2160.0,0.0,0.0,0.0,0.0,0.0,28.0,13.0,12.0,3.0,0.0
NEW JERSEY,Evesham Township,49011.0,40.0,0.0,7.0,12.0,21.0,662.0,38.0,602.0,22.0,7.0
NEW JERSEY,Ewing Township,34718.0,87.0,1.0,15.0,19.0,52.0,824.0,84.0,664.0,76.0,1.0
NEW JERSEY,"Fairfield Township, Essex County",8150.0,2.0,1.0,0.0,0.0,1.0,71.0,2.0,69.0,0.0,0.0
NEW JERSEY,Fair Haven,6063.0,1.0,0.0,0.0,0.0,1.0,11.0,3.0,6.0,2.0,0.0
NEW JERSEY,Fair Lawn,36579.0,16.0,0.0,2.0,0.0,14.0,343.0,42.0,279.0,22.0,0.0
NEW JERSEY,Fairview,15232.0,17.0,0.0,0.0,3.0,14.0,151.0,11.0,131.0,9.0,0.0
NEW JERSEY,Fanwood,7790.0,1.0,0.0,1.0,0.0,0.0,57.0,20.0,34.0,3.0,0.0
NEW JERSEY,Flemington,4914.0,3.0,0.0,1.0,0.0,2.0,127.0,8.0,117.0,2.0,0.0
NEW JERSEY,Florence Township,12929.0,19.0,0.0,3.0,3.0,13.0,43.0,6.0,32.0,5.0,0.0
NEW JERSEY,Florham Park,14942.0,4.0,0.0,1.0,0.0,3.0,86.0,16.0,65.0,5.0,0.0
NEW JERSEY,Fort Lee,40445.0,53.0,0.0,6.0,14.0,33.0,445.0,62.0,323.0,60.0,1.0
NEW JERSEY,Franklin,5047.0,0.0,0.0,0.0,0.0,0.0,26.0,2.0,24.0,0.0,0.0
NEW JERSEY,Franklin Lakes,11251.0,3.0,0.0,1.0,0.0,2.0,42.0,12.0,29.0,1.0,0.0
NEW JERSEY,"Franklin Township, Gloucester County",16963.0,20.0,1.0,3.0,1.0,15.0,137.0,36.0,94.0,7.0,2.0
NEW JERSEY,"Franklin Township, Hunterdon County",3297.0,1.0,0.0,0.0,0.0,1.0,10.0,1.0,9.0,0.0,0.0
NEW JERSEY,"Franklin Township, Somerset County",69921.0,55.0,1.0,9.0,13.0,32.0,791.0,77.0,643.0,71.0,0.0
NEW JERSEY,Freehold Borough,12403.0,34.0,0.0,3.0,9.0,22.0,156.0,16.0,128.0,12.0,0.0
NEW JERSEY,Freehold Township,35576.0,56.0,0.0,3.0,5.0,48.0,537.0,20.0,497.0,20.0,0.0
NEW JERSEY,Frenchtown,1509.0,1.0,0.0,0.0,0.0,1.0,6.0,1.0,4.0,1.0,0.0
NEW JERSEY,Galloway Township,37910.0,49.0,1.0,7.0,1.0,40.0,511.0,98.0,372.0,41.0,0.0
NEW JERSEY,Garfield,33129.0,66.0,1.0,7.0,14.0,44.0,580.0,28.0,449.0,103.0,1.0
NEW JERSEY,Garwood,5558.0,0.0,0.0,0.0,0.0,0.0,62.0,0.0,61.0,1.0,0.0
NEW JERSEY,Gibbsboro,2287.0,5.0,0.0,0.0,0.0,5.0,29.0,3.0,26.0,0.0,0.0
NEW JERSEY,Glassboro,24793.0,38.0,1.0,2.0,8.0,27.0,267.0,24.0,224.0,19.0,1.0
NEW JERSEY,Glen Ridge,8195.0,2.0,0.0,0.0,0.0,2.0,98.0,19.0,76.0,3.0,0.0
NEW JERSEY,Glen Rock,12331.0,2.0,0.0,0.0,0.0,2.0,76.0,8.0,59.0,9.0,0.0
NEW JERSEY,Gloucester Township,67786.0,46.0,2.0,2.0,1.0,41.0,777.0,45.0,649.0,83.0,1.0
NEW JERSEY,Green Brook Township,7485.0,3.0,0.0,2.0,0.0,1.0,45.0,8.0,32.0,5.0,0.0
NEW JERSEY,"Greenwich Township, Warren County",5515.0,1.0,0.0,0.0,1.0,0.0,163.0,4.0,157.0,2.0,0.0
NEW JERSEY,Guttenberg,11426.0,24.0,1.0,1.0,9.0,13.0,109.0,22.0,84.0,3.0,0.0
NEW JERSEY,Hackensack,46667.0,115.0,0.0,9.0,19.0,87.0,945.0,121.0,739.0,85.0,2.0
NEW JERSEY,Hackettstown,10090.0,1.0,0.0,0.0,0.0,1.0,52.0,5.0,44.0,3.0,0.0
NEW JERSEY,Haddonfield,12856.0,5.0,0.0,0.0,2.0,3.0,197.0,33.0,155.0,9.0,0.0
NEW JERSEY,Haddon Heights,7682.0,0.0,0.0,0.0,0.0,0.0,38.0,13.0,23.0,2.0,0.0
NEW JERSEY,Haddon Township,15817.0,28.0,0.0,0.0,8.0,20.0,554.0,77.0,447.0,30.0,1.0
NEW JERSEY,Hamburg,3354.0,5.0,0.0,1.0,0.0,4.0,20.0,3.0,17.0,0.0,2.0
NEW JERSEY,"Hamilton Township, Atlantic County",28528.0,33.0,3.0,4.0,3.0,23.0,693.0,47.0,616.0,30.0,4.0
NEW JERSEY,"Hamilton Township, Mercer County",93487.0,172.0,1.0,20.0,38.0,113.0,2195.0,156.0,1859.0,180.0,4.0
NEW JERSEY,Hammonton,14832.0,19.0,0.0,0.0,2.0,17.0,176.0,14.0,146.0,16.0,0.0
NEW JERSEY,Hanover Township,14968.0,17.0,0.0,0.0,1.0,16.0,173.0,14.0,155.0,4.0,0.0
NEW JERSEY,Hardyston Township,8510.0,5.0,0.0,0.0,0.0,5.0,18.0,6.0,12.0,0.0,0.0
NEW JERSEY,Harrington Park,5193.0,0.0,0.0,0.0,0.0,0.0,11.0,2.0,9.0,0.0,0.0
NEW JERSEY,Harrison,21337.0,50.0,0.0,0.0,13.0,37.0,374.0,68.0,281.0,25.0,1.0
NEW JERSEY,Harrison Township,14161.0,10.0,0.0,2.0,0.0,8.0,65.0,13.0,49.0,3.0,0.0
NEW JERSEY,Hasbrouck Heights,12272.0,3.0,0.0,0.0,1.0,2.0,58.0,2.0,55.0,1.0,0.0
NEW JERSEY,Haworth,3391.0,1.0,0.0,0.0,1.0,0.0,10.0,1.0,8.0,1.0,0.0
NEW JERSEY,Hawthorne,19899.0,5.0,0.0,0.0,0.0,5.0,173.0,8.0,150.0,15.0,0.0
NEW JERSEY,Hazlet Township,20663.0,17.0,1.0,1.0,1.0,14.0,279.0,33.0,242.0,4.0,3.0
NEW JERSEY,Helmetta,2484.0,1.0,0.0,0.0,0.0,1.0,8.0,1.0,7.0,0.0,0.0
NEW JERSEY,High Bridge,3612.0,0.0,0.0,0.0,0.0,0.0,36.0,5.0,31.0,0.0,0.0
NEW JERSEY,Highland Park,15260.0,23.0,0.0,4.0,3.0,16.0,186.0,17.0,161.0,8.0,1.0
NEW JERSEY,Highlands,4240.0,5.0,0.0,0.0,0.0,5.0,21.0,0.0,10.0,11.0,0.0
NEW JERSEY,Hightstown,5970.0,6.0,0.0,0.0,0.0,6.0,39.0,4.0,34.0,1.0,0.0
NEW JERSEY,Hillsborough Township,45555.0,28.0,0.0,1.0,0.0,27.0,178.0,35.0,135.0,8.0,0.0
NEW JERSEY,Hillsdale,10264.0,0.0,0.0,0.0,0.0,0.0,27.0,0.0,26.0,1.0,0.0
NEW JERSEY,Hillside Township,22351.0,44.0,0.0,4.0,13.0,27.0,709.0,51.0,494.0,164.0,4.0
NEW JERSEY,Hi-Nella,949.0,6.0,0.0,1.0,0.0,5.0,3.0,2.0,1.0,0.0,0.0
NEW JERSEY,Hoboken,57293.0,108.0,1.0,1.0,36.0,70.0,1022.0,68.0,894.0,60.0,0.0
NEW JERSEY,Holmdel Township,17407.0,4.0,0.0,0.0,3.0,1.0,102.0,16.0,82.0,4.0,0.0
NEW JERSEY,Hopatcong,14721.0,11.0,0.0,2.0,0.0,9.0,26.0,4.0,21.0,1.0,0.0
NEW JERSEY,Hopewell Township,17740.0,12.0,0.0,2.0,0.0,10.0,143.0,24.0,118.0,1.0,0.0
NEW JERSEY,Howell Township,53988.0,45.0,1.0,7.0,4.0,33.0,430.0,50.0,363.0,17.0,2.0
NEW JERSEY,Independence Township,5539.0,3.0,1.0,1.0,0.0,1.0,4.0,2.0,2.0,0.0,0.0
NEW JERSEY,Interlaken,815.0,0.0,0.0,0.0,0.0,0.0,1.0,0.0,1.0,0.0,0.0
NEW JERSEY,Irvington,60900.0,270.0,5.0,26.0,149.0,90.0,1572.0,74.0,853.0,645.0,0.0
NEW JERSEY,Island Heights,1755.0,1.0,0.0,0.0,0.0,1.0,1.0,0.0,1.0,0.0,0.0
NEW JERSEY,Jackson Township,62326.0,25.0,1.0,5.0,1.0,18.0,267.0,27.0,220.0,20.0,3.0
NEW JERSEY,Jamesburg,5851.0,2.0,0.0,0.0,0.0,2.0,21.0,4.0,17.0,0.0,0.0
NEW JERSEY,Jersey City,297922.0,1673.0,7.0,88.0,515.0,1063.0,6045.0,613.0,4547.0,885.0,6.0
NEW JERSEY,Keansburg,9617.0,17.0,0.0,2.0,3.0,12.0,123.0,11.0,106.0,6.0,0.0
NEW JERSEY,Kenilworth,8394.0,2.0,0.0,1.0,0.0,1.0,71.0,5.0,60.0,6.0,0.0
NEW JERSEY,Keyport,7072.0,13.0,1.0,0.0,3.0,9.0,113.0,11.0,98.0,4.0,0.0
NEW JERSEY,Kinnelon,10250.0,1.0,0.0,0.0,0.0,1.0,36.0,6.0,29.0,1.0,0.0
NEW JERSEY,Lacey Township,30787.0,24.0,0.0,1.0,1.0,22.0,293.0,23.0,263.0,7.0,0.0
NEW JERSEY,Lakehurst,2791.0,4.0,0.0,0.0,0.0,4.0,74.0,1.0,73.0,0.0,1.0
NEW JERSEY,Lakewood Township,144876.0,218.0,2.0,22.0,27.0,167.0,847.0,127.0,673.0,47.0,7.0
NEW JERSEY,Lambertville,4166.0,1.0,0.0,1.0,0.0,0.0,19.0,1.0,16.0,2.0,0.0
NEW JERSEY,Lavallette,1905.0,3.0,0.0,1.0,0.0,2.0,11.0,0.0,11.0,0.0,0.0
NEW JERSEY,Lawnside,3502.0,12.0,0.0,1.0,4.0,7.0,241.0,23.0,203.0,15.0,0.0
NEW JERSEY,"Lawrence Township, Mercer County",32040.0,9.0,0.0,6.0,3.0,0.0,586.0,37.0,507.0,42.0,1.0
NEW JERSEY,Lebanon Township,6224.0,0.0,0.0,0.0,0.0,0.0,18.0,0.0,17.0,1.0,0.0
NEW JERSEY,Leonia,9507.0,3.0,0.0,0.0,0.0,3.0,46.0,11.0,32.0,3.0,0.0
NEW JERSEY,Lincoln Park,11211.0,2.0,0.0,1.0,0.0,1.0,68.0,22.0,39.0,7.0,0.0
NEW JERSEY,Lindenwold,22184.0,89.0,1.0,5.0,25.0,58.0,469.0,77.0,339.0,53.0,3.0
NEW JERSEY,Linwood,6961.0,1.0,0.0,0.0,1.0,0.0,50.0,8.0,41.0,1.0,0.0
NEW JERSEY,Little Egg Harbor Township,22244.0,11.0,0.0,1.0,1.0,9.0,229.0,24.0,197.0,8.0,5.0
NEW JERSEY,Little Falls Township,14758.0,15.0,0.0,1.0,1.0,13.0,83.0,10.0,66.0,7.0,1.0
NEW JERSEY,Little Silver,6029.0,2.0,0.0,1.0,0.0,1.0,36.0,6.0,28.0,2.0,0.0
NEW JERSEY,Livingston Township,31715.0,25.0,0.0,3.0,5.0,17.0,271.0,52.0,214.0,5.0,0.0
NEW JERSEY,Loch Arbour,222.0,0.0,0.0,0.0,0.0,0.0,10.0,0.0,10.0,0.0,0.0
NEW JERSEY,Lodi,26296.0,42.0,0.0,5.0,7.0,30.0,355.0,30.0,299.0,26.0,2.0
NEW JERSEY,Logan Township,6227.0,4.0,0.0,0.0,0.0,4.0,103.0,6.0,86.0,11.0,1.0
NEW JERSEY,Long Beach Township,3220.0,5.0,0.0,1.0,0.0,4.0,52.0,1.0,50.0,1.0,0.0
NEW JERSEY,Long Branch,33113.0,80.0,1.0,10.0,13.0,56.0,539.0,65.0,439.0,35.0,0.0
NEW JERSEY,Long Hill Township,8804.0,2.0,0.0,1.0,0.0,1.0,28.0,3.0,25.0,0.0,0.0
NEW JERSEY,Longport,872.0,0.0,0.0,0.0,0.0,0.0,10.0,1.0,5.0,4.0,0.0
NEW JERSEY,Lopatcong Township,9660.0,8.0,0.0,0.0,1.0,7.0,54.0,2.0,47.0,5.0,0.0
NEW JERSEY,Lower Alloways Creek Township,1742.0,0.0,0.0,0.0,0.0,0.0,3.0,2.0,0.0,1.0,0.0
NEW JERSEY,Lower Township,21848.0,34.0,0.0,8.0,2.0,24.0,157.0,21.0,117.0,19.0,0.0
NEW JERSEY,Lumberton Township,12917.0,11.0,0.0,3.0,1.0,7.0,197.0,14.0,162.0,21.0,0.0
NEW JERSEY,Lyndhurst Township,22705.0,14.0,0.0,2.0,5.0,7.0,246.0,12.0,216.0,18.0,1.0
NEW JERSEY,Madison,16643.0,2.0,0.0,0.0,1.0,1.0,68.0,1.0,66.0,1.0,0.0
NEW JERSEY,Magnolia,4455.0,10.0,0.0,0.0,3.0,7.0,136.0,10.0,117.0,9.0,0.0
NEW JERSEY,Mahwah Township,25873.0,16.0,0.0,2.0,1.0,13.0,110.0,10.0,92.0,8.0,0.0
NEW JERSEY,Manalapan Township,40430.0,14.0,0.0,0.0,0.0,14.0,262.0,67.0,181.0,14.0,0.0
NEW JERSEY,Manasquan,5860.0,5.0,0.0,3.0,2.0,0.0,57.0,6.0,51.0,0.0,1.0
NEW JERSEY,Manchester Township,47488.0,29.0,2.0,9.0,1.0,17.0,214.0,20.0,186.0,8.0,1.0
NEW JERSEY,"Mansfield Township, Burlington County",9024.0,15.0,0.0,3.0,0.0,12.0,51.0,10.0,30.0,11.0,0.0
NEW JERSEY,"Mansfield Township, Warren County",7911.0,2.0,0.0,0.0,2.0,0.0,89.0,9.0,78.0,2.0,0.0
NEW JERSEY,Mantua Township,15851.0,10.0,1.0,0.0,2.0,7.0,317.0,48.0,256.0,13.0,0.0
NEW JERSEY,Manville,10998.0,11.0,0.0,5.0,3.0,3.0,106.0,4.0,96.0,6.0,1.0
NEW JERSEY,Maple Shade Township,20132.0,71.0,0.0,13.0,7.0,51.0,440.0,47.0,345.0,48.0,3.0
NEW JERSEY,Maplewood Township,25786.0,13.0,0.0,2.0,6.0,5.0,360.0,40.0,257.0,63.0,0.0
NEW JERSEY,Margate City,5117.0,3.0,0.0,2.0,0.0,1.0,64.0,9.0,50.0,5.0,0.0
NEW JERSEY,Marlboro Township,41344.0,29.0,1.0,1.0,2.0,25.0,362.0,51.0,291.0,20.0,0.0
NEW JERSEY,Matawan,9757.0,0.0,0.0,0.0,0.0,0.0,2.0,0.0,0.0,2.0,0.0
NEW JERSEY,Maywood,10230.0,15.0,0.0,0.0,3.0,12.0,143.0,12.0,122.0,9.0,0.0
NEW JERSEY,Medford Lakes,4300.0,1.0,0.0,1.0,0.0,0.0,17.0,0.0,16.0,1.0,0.0
NEW JERSEY,Medford Township,25176.0,20.0,0.0,7.0,1.0,12.0,165.0,28.0,131.0,6.0,1.0
NEW JERSEY,Merchantville,3908.0,3.0,0.0,0.0,1.0,2.0,72.0,28.0,39.0,5.0,0.0
NEW JERSEY,Metuchen,15279.0,7.0,0.0,2.0,1.0,4.0,151.0,16.0,125.0,10.0,0.0
NEW JERSEY,Middlesex Borough,14731.0,3.0,0.0,0.0,1.0,2.0,58.0,18.0,35.0,5.0,0.0
NEW JERSEY,Middle Township,20144.0,53.0,0.0,8.0,4.0,41.0,388.0,40.0,331.0,17.0,3.0
NEW JERSEY,Middletown Township,66307.0,40.0,1.0,4.0,5.0,30.0,424.0,46.0,363.0,15.0,0.0
NEW JERSEY,Midland Park,7110.0,3.0,0.0,0.0,1.0,2.0,47.0,3.0,39.0,5.0,1.0
NEW JERSEY,Millburn Township,22415.0,1.0,0.0,0.0,1.0,0.0,510.0,39.0,456.0,15.0,0.0
NEW JERSEY,Milltown,7103.0,5.0,0.0,2.0,0.0,3.0,91.0,8.0,80.0,3.0,0.0
NEW JERSEY,Millville,27340.0,124.0,4.0,13.0,34.0,73.0,1068.0,135.0,881.0,52.0,4.0
NEW JERSEY,Monmouth Beach,3212.0,1.0,0.0,0.0,1.0,0.0,7.0,0.0,6.0,1.0,0.0
NEW JERSEY,"Monroe Township, Gloucester County",38785.0,48.0,0.0,6.0,4.0,38.0,392.0,78.0,272.0,42.0,2.0
NEW JERSEY,"Monroe Township, Middlesex County",49652.0,6.0,0.0,0.0,0.0,6.0,130.0,30.0,89.0,11.0,0.0
NEW JERSEY,Montclair,40656.0,48.0,0.0,5.0,9.0,34.0,340.0,91.0,218.0,31.0,0.0
NEW JERSEY,Montgomery Township,24343.0,8.0,0.0,1.0,2.0,5.0,96.0,20.0,65.0,11.0,0.0
NEW JERSEY,Montvale,9915.0,5.0,0.0,0.0,0.0,5.0,93.0,5.0,85.0,3.0,0.0
NEW JERSEY,Montville Township,23015.0,4.0,0.0,0.0,2.0,2.0,147.0,46.0,95.0,6.0,0.0
NEW JERSEY,Moorestown Township,21647.0,14.0,1.0,2.0,2.0,9.0,226.0,50.0,171.0,5.0,0.0
NEW JERSEY,Morris Plains,6827.0,4.0,0.0,0.0,1.0,3.0,77.0,8.0,69.0,0.0,0.0
NEW JERSEY,Morristown,21172.0,56.0,0.0,8.0,12.0,36.0,169.0,7.0,146.0,16.0,1.0
NEW JERSEY,Morris Township,24191.0,6.0,0.0,0.0,1.0,5.0,136.0,18.0,109.0,9.0,0.0
NEW JERSEY,Mountainside,7053.0,1.0,0.0,0.0,1.0,0.0,24.0,5.0,16.0,3.0,0.0
NEW JERSEY,Mount Arlington,6070.0,0.0,0.0,0.0,0.0,0.0,9.0,0.0,9.0,0.0,0.0
NEW JERSEY,Mount Ephraim,4756.0,6.0,1.0,0.0,3.0,2.0,259.0,8.0,235.0,16.0,0.0
NEW JERSEY,Mount Holly Township,10213.0,26.0,0.0,1.0,3.0,22.0,163.0,16.0,138.0,9.0,0.0
NEW JERSEY,Mount Laurel Township,46978.0,92.0,0.0,14.0,16.0,62.0,961.0,65.0,817.0,79.0,1.0
NEW JERSEY,Mount Olive Township,30034.0,17.0,0.0,10.0,1.0,6.0,154.0,15.0,132.0,7.0,1.0
NEW JERSEY,Mullica Township,5801.0,5.0,0.0,0.0,0.0,5.0,42.0,13.0,27.0,2.0,1.0
NEW JERSEY,Neptune City,4571.0,7.0,0.0,1.0,0.0,6.0,118.0,7.0,106.0,5.0,0.0
NEW JERSEY,Neptune Township,27969.0,81.0,0.0,5.0,15.0,61.0,912.0,73.0,816.0,23.0,1.0
NEW JERSEY,Netcong,3855.0,7.0,0.0,1.0,0.0,6.0,18.0,0.0,16.0,2.0,0.0
NEW JERSEY,Newark,309708.0,1800.0,39.0,126.0,442.0,1193.0,6062.0,472.0,2884.0,2706.0,12.0
NEW JERSEY,New Brunswick,57259.0,400.0,9.0,26.0,159.0,206.0,1504.0,168.0,1237.0,99.0,6.0
NEW JERSEY,New Milford,17261.0,2.0,0.0,0.0,0.0,2.0,84.0,3.0,81.0,0.0,0.0
NEW JERSEY,New Providence,13717.0,6.0,0.0,1.0,2.0,3.0,35.0,1.0,32.0,2.0,0.0
NEW JERSEY,Newton,8206.0,12.0,0.0,2.0,0.0,10.0,61.0,0.0,58.0,3.0,0.0
NEW JERSEY,North Bergen Township,59532.0,129.0,2.0,15.0,29.0,83.0,462.0,25.0,372.0,65.0,0.0
NEW JERSEY,North Brunswick Township,45184.0,62.0,0.0,1.0,19.0,42.0,634.0,38.0,542.0,54.0,0.0
NEW JERSEY,North Caldwell,6685.0,1.0,0.0,0.0,1.0,0.0,43.0,18.0,24.0,1.0,0.0
NEW JERSEY,Northfield,8427.0,0.0,0.0,0.0,0.0,0.0,91.0,10.0,73.0,8.0,0.0
NEW JERSEY,North Haledon,8732.0,5.0,0.0,1.0,1.0,3.0,25.0,6.0,17.0,2.0,0.0
NEW JERSEY,North Hanover Township,8024.0,3.0,0.0,1.0,0.0,2.0,10.0,4.0,3.0,3.0,0.0
NEW JERSEY,North Plainfield,23071.0,35.0,0.0,9.0,15.0,11.0,337.0,30.0,277.0,30.0,0.0
NEW JERSEY,Northvale,4945.0,2.0,0.0,1.0,0.0,1.0,29.0,1.0,27.0,1.0,0.0
NEW JERSEY,North Wildwood,3574.0,13.0,0.0,2.0,0.0,11.0,114.0,5.0,107.0,2.0,0.0
NEW JERSEY,Norwood,5890.0,2.0,0.0,0.0,2.0,0.0,19.0,7.0,12.0,0.0,0.0
NEW JERSEY,Nutley Township,30014.0,14.0,0.0,3.0,2.0,9.0,197.0,25.0,153.0,19.0,0.0
NEW JERSEY,Oakland,12944.0,4.0,0.0,0.0,2.0,2.0,44.0,9.0,33.0,2.0,0.0
NEW JERSEY,Ocean City,11247.0,13.0,0.0,0.0,1.0,12.0,232.0,2.0,228.0,2.0,0.0
NEW JERSEY,Ocean Gate,2056.0,6.0,0.0,0.0,0.0,6.0,10.0,1.0,9.0,0.0,0.0
NEW JERSEY,Oceanport,6174.0,3.0,0.0,0.0,0.0,3.0,23.0,3.0,20.0,0.0,0.0
NEW JERSEY,"Ocean Township, Monmouth County",27835.0,52.0,4.0,12.0,8.0,28.0,945.0,85.0,838.0,22.0,0.0
NEW JERSEY,"Ocean Township, Ocean County",9314.0,2.0,0.0,0.0,0.0,2.0,28.0,0.0,26.0,2.0,0.0
NEW JERSEY,Ogdensburg,2307.0,0.0,0.0,0.0,0.0,0.0,0.0,0.0,0.0,0.0,0.0
NEW JERSEY,Old Bridge Township,70143.0,48.0,0.0,0.0,4.0,44.0,491.0,29.0,416.0,46.0,0.0
NEW JERSEY,Old Tappan,6282.0,3.0,0.0,2.0,0.0,1.0,12.0,2.0,9.0,1.0,0.0
NEW JERSEY,Oradell,8354.0,4.0,0.0,0.0,0.0,4.0,14.0,2.0,12.0,0.0,0.0
NEW JERSEY,Orange City,34349.0,156.0,2.0,20.0,49.0,85.0,601.0,53.0,402.0,146.0,0.0
NEW JERSEY,Oxford Township,2472.0,1.0,0.0,0.0,0.0,1.0,12.0,4.0,8.0,0.0,0.0
NEW JERSEY,Palisades Park,20477.0,5.0,0.0,1.0,2.0,2.0,141.0,29.0,99.0,13.0,0.0
NEW JERSEY,Palmyra,7508.0,11.0,0.0,3.0,0.0,8.0,144.0,4.0,122.0,18.0,1.0
NEW JERSEY,Paramus,26745.0,8.0,2.0,0.0,3.0,3.0,1310.0,55.0,1218.0,37.0,0.0
NEW JERSEY,Park Ridge,9855.0,4.0,0.0,1.0,0.0,3.0,22.0,4.0,18.0,0.0,0.0
NEW JERSEY,Parsippany-Troy Hills Township,57606.0,30.0,0.0,8.0,2.0,20.0,494.0,85.0,384.0,25.0,2.0
NEW JERSEY,Passaic,69938.0,503.0,1.0,12.0,111.0,379.0,1285.0,114.0,988.0,183.0,2.0
NEW JERSEY,Paterson,158903.0,1555.0,10.0,59.0,393.0,1093.0,3736.0,572.0,2353.0,811.0,14.0
NEW JERSEY,Paulsboro,6429.0,46.0,0.0,2.0,5.0,39.0,94.0,9.0,68.0,17.0,0.0
NEW JERSEY,Pemberton Township,27062.0,80.0,0.0,7.0,7.0,66.0,251.0,37.0,199.0,15.0,7.0
NEW JERSEY,Pennington,2917.0,2.0,0.0,0.0,0.0,2.0,15.0,3.0,12.0,0.0,0.0
NEW JERSEY,Pennsauken Township,38189.0,96.0,0.0,0.0,27.0,69.0,1663.0,225.0,1194.0,244.0,1.0
NEW JERSEY,Penns Grove,4872.0,28.0,2.0,2.0,3.0,21.0,75.0,23.0,39.0,13.0,0.0
NEW JERSEY,Pennsville Township,12794.0,10.0,0.0,5.0,1.0,4.0,291.0,6.0,279.0,6.0,0.0
NEW JERSEY,Pequannock Township,15964.0,1.0,0.0,0.0,0.0,1.0,90.0,7.0,78.0,5.0,0.0
NEW JERSEY,Perth Amboy,56409.0,221.0,3.0,12.0,22.0,184.0,772.0,94.0,585.0,93.0,3.0
NEW JERSEY,Phillipsburg,15363.0,24.0,0.0,5.0,9.0,10.0,273.0,22.0,232.0,19.0,4.0
NEW JERSEY,Pine Beach,2264.0,3.0,0.0,0.0,0.0,3.0,2.0,2.0,0.0,0.0,0.0
NEW JERSEY,Pine Hill,11028.0,25.0,1.0,0.0,3.0,21.0,149.0,30.0,94.0,25.0,3.0
NEW JERSEY,Piscataway Township,62342.0,67.0,0.0,0.0,10.0,57.0,436.0,46.0,337.0,53.0,1.0
NEW JERSEY,Pitman,9105.0,2.0,0.0,1.0,0.0,1.0,26.0,1.0,24.0,1.0,0.0
NEW JERSEY,Plainfield,55975.0,230.0,0.0,8.0,58.0,164.0,901.0,76.0,753.0,72.0,1.0
NEW JERSEY,Pleasantville,20619.0,83.0,1.0,6.0,15.0,61.0,304.0,124.0,148.0,32.0,0.0
NEW JERSEY,Pohatcong Township,3288.0,1.0,0.0,0.0,1.0,0.0,144.0,4.0,138.0,2.0,0.0
NEW JERSEY,Point Pleasant,20068.0,15.0,0.0,5.0,1.0,9.0,88.0,18.0,69.0,1.0,0.0
NEW JERSEY,Point Pleasant Beach,5062.0,14.0,0.0,0.0,0.0,14.0,105.0,5.0,91.0,9.0,0.0
NEW JERSEY,Princeton ,30838.0,15.0,0.0,0.0,5.0,10.0,221.0,24.0,195.0,2.0,0.0
NEW JERSEY,Prospect Park,6310.0,6.0,0.0,0.0,0.0,6.0,82.0,25.0,51.0,6.0,0.0
NEW JERSEY,Rahway,30512.0,55.0,0.0,9.0,10.0,36.0,247.0,31.0,179.0,37.0,3.0
NEW JERSEY,Ramsey,15009.0,3.0,0.0,1.0,2.0,0.0,152.0,7.0,137.0,8.0,2.0
NEW JERSEY,Randolph Township,27159.0,1.0,0.0,0.0,0.0,1.0,79.0,11.0,66.0,2.0,0.0
NEW JERSEY,Raritan,8857.0,3.0,0.0,2.0,0.0,1.0,76.0,18.0,56.0,2.0,0.0
NEW JERSEY,Raritan Township,25018.0,5.0,1.0,0.0,0.0,4.0,30.0,4.0,24.0,2.0,0.0
NEW JERSEY,Readington Township,16307.0,4.0,0.0,0.0,0.0,4.0,72.0,13.0,55.0,4.0,0.0
NEW JERSEY,Red Bank,12737.0,26.0,1.0,9.0,3.0,13.0,148.0,6.0,135.0,7.0,1.0
NEW JERSEY,Ridgefield,11650.0,6.0,0.0,0.0,1.0,5.0,83.0,3.0,68.0,12.0,0.0
NEW JERSEY,Ridgefield Park,13401.0,11.0,0.0,0.0,2.0,9.0,140.0,13.0,119.0,8.0,0.0
NEW JERSEY,Ridgewood,26864.0,12.0,0.0,0.0,2.0,10.0,157.0,16.0,129.0,12.0,0.0
NEW JERSEY,Ringwood,11623.0,4.0,0.0,0.0,1.0,3.0,21.0,4.0,16.0,1.0,0.0
NEW JERSEY,Riverdale,4196.0,3.0,0.0,1.0,0.0,2.0,126.0,3.0,120.0,3.0,0.0
NEW JERSEY,River Edge,12236.0,2.0,0.0,0.0,1.0,1.0,94.0,13.0,76.0,5.0,0.0
NEW JERSEY,Riverside Township,8076.0,20.0,0.0,2.0,0.0,18.0,85.0,6.0,70.0,9.0,0.0
NEW JERSEY,Riverton,2789.0,0.0,0.0,0.0,0.0,0.0,58.0,2.0,55.0,1.0,0.0
NEW JERSEY,River Vale Township,10412.0,3.0,0.0,0.0,0.0,3.0,30.0,5.0,25.0,0.0,0.0
NEW JERSEY,Robbinsville Township,15669.0,5.0,0.0,4.0,0.0,1.0,174.0,26.0,144.0,4.0,0.0
NEW JERSEY,Rochelle Park Township,5970.0,9.0,0.0,0.0,5.0,4.0,77.0,6.0,67.0,4.0,1.0
NEW JERSEY,Rockaway,6744.0,1.0,0.0,0.0,0.0,1.0,22.0,3.0,19.0,0.0,0.0
NEW JERSEY,Rockaway Township,27294.0,10.0,0.0,0.0,3.0,7.0,256.0,21.0,226.0,9.0,1.0
NEW JERSEY,Roseland,6268.0,1.0,0.0,0.0,0.0,1.0,47.0,11.0,22.0,14.0,0.0
NEW JERSEY,Roselle,22740.0,44.0,0.0,8.0,6.0,30.0,254.0,31.0,167.0,56.0,0.0
NEW JERSEY,Roselle Park,14212.0,5.0,0.0,0.0,1.0,4.0,101.0,8.0,88.0,5.0,0.0
NEW JERSEY,Roxbury Township,23773.0,0.0,0.0,0.0,0.0,0.0,167.0,17.0,139.0,11.0,1.0
NEW JERSEY,Rumson,7127.0,3.0,0.0,0.0,0.0,3.0,25.0,5.0,19.0,1.0,0.0
NEW JERSEY,Runnemede,8528.0,7.0,1.0,0.0,1.0,5.0,165.0,17.0,143.0,5.0,0.0
NEW JERSEY,Rutherford,19285.0,11.0,0.0,1.0,3.0,7.0,155.0,18.0,119.0,18.0,3.0
NEW JERSEY,Saddle Brook Township,14730.0,1.0,0.0,0.0,1.0,0.0,197.0,10.0,177.0,10.0,0.0
NEW JERSEY,Saddle River,3442.0,4.0,0.0,2.0,0.0,2.0,30.0,12.0,18.0,0.0,0.0
NEW JERSEY,Scotch Plains Township,24820.0,10.0,0.0,1.0,1.0,8.0,128.0,24.0,82.0,22.0,0.0
NEW JERSEY,Sea Bright,1421.0,3.0,0.0,0.0,0.0,3.0,3.0,0.0,1.0,2.0,0.0
NEW JERSEY,Sea Girt,1832.0,1.0,0.0,0.0,0.0,1.0,11.0,0.0,6.0,5.0,0.0
NEW JERSEY,Sea Isle City,2128.0,3.0,0.0,1.0,0.0,2.0,72.0,11.0,60.0,1.0,0.0
NEW JERSEY,Seaside Heights,2564.0,14.0,0.0,0.0,2.0,12.0,103.0,6.0,92.0,5.0,0.0
NEW JERSEY,Seaside Park,1516.0,0.0,0.0,0.0,0.0,0.0,6.0,1.0,5.0,0.0,0.0
NEW JERSEY,Secaucus,21121.0,32.0,0.0,5.0,10.0,17.0,768.0,71.0,670.0,27.0,0.0
NEW JERSEY,Shrewsbury,4141.0,1.0,0.0,0.0,0.0,1.0,83.0,3.0,76.0,4.0,0.0
NEW JERSEY,Somerdale,5693.0,14.0,0.0,0.0,1.0,13.0,301.0,10.0,284.0,7.0,0.0
NEW JERSEY,Somers Point,10468.0,34.0,0.0,4.0,2.0,28.0,233.0,21.0,199.0,13.0,2.0
NEW JERSEY,Somerville,15122.0,11.0,1.0,4.0,2.0,4.0,113.0,29.0,79.0,5.0,0.0
NEW JERSEY,South Amboy,10781.0,15.0,1.0,3.0,2.0,9.0,150.0,25.0,97.0,28.0,2.0
NEW JERSEY,South Brunswick Township,47468.0,48.0,0.0,4.0,2.0,42.0,375.0,44.0,295.0,36.0,3.0
NEW JERSEY,South Hackensack Township,2762.0,16.0,0.0,3.0,2.0,11.0,54.0,3.0,43.0,8.0,1.0
NEW JERSEY,South Harrison Township,3534.0,0.0,0.0,0.0,0.0,0.0,3.0,1.0,1.0,1.0,0.0
NEW JERSEY,South Orange Village,18532.0,10.0,0.0,3.0,1.0,6.0,273.0,23.0,219.0,31.0,0.0
NEW JERSEY,South Plainfield,24605.0,29.0,0.0,0.0,8.0,21.0,475.0,25.0,427.0,23.0,0.0
NEW JERSEY,South River,16237.0,8.0,0.0,0.0,3.0,5.0,16.0,2.0,13.0,1.0,0.0
NEW JERSEY,South Toms River,3858.0,5.0,0.0,0.0,0.0,5.0,32.0,10.0,22.0,0.0,0.0
NEW JERSEY,Sparta Township,20390.0,8.0,0.0,0.0,1.0,7.0,117.0,10.0,107.0,0.0,0.0
NEW JERSEY,Spotswood,8238.0,13.0,0.0,2.0,1.0,10.0,59.0,4.0,54.0,1.0,1.0
NEW JERSEY,"Springfield Township, Burlington County",3255.0,1.0,0.0,0.0,0.0,1.0,14.0,1.0,7.0,6.0,0.0
NEW JERSEY,"Springfield Township, Union County",17125.0,11.0,0.0,0.0,3.0,8.0,159.0,23.0,123.0,13.0,0.0
NEW JERSEY,Spring Lake,2740.0,1.0,0.0,0.0,0.0,1.0,31.0,8.0,23.0,0.0,0.0
NEW JERSEY,Spring Lake Heights,4818.0,0.0,0.0,0.0,0.0,0.0,7.0,0.0,7.0,0.0,0.0
NEW JERSEY,Stafford Township,31546.0,13.0,0.0,1.0,1.0,11.0,243.0,21.0,217.0,5.0,0.0
NEW JERSEY,Stanhope,3595.0,3.0,0.0,2.0,0.0,1.0,4.0,0.0,3.0,1.0,0.0
NEW JERSEY,Stone Harbor,791.0,0.0,0.0,0.0,0.0,0.0,54.0,13.0,41.0,0.0,0.0
NEW JERSEY,Stratford,7163.0,6.0,0.0,0.0,2.0,4.0,83.0,9.0,67.0,7.0,0.0
NEW JERSEY,Summit,22731.0,13.0,0.0,7.0,0.0,6.0,166.0,18.0,137.0,11.0,0.0
NEW JERSEY,Surf City,1333.0,1.0,0.0,0.0,0.0,1.0,11.0,0.0,10.0,1.0,0.0
NEW JERSEY,Swedesboro,2811.0,0.0,0.0,0.0,0.0,0.0,19.0,5.0,10.0,4.0,0.0
NEW JERSEY,Teaneck Township,42771.0,41.0,2.0,7.0,8.0,24.0,341.0,49.0,274.0,18.0,4.0
NEW JERSEY,Tenafly,15451.0,1.0,0.0,0.0,0.0,1.0,72.0,16.0,47.0,9.0,0.0
NEW JERSEY,Tewksbury Township,5899.0,5.0,0.0,1.0,0.0,4.0,15.0,2.0,12.0,1.0,0.0
NEW JERSEY,Toms River Township,102734.0,138.0,1.0,29.0,10.0,98.0,1151.0,78.0,1020.0,53.0,5.0
NEW JERSEY,Totowa,10941.0,14.0,0.0,1.0,4.0,9.0,210.0,7.0,185.0,18.0,0.0
NEW JERSEY,Trenton,91236.0,936.0,20.0,53.0,334.0,529.0,2088.0,317.0,1322.0,449.0,18.0
NEW JERSEY,Union Township,62290.0,56.0,4.0,1.0,17.0,34.0,1018.0,58.0,867.0,93.0,2.0
NEW JERSEY,Ventnor City,9236.0,10.0,0.0,1.0,1.0,8.0,213.0,20.0,185.0,8.0,0.0
NEW JERSEY,Vernon Township,22851.0,1.0,0.0,0.0,0.0,1.0,39.0,1.0,35.0,3.0,0.0
NEW JERSEY,Verona,14552.0,9.0,0.0,0.0,1.0,8.0,82.0,16.0,58.0,8.0,0.0
NEW JERSEY,Vineland,60848.0,266.0,2.0,16.0,56.0,192.0,1634.0,212.0,1374.0,48.0,8.0
NEW JERSEY,Voorhees Township,31899.0,25.0,0.0,0.0,8.0,17.0,506.0,64.0,403.0,39.0,3.0
NEW JERSEY,Waldwick,10332.0,2.0,0.0,0.0,0.0,2.0,36.0,1.0,34.0,1.0,0.0
NEW JERSEY,Wallington,12075.0,9.0,0.0,0.0,2.0,7.0,184.0,10.0,162.0,12.0,0.0
NEW JERSEY,Wall Township,26547.0,23.0,1.0,0.0,4.0,18.0,335.0,30.0,290.0,15.0,0.0
NEW JERSEY,Wanaque,11213.0,4.0,0.0,0.0,1.0,3.0,21.0,0.0,21.0,0.0,0.0
NEW JERSEY,Warren Township,16655.0,3.0,0.0,1.0,0.0,2.0,57.0,26.0,30.0,1.0,0.0
NEW JERSEY,Washington,7353.0,3.0,0.0,0.0,0.0,3.0,51.0,5.0,41.0,5.0,0.0
NEW JERSEY,"Washington Township, Morris County",18629.0,6.0,0.0,1.0,0.0,5.0,66.0,7.0,57.0,2.0,0.0
NEW JERSEY,"Washington Township, Warren County",6878.0,2.0,0.0,0.0,0.0,2.0,61.0,4.0,56.0,1.0,0.0
NEW JERSEY,Watchung,6594.0,1.0,0.0,0.0,0.0,1.0,277.0,10.0,259.0,8.0,0.0
NEW JERSEY,Waterford Township,10678.0,1.0,0.0,0.0,0.0,1.0,70.0,11.0,56.0,3.0,0.0
NEW JERSEY,Wayne Township,53295.0,50.0,0.0,0.0,7.0,43.0,992.0,51.0,910.0,31.0,3.0
NEW JERSEY,Weehawken Township,17617.0,28.0,1.0,3.0,4.0,20.0,251.0,14.0,221.0,16.0,0.0
NEW JERSEY,Westampton Township,9224.0,24.0,0.0,4.0,3.0,17.0,166.0,17.0,132.0,17.0,1.0
NEW JERSEY,West Amwell Township,3026.0,1.0,0.0,0.0,0.0,1.0,13.0,1.0,12.0,0.0,0.0
NEW JERSEY,West Caldwell Township,10975.0,4.0,0.0,0.0,1.0,3.0,80.0,4.0,71.0,5.0,0.0
NEW JERSEY,West Deptford Township,23053.0,23.0,0.0,1.0,3.0,19.0,248.0,34.0,192.0,22.0,1.0
NEW JERSEY,Westfield,31111.0,5.0,0.0,0.0,1.0,4.0,173.0,19.0,141.0,13.0,0.0
NEW JERSEY,West Long Branch,8545.0,4.0,0.0,0.0,1.0,3.0,98.0,3.0,90.0,5.0,0.0
NEW JERSEY,West Milford Township,24725.0,23.0,0.0,1.0,1.0,21.0,85.0,7.0,70.0,8.0,0.0
NEW JERSEY,West New York,51260.0,152.0,0.0,24.0,31.0,97.0,750.0,64.0,625.0,61.0,0.0
NEW JERSEY,West Orange,48638.0,68.0,1.0,2.0,17.0,48.0,689.0,104.0,524.0,61.0,1.0
NEW JERSEY,Westwood,11441.0,6.0,0.0,0.0,1.0,5.0,29.0,6.0,20.0,3.0,0.0
NEW JERSEY,Wharton,7539.0,4.0,0.0,0.0,1.0,3.0,59.0,2.0,57.0,0.0,1.0
NEW JERSEY,Wildwood,5118.0,20.0,0.0,3.0,3.0,14.0,250.0,11.0,217.0,22.0,2.0
NEW JERSEY,Wildwood Crest,3052.0,9.0,0.0,3.0,0.0,6.0,52.0,14.0,38.0,0.0,0.0
NEW JERSEY,Willingboro Township,32211.0,112.0,3.0,19.0,18.0,72.0,418.0,59.0,322.0,37.0,4.0
NEW JERSEY,Winfield Township,1414.0,0.0,0.0,0.0,0.0,0.0,14.0,2.0,12.0,0.0,0.0
NEW JERSEY,Winslow Township,40970.0,48.0,0.0,0.0,15.0,33.0,403.0,41.0,320.0,42.0,1.0
NEW JERSEY,Woodbury,10317.0,22.0,0.0,3.0,3.0,16.0,184.0,23.0,141.0,20.0,0.0
NEW JERSEY,Woodcliff Lake,6256.0,0.0,0.0,0.0,0.0,0.0,46.0,7.0,35.0,4.0,0.0
NEW JERSEY,Woodland Park,13331.0,10.0,0.0,3.0,0.0,7.0,132.0,19.0,101.0,12.0,0.0
NEW JERSEY,Wood-Ridge,10449.0,3.0,0.0,0.0,0.0,3.0,60.0,5.0,47.0,8.0,0.0
NEW JERSEY,Woodstown,3743.0,7.0,0.0,1.0,1.0,5.0,17.0,4.0,11.0,2.0,0.0
NEW JERSEY,Woolwich Township,14573.0,0.0,0.0,0.0,0.0,0.0,76.0,4.0,64.0,8.0,0.0
NEW JERSEY,Wyckoff Township,17594.0,1.0,0.0,0.0,0.0,1.0,87.0,17.0,68.0,2.0,0.0
NEW MEXICO,Alamogordo,31401.0,105.0,0.0,7.0,1.0,97.0,894.0,107.0,740.0,47.0,5.0
NEW MEXICO,Albuquerque,558745.0,6603.0,103.0,349.0,890.0,5261.0,25863.0,4316.0,15864.0,5683.0,52.0
NEW MEXICO,Anthony,8733.0,7.0,0.0,0.0,0.0,7.0,21.0,7.0,6.0,8.0,0.0
NEW MEXICO,Artesia,12152.0,60.0,0.0,17.0,2.0,41.0,262.0,53.0,195.0,14.0,3.0
NEW MEXICO,Aztec,6109.0,28.0,1.0,1.0,0.0,26.0,89.0,15.0,61.0,13.0,0.0
NEW MEXICO,Bayard,2046.0,11.0,1.0,0.0,0.0,10.0,40.0,15.0,22.0,3.0,1.0
NEW MEXICO,Belen,7508.0,87.0,0.0,1.0,1.0,85.0,318.0,71.0,198.0,49.0,0.0
NEW MEXICO,Bernalillo,9144.0,44.0,0.0,1.0,2.0,41.0,120.0,23.0,90.0,7.0,1.0
NEW MEXICO,Bloomfield,7330.0,52.0,0.0,6.0,1.0,45.0,107.0,17.0,74.0,16.0,5.0
NEW MEXICO,Bosque Farms,4094.0,6.0,0.0,1.0,0.0,5.0,27.0,1.0,23.0,3.0,0.0
NEW MEXICO,Capitan,1391.0,3.0,0.0,0.0,0.0,3.0,9.0,3.0,5.0,1.0,0.0
NEW MEXICO,Carlsbad,31243.0,164.0,1.0,11.0,4.0,148.0,872.0,102.0,641.0,129.0,7.0
NEW MEXICO,Clayton,2559.0,13.0,0.0,0.0,0.0,13.0,28.0,5.0,19.0,4.0,0.0
NEW MEXICO,Corrales,8653.0,20.0,1.0,4.0,1.0,14.0,34.0,10.0,18.0,6.0,0.0
NEW MEXICO,Edgewood,6113.0,24.0,0.0,3.0,0.0,21.0,76.0,17.0,48.0,11.0,0.0
NEW MEXICO,Eunice,2904.0,14.0,0.0,1.0,0.0,13.0,77.0,40.0,25.0,12.0,0.0
NEW MEXICO,Farmington,46150.0,439.0,2.0,56.0,33.0,348.0,1135.0,168.0,848.0,119.0,15.0
NEW MEXICO,Gallup,20019.0,301.0,7.0,15.0,50.0,229.0,780.0,142.0,559.0,79.0,7.0
NEW MEXICO,Grants,8953.0,38.0,0.0,6.0,6.0,26.0,145.0,35.0,81.0,29.0,0.0
NEW MEXICO,Hatch,1575.0,9.0,0.0,2.0,0.0,7.0,24.0,2.0,18.0,4.0,1.0
NEW MEXICO,Hobbs,38972.0,308.0,8.0,26.0,20.0,254.0,1462.0,339.0,979.0,144.0,2.0
NEW MEXICO,Hurley,1221.0,0.0,0.0,0.0,0.0,0.0,0.0,0.0,0.0,0.0,0.0
NEW MEXICO,Jal,2075.0,0.0,0.0,0.0,0.0,0.0,3.0,1.0,0.0,2.0,0.0
NEW MEXICO,Las Cruces,115977.0,835.0,14.0,67.0,67.0,687.0,5652.0,855.0,3993.0,804.0,10.0
NEW MEXICO,Las Vegas,12816.0,84.0,1.0,3.0,5.0,75.0,188.0,32.0,142.0,14.0,2.0
NEW MEXICO,Lordsburg,2164.0,18.0,0.0,1.0,1.0,16.0,7.0,1.0,3.0,3.0,0.0
NEW MEXICO,Los Alamos,19609.0,11.0,0.0,2.0,0.0,9.0,78.0,7.0,59.0,12.0,0.0
NEW MEXICO,Los Lunas,19707.0,115.0,1.0,7.0,12.0,95.0,574.0,112.0,375.0,87.0,2.0
NEW MEXICO,Milan,2456.0,5.0,0.0,1.0,0.0,4.0,23.0,5.0,13.0,5.0,0.0
NEW MEXICO,Peralta,3452.0,5.0,0.0,0.0,0.0,5.0,25.0,8.0,11.0,6.0,1.0
NEW MEXICO,Portales,11772.0,92.0,1.0,6.0,5.0,80.0,338.0,176.0,126.0,36.0,11.0
NEW MEXICO,Questa,1797.0,7.0,0.0,0.0,1.0,6.0,8.0,3.0,2.0,3.0,0.0
NEW MEXICO,Raton,5961.0,28.0,0.0,3.0,3.0,22.0,60.0,27.0,24.0,9.0,0.0
NEW MEXICO,Red River,535.0,0.0,0.0,0.0,0.0,0.0,1.0,0.0,1.0,0.0,0.0
NEW MEXICO,Rio Rancho,112817.0,359.0,8.0,42.0,9.0,300.0,1511.0,213.0,1153.0,145.0,5.0
NEW MEXICO,Roswell,46677.0,396.0,6.0,38.0,20.0,332.0,1171.0,200.0,879.0,92.0,24.0
NEW MEXICO,Santa Clara,1598.0,3.0,0.0,1.0,0.0,2.0,19.0,3.0,12.0,4.0,0.0
NEW MEXICO,Santa Fe,89652.0,755.0,4.0,58.0,80.0,613.0,4623.0,873.0,3031.0,719.0,27.0
NEW MEXICO,Santa Rosa,2743.0,13.0,0.0,0.0,0.0,13.0,25.0,6.0,14.0,5.0,0.0
NEW MEXICO,Sunland Park,17996.0,59.0,0.0,6.0,4.0,49.0,104.0,15.0,72.0,17.0,3.0
NEW MEXICO,Taos,6406.0,60.0,0.0,1.0,2.0,57.0,383.0,71.0,273.0,39.0,3.0
NEW MEXICO,Truth or Consequences,5985.0,49.0,1.0,3.0,1.0,44.0,148.0,36.0,89.0,23.0,1.0
NEW MEXICO,Tularosa,2614.0,3.0,0.0,0.0,0.0,3.0,10.0,3.0,6.0,1.0,0.0
NEW YORK,Addison Town and Village,2325.0,2.0,0.0,0.0,0.0,2.0,12.0,2.0,9.0,1.0,0.0
NEW YORK,Afton Village,781.0,0.0,0.0,0.0,0.0,0.0,0.0,0.0,0.0,0.0,0.0
NEW YORK,Akron Village,2874.0,1.0,0.0,0.0,0.0,1.0,2.0,0.0,2.0,0.0,0.0
NEW YORK,Albany,102095.0,834.0,9.0,74.0,183.0,568.0,2908.0,319.0,2298.0,291.0,28.0
NEW YORK,Alexandria Bay Village,948.0,0.0,0.0,0.0,0.0,0.0,3.0,0.0,3.0,0.0,0.0
NEW YORK,Alfred Village,4709.0,5.0,0.0,1.0,0.0,4.0,17.0,4.0,12.0,1.0,0.0
NEW YORK,Allegany Village,1543.0,1.0,0.0,0.0,0.0,1.0,9.0,0.0,9.0,0.0,0.0
NEW YORK,Altamont Village,1630.0,0.0,0.0,0.0,0.0,0.0,5.0,0.0,5.0,0.0,0.0
NEW YORK,Amherst Town,126184.0,131.0,0.0,11.0,14.0,106.0,2597.0,116.0,2175.0,306.0,3.0
NEW YORK,Amityville Village,9615.0,1.0,0.0,0.0,1.0,0.0,110.0,1.0,105.0,4.0,0.0
NEW YORK,Andover Village,889.0,0.0,0.0,0.0,0.0,0.0,0.0,0.0,0.0,0.0,0.0
NEW YORK,Ardsley Village,4865.0,2.0,0.0,1.0,0.0,1.0,36.0,2.0,33.0,1.0,0.0
NEW YORK,Attica Village,2436.0,0.0,0.0,0.0,0.0,0.0,1.0,1.0,0.0,0.0,0.0
NEW YORK,Auburn,25699.0,63.0,0.0,13.0,5.0,45.0,345.0,29.0,301.0,15.0,2.0
NEW YORK,Baldwinsville Village,7584.0,9.0,0.0,4.0,1.0,4.0,43.0,2.0,38.0,3.0,0.0
NEW YORK,Ballston Spa Village,4874.0,2.0,0.0,0.0,0.0,2.0,33.0,1.0,31.0,1.0,
NEW YORK,Batavia,15400.0,58.0,0.0,6.0,9.0,43.0,278.0,24.0,244.0,10.0,3.0
NEW YORK,Bath Village,5521.0,17.0,0.0,1.0,1.0,15.0,65.0,18.0,45.0,2.0,0.0
NEW YORK,Beacon,15267.0,17.0,1.0,0.0,4.0,12.0,100.0,8.0,84.0,8.0,0.0
NEW YORK,Bedford Town,16196.0,4.0,0.0,0.0,0.0,4.0,38.0,4.0,27.0,7.0,0.0
NEW YORK,Belmont Village,832.0,0.0,0.0,0.0,0.0,0.0,1.0,0.0,1.0,0.0,0.0
NEW YORK,Bethlehem Town,34933.0,11.0,1.0,4.0,1.0,5.0,336.0,33.0,298.0,5.0,3.0
NEW YORK,Binghamton,46378.0,247.0,3.0,27.0,34.0,183.0,1583.0,196.0,1293.0,94.0,19.0
NEW YORK,Black River,1229.0,0.0,0.0,0.0,0.0,0.0,1.0,1.0,0.0,0.0,0.0
NEW YORK,Blasdell Village,2533.0,6.0,0.0,2.0,1.0,3.0,44.0,11.0,24.0,9.0,0.0
NEW YORK,Blooming Grove Town,12729.0,13.0,0.0,3.0,0.0,10.0,74.0,5.0,59.0,10.0,4.0
NEW YORK,Bolivar Village,1002.0,0.0,0.0,0.0,0.0,0.0,5.0,1.0,4.0,0.0,0.0
NEW YORK,Boonville Village,1999.0,0.0,0.0,0.0,0.0,0.0,14.0,0.0,14.0,0.0,0.0
NEW YORK,Brant Town,1929.0,0.0,0.0,0.0,0.0,0.0,8.0,0.0,5.0,3.0,0.0
NEW YORK,Brewster,2498.0,1.0,0.0,0.0,0.0,1.0,4.0,0.0,4.0,0.0,0.0
NEW YORK,Briarcliff Manor Village,7249.0,0.0,0.0,0.0,0.0,0.0,15.0,1.0,13.0,1.0,
NEW YORK,Brighton Town,35835.0,28.0,0.0,7.0,5.0,16.0,762.0,33.0,545.0,184.0,1.0
NEW YORK,Brockport Village,7110.0,4.0,0.0,2.0,0.0,2.0,22.0,2.0,19.0,1.0,0.0
NEW YORK,Bronxville Village,6332.0,0.0,0.0,0.0,0.0,0.0,32.0,8.0,21.0,3.0,0.0
NEW YORK,Brookville,2946.0,1.0,0.0,0.0,1.0,0.0,14.0,1.0,11.0,2.0,0.0
NEW YORK,Brownville Village ,937.0,0.0,0.0,0.0,0.0,0.0,0.0,0.0,0.0,0.0,0.0
NEW YORK,Buchanan Village,2191.0,0.0,0.0,0.0,0.0,0.0,7.0,2.0,4.0,1.0,0.0
NEW YORK,Buffalo,273728.0,1933.0,34.0,119.0,432.0,1348.0,10428.0,1199.0,7044.0,2185.0,91.0
NEW YORK,Cairo Town,6671.0,0.0,0.0,0.0,0.0,0.0,25.0,1.0,24.0,0.0,0.0
NEW YORK,Cambridge Village,1793.0,0.0,0.0,0.0,0.0,0.0,7.0,0.0,7.0,0.0,0.0
NEW YORK,Camillus Town and Village,25096.0,13.0,0.0,2.0,3.0,8.0,189.0,17.0,155.0,17.0,0.0
NEW YORK,Canajoharie Village,2045.0,3.0,0.0,0.0,1.0,2.0,14.0,3.0,11.0,0.0,0.0
NEW YORK,Canandaigua,10461.0,26.0,0.0,9.0,1.0,16.0,156.0,16.0,133.0,7.0,0.0
NEW YORK,Canastota Village,4433.0,9.0,0.0,1.0,1.0,7.0,21.0,3.0,16.0,2.0,1.0
NEW YORK,Canisteo Village,2155.0,1.0,0.0,0.0,0.0,1.0,13.0,2.0,11.0,0.0,0.0
NEW YORK,Canton Village,6962.0,1.0,0.0,0.0,0.0,1.0,33.0,2.0,31.0,0.0,0.0
NEW YORK,Cape Vincent Village,726.0,0.0,0.0,0.0,0.0,0.0,1.0,0.0,1.0,0.0,0.0
NEW YORK,Carroll Town,3379.0,0.0,0.0,0.0,0.0,0.0,9.0,0.0,7.0,2.0,0.0
NEW YORK,Carthage Village,3247.0,5.0,0.0,2.0,0.0,3.0,13.0,3.0,9.0,1.0,0.0
NEW YORK,Catskill Village,3752.0,4.0,0.0,1.0,0.0,3.0,62.0,4.0,57.0,1.0,0.0
NEW YORK,Cayuga Heights Village,3877.0,0.0,0.0,0.0,0.0,0.0,8.0,0.0,8.0,0.0,0.0
NEW YORK,Cazenovia Village,2729.0,0.0,0.0,0.0,0.0,0.0,25.0,1.0,24.0,0.0,0.0
NEW YORK,Central Square Village,1833.0,0.0,0.0,0.0,0.0,0.0,53.0,0.0,52.0,1.0,0.0
NEW YORK,Centre Island Village,390.0,0.0,0.0,0.0,0.0,0.0,0.0,0.0,0.0,0.0,0.0
NEW YORK,Cheektowaga Town,78864.0,162.0,2.0,12.0,36.0,112.0,2539.0,200.0,2026.0,313.0,3.0
NEW YORK,Chester Town,8608.0,1.0,0.0,0.0,0.0,1.0,3.0,0.0,3.0,0.0,0.0
NEW YORK,Chester Village,3969.0,3.0,0.0,0.0,1.0,2.0,26.0,1.0,24.0,1.0,0.0
NEW YORK,Chittenango Village,4784.0,3.0,0.0,0.0,0.0,3.0,16.0,0.0,16.0,0.0,0.0
NEW YORK,Cicero Town,28678.0,13.0,0.0,2.0,1.0,10.0,283.0,20.0,236.0,27.0,2.0
NEW YORK,Clarkstown Town,80087.0,76.0,0.0,5.0,13.0,58.0,1464.0,47.0,1386.0,31.0,7.0
NEW YORK,Clayton Village,1690.0,0.0,0.0,0.0,0.0,0.0,15.0,5.0,10.0,0.0,0.0
NEW YORK,Clyde Village,2129.0,2.0,0.0,1.0,1.0,0.0,4.0,0.0,4.0,0.0,0.0
NEW YORK,Cohoes,18240.0,34.0,0.0,3.0,9.0,22.0,201.0,17.0,168.0,16.0,2.0
NEW YORK,Colchester Town,1782.0,1.0,0.0,1.0,0.0,0.0,2.0,0.0,2.0,0.0,0.0
NEW YORK,Colonie Town,81226.0,92.0,0.0,3.0,20.0,69.0,2798.0,188.0,2546.0,64.0,6.0
NEW YORK,Corfu Village,686.0,0.0,0.0,0.0,0.0,0.0,0.0,0.0,0.0,0.0,0.0
NEW YORK,Corning,10621.0,17.0,0.0,0.0,0.0,17.0,253.0,34.0,213.0,6.0,0.0
NEW YORK,Cornwall-on-Hudson Village,2990.0,0.0,0.0,0.0,0.0,0.0,6.0,1.0,5.0,0.0,0.0
NEW YORK,Cornwall Town,9583.0,0.0,0.0,0.0,0.0,0.0,14.0,1.0,13.0,0.0,0.0
NEW YORK,Cortland,17197.0,39.0,0.0,7.0,2.0,30.0,508.0,56.0,444.0,8.0,3.0
NEW YORK,Coxsackie Village,2705.0,0.0,0.0,0.0,0.0,0.0,0.0,0.0,0.0,0.0,0.0
NEW YORK,Crawford Town,9000.0,7.0,0.0,1.0,0.0,6.0,38.0,3.0,34.0,1.0,1.0
NEW YORK,Croton-on-Hudson Village,8100.0,1.0,0.0,0.0,0.0,1.0,57.0,2.0,52.0,3.0,0.0
NEW YORK,Cuba Town,3099.0,3.0,0.0,0.0,0.0,3.0,21.0,1.0,19.0,1.0,0.0
NEW YORK,Dansville Village,4319.0,3.0,0.0,0.0,0.0,3.0,84.0,7.0,75.0,2.0,0.0
NEW YORK,Deerpark Town,7349.0,6.0,0.0,0.0,0.0,6.0,26.0,2.0,21.0,3.0,0.0
NEW YORK,Delhi Village,3298.0,1.0,0.0,1.0,0.0,0.0,17.0,1.0,16.0,0.0,0.0
NEW YORK,Depew Village,14805.0,21.0,0.0,2.0,4.0,15.0,229.0,21.0,182.0,26.0,1.0
NEW YORK,DeWitt Town,25054.0,53.0,0.0,3.0,8.0,42.0,889.0,81.0,746.0,62.0,0.0
NEW YORK,Dobbs Ferry Village,11254.0,32.0,0.0,0.0,1.0,31.0,159.0,17.0,130.0,12.0,1.0
NEW YORK,Dryden Village,1837.0,2.0,0.0,1.0,0.0,1.0,11.0,1.0,10.0,0.0,0.0
NEW YORK,Dunkirk,12348.0,34.0,0.0,0.0,3.0,31.0,237.0,19.0,214.0,4.0,1.0
NEW YORK,Durham Town,2614.0,0.0,0.0,0.0,0.0,0.0,0.0,0.0,0.0,0.0,0.0
NEW YORK,East Aurora-Aurora Town,13841.0,11.0,0.0,3.0,1.0,7.0,92.0,5.0,78.0,9.0,0.0
NEW YORK,Eastchester Town,19936.0,4.0,0.0,0.0,2.0,2.0,113.0,8.0,96.0,9.0,0.0
NEW YORK,East Fishkill Town,29607.0,8.0,0.0,2.0,0.0,6.0,120.0,6.0,104.0,10.0,1.0
NEW YORK,East Greenbush Town,16371.0,19.0,0.0,0.0,1.0,18.0,221.0,8.0,198.0,15.0,0.0
NEW YORK,East Rochester Village,6104.0,9.0,0.0,0.0,0.0,9.0,75.0,7.0,53.0,15.0,0.0
NEW YORK,Eden Town,7490.0,6.0,0.0,0.0,0.0,6.0,17.0,2.0,12.0,3.0,0.0
NEW YORK,Ellicott Town,5270.0,4.0,0.0,0.0,1.0,3.0,155.0,17.0,136.0,2.0,0.0
NEW YORK,Ellicottville,1302.0,1.0,0.0,1.0,0.0,0.0,19.0,3.0,16.0,0.0,0.0
NEW YORK,Elmira,26130.0,143.0,1.0,5.0,22.0,115.0,1081.0,112.0,949.0,20.0,7.0
NEW YORK,Elmira Heights Village,3752.0,8.0,0.0,2.0,1.0,5.0,35.0,7.0,26.0,2.0,0.0
NEW YORK,Elmira Town,5541.0,0.0,0.0,0.0,0.0,0.0,1.0,0.0,1.0,0.0,0.0
NEW YORK,Elmsford Village,5054.0,1.0,0.0,1.0,0.0,0.0,6.0,2.0,4.0,0.0,0.0
NEW YORK,Endicott Village,13072.0,38.0,0.0,9.0,5.0,24.0,378.0,49.0,321.0,8.0,2.0
NEW YORK,Evans Town,15049.0,14.0,0.0,2.0,4.0,8.0,161.0,21.0,123.0,17.0,1.0
NEW YORK,Fairport Village,5318.0,6.0,0.0,0.0,2.0,4.0,24.0,0.0,22.0,2.0,0.0
NEW YORK,Fallsburg Town,14365.0,13.0,0.0,1.0,0.0,12.0,69.0,24.0,40.0,5.0,0.0
NEW YORK,Fishkill Town,20101.0,3.0,0.0,0.0,1.0,2.0,132.0,7.0,119.0,6.0,0.0
NEW YORK,Fishkill Village,2133.0,1.0,0.0,0.0,1.0,0.0,40.0,1.0,39.0,0.0,0.0
NEW YORK,Floral Park Village,15799.0,20.0,0.0,1.0,2.0,17.0,68.0,7.0,52.0,9.0,0.0
NEW YORK,Florida Village,2846.0,0.0,0.0,0.0,0.0,0.0,2.0,1.0,1.0,0.0,0.0
NEW YORK,Fort Plain Village,1984.0,0.0,0.0,0.0,0.0,0.0,5.0,0.0,5.0,0.0,0.0
NEW YORK,Frankfort Town,4547.0,8.0,0.0,3.0,0.0,5.0,31.0,6.0,20.0,5.0,0.0
NEW YORK,Frankfort Village,2278.0,1.0,0.0,0.0,0.0,1.0,4.0,0.0,4.0,0.0,0.0
NEW YORK,Franklinville Village,1637.0,0.0,0.0,0.0,0.0,0.0,2.0,0.0,2.0,0.0,0.0
NEW YORK,Freeport Village,43583.0,71.0,1.0,1.0,20.0,49.0,399.0,11.0,338.0,50.0,1.0
NEW YORK,Friendship Town,1919.0,0.0,0.0,0.0,0.0,0.0,2.0,0.0,2.0,0.0,0.0
NEW YORK,Fulton City,11207.0,22.0,0.0,2.0,1.0,19.0,122.0,7.0,111.0,4.0,1.0
NEW YORK,Garden City Village,22857.0,6.0,0.0,0.0,3.0,3.0,180.0,10.0,165.0,5.0,1.0
NEW YORK,Gates Town,28603.0,45.0,0.0,4.0,18.0,23.0,848.0,58.0,684.0,106.0,1.0
NEW YORK,Geddes Town,10158.0,10.0,0.0,1.0,2.0,7.0,195.0,29.0,147.0,19.0,0.0
NEW YORK,Geneseo Village,7776.0,5.0,0.0,0.0,0.0,5.0,113.0,10.0,102.0,1.0,0.0
NEW YORK,Geneva,12289.0,37.0,0.0,7.0,8.0,22.0,345.0,42.0,295.0,8.0,0.0
NEW YORK,Glen Cove,27767.0,31.0,0.0,3.0,3.0,25.0,130.0,10.0,113.0,7.0,0.0
NEW YORK,Glen Park Village,445.0,0.0,0.0,0.0,0.0,0.0,0.0,0.0,0.0,0.0,0.0
NEW YORK,Glens Falls,14416.0,23.0,0.0,3.0,2.0,18.0,95.0,10.0,82.0,3.0,1.0
NEW YORK,Glenville Town,22040.0,16.0,1.0,2.0,4.0,9.0,252.0,18.0,232.0,2.0,0.0
NEW YORK,Gloversville,14767.0,37.0,0.0,1.0,4.0,32.0,199.0,27.0,162.0,10.0,6.0
NEW YORK,Goshen Town,8546.0,4.0,0.0,0.0,0.0,4.0,25.0,0.0,25.0,0.0,0.0
NEW YORK,Goshen Village,5729.0,5.0,0.0,1.0,0.0,4.0,13.0,1.0,12.0,0.0,0.0
NEW YORK,Gouverneur Village,3617.0,11.0,0.0,4.0,0.0,7.0,209.0,16.0,188.0,5.0,1.0
NEW YORK,Gowanda Village,2436.0,5.0,0.0,0.0,0.0,5.0,18.0,1.0,17.0,0.0,0.0
NEW YORK,Granville Village,2412.0,0.0,0.0,0.0,0.0,0.0,23.0,4.0,17.0,2.0,0.0
NEW YORK,Greece Town,93943.0,133.0,0.0,8.0,33.0,92.0,1779.0,168.0,1213.0,398.0,7.0
NEW YORK,Greenwich Village,1664.0,0.0,0.0,0.0,0.0,0.0,5.0,1.0,3.0,1.0,0.0
NEW YORK,Greenwood Lake Village,2968.0,2.0,0.0,1.0,0.0,1.0,1.0,0.0,1.0,0.0,0.0
NEW YORK,Groton Village,2086.0,0.0,0.0,0.0,0.0,0.0,5.0,0.0,5.0,0.0,0.0
NEW YORK,Guilderland Town,35409.0,39.0,0.0,6.0,6.0,27.0,586.0,55.0,522.0,9.0,0.0
NEW YORK,Hamburg Town,47687.0,25.0,1.0,2.0,7.0,15.0,711.0,64.0,593.0,54.0,2.0
NEW YORK,Hamburg Village,9742.0,4.0,0.0,0.0,1.0,3.0,42.0,0.0,39.0,3.0,0.0
NEW YORK,Hamilton Village,4099.0,0.0,0.0,0.0,0.0,0.0,0.0,0.0,0.0,0.0,0.0
NEW YORK,Hancock Village,900.0,0.0,0.0,0.0,0.0,0.0,1.0,1.0,0.0,0.0,0.0
NEW YORK,Harriman Village,2593.0,0.0,0.0,0.0,0.0,0.0,4.0,0.0,3.0,1.0,0.0
NEW YORK,Harrison Town,31718.0,2.0,0.0,0.0,0.0,2.0,151.0,19.0,130.0,2.0,0.0
NEW YORK,Hastings-on-Hudson Village,8229.0,1.0,0.0,0.0,1.0,0.0,31.0,1.0,25.0,5.0,0.0
NEW YORK,Haverstraw Town,38750.0,61.0,0.0,2.0,3.0,56.0,343.0,18.0,306.0,19.0,0.0
NEW YORK,Hempstead Village,58013.0,266.0,3.0,3.0,80.0,180.0,637.0,95.0,416.0,126.0,4.0
NEW YORK,Herkimer Village,7218.0,86.0,1.0,4.0,9.0,72.0,610.0,61.0,546.0,3.0,0.0
NEW YORK,Highlands Town,9153.0,0.0,0.0,0.0,0.0,0.0,0.0,0.0,0.0,0.0,0.0
NEW YORK,Holley Village,1719.0,0.0,0.0,0.0,0.0,0.0,12.0,2.0,10.0,0.0,0.0
NEW YORK,Homer Village,3042.0,1.0,0.0,1.0,0.0,0.0,26.0,3.0,23.0,0.0,0.0
NEW YORK,Hoosick Falls Village,3134.0,4.0,0.0,0.0,0.0,4.0,15.0,2.0,10.0,3.0,0.0
NEW YORK,Hudson,5750.0,19.0,0.0,2.0,3.0,14.0,90.0,3.0,86.0,1.0,0.0
NEW YORK,Hudson Falls Village,7363.0,14.0,0.0,0.0,1.0,13.0,24.0,4.0,20.0,0.0,0.0
NEW YORK,Hunter Town,3017.0,0.0,0.0,0.0,0.0,0.0,20.0,2.0,18.0,0.0,0.0
NEW YORK,Hyde Park Town,21180.0,12.0,0.0,1.0,3.0,8.0,81.0,10.0,58.0,13.0,0.0
NEW YORK,Ilion Village,7533.0,22.0,0.0,3.0,2.0,17.0,159.0,19.0,132.0,8.0,2.0
NEW YORK,Independence Town,1071.0,1.0,0.0,0.0,0.0,1.0,2.0,0.0,2.0,0.0,0.0
NEW YORK,Inlet Town,361.0,0.0,0.0,0.0,0.0,0.0,2.0,0.0,2.0,0.0,0.0
NEW YORK,Interlaken Village,610.0,0.0,0.0,0.0,0.0,0.0,0.0,0.0,0.0,0.0,0.0
NEW YORK,Irondequoit Town,49336.0,65.0,5.0,6.0,13.0,41.0,857.0,100.0,522.0,235.0,0.0
NEW YORK,Irvington Village,6348.0,4.0,0.0,0.0,2.0,2.0,22.0,4.0,17.0,1.0,0.0
NEW YORK,Ithaca,33646.0,66.0,1.0,6.0,16.0,43.0,1082.0,111.0,955.0,16.0,3.0
NEW YORK,Jamestown,27735.0,172.0,5.0,22.0,24.0,121.0,642.0,124.0,500.0,18.0,13.0
NEW YORK,Johnson City Village,14748.0,48.0,0.0,7.0,5.0,36.0,589.0,66.0,505.0,18.0,4.0
NEW YORK,Jordan Village,1196.0,1.0,0.0,1.0,0.0,0.0,1.0,0.0,1.0,0.0,0.0
NEW YORK,Kenmore Village,14830.0,21.0,0.0,0.0,8.0,13.0,227.0,23.0,157.0,47.0,1.0
NEW YORK,Kensington Village,1187.0,1.0,0.0,0.0,0.0,1.0,1.0,0.0,1.0,0.0,0.0
NEW YORK,Kent Town,12826.0,5.0,0.0,0.0,1.0,4.0,51.0,4.0,46.0,1.0,0.0
NEW YORK,Kings Point Village,5626.0,0.0,0.0,0.0,0.0,0.0,12.0,3.0,6.0,3.0,0.0
NEW YORK,Kingston,23704.0,83.0,1.0,19.0,20.0,43.0,390.0,39.0,345.0,6.0,3.0
NEW YORK,Lackawanna,19484.0,77.0,1.0,9.0,8.0,59.0,304.0,36.0,232.0,36.0,0.0
NEW YORK,Lake Placid Village,2276.0,1.0,0.0,0.0,0.0,1.0,30.0,8.0,21.0,1.0,0.0
NEW YORK,Lakewood-Busti,7370.0,3.0,0.0,1.0,0.0,2.0,236.0,25.0,206.0,5.0,0.0
NEW YORK,Lancaster Town,39290.0,17.0,0.0,3.0,0.0,14.0,376.0,18.0,322.0,36.0,1.0
NEW YORK,Larchmont Village,6454.0,2.0,0.0,0.0,0.0,2.0,64.0,7.0,53.0,4.0,2.0
NEW YORK,Le Roy Village,4233.0,8.0,0.0,0.0,0.0,8.0,47.0,1.0,44.0,2.0,0.0
NEW YORK,Lewisboro Town,11836.0,1.0,0.0,0.0,0.0,1.0,3.0,2.0,1.0,0.0,0.0
NEW YORK,Lewiston Town and Village,15616.0,7.0,0.0,1.0,1.0,5.0,103.0,12.0,75.0,16.0,2.0
NEW YORK,Liberty Village,5167.0,41.0,0.0,7.0,4.0,30.0,99.0,10.0,87.0,2.0,1.0
NEW YORK,Little Falls,4495.0,2.0,0.0,0.0,1.0,1.0,20.0,3.0,17.0,0.0,0.0
NEW YORK,Lloyd Town,11090.0,9.0,0.0,1.0,2.0,6.0,102.0,4.0,96.0,2.0,0.0
NEW YORK,Long Beach,34527.0,27.0,1.0,1.0,2.0,23.0,36.0,5.0,30.0,1.0,0.0
NEW YORK,Lowville Village,3324.0,1.0,0.0,0.0,0.0,1.0,7.0,0.0,7.0,0.0,0.0
NEW YORK,Lynbrook Village,19976.0,15.0,0.0,0.0,2.0,13.0,94.0,7.0,76.0,11.0,0.0
NEW YORK,Malone Village,5370.0,17.0,0.0,2.0,0.0,15.0,107.0,18.0,86.0,3.0,1.0
NEW YORK,Mamaroneck Town,12234.0,1.0,0.0,0.0,0.0,1.0,66.0,4.0,59.0,3.0,0.0
NEW YORK,Mamaroneck Village,19356.0,21.0,0.0,4.0,2.0,15.0,246.0,15.0,225.0,6.0,0.0
NEW YORK,Manlius Town,25064.0,12.0,0.0,0.0,2.0,10.0,314.0,21.0,280.0,13.0,0.0
NEW YORK,Marcellus Village,1743.0,0.0,0.0,0.0,0.0,0.0,8.0,1.0,7.0,0.0,0.0
NEW YORK,Marlborough Town,8826.0,1.0,0.0,1.0,0.0,0.0,23.0,2.0,17.0,4.0,0.0
NEW YORK,Massena Village,10028.0,15.0,1.0,2.0,1.0,11.0,216.0,20.0,193.0,3.0,1.0
NEW YORK,Medina Village,5872.0,19.0,0.0,1.0,2.0,16.0,53.0,11.0,37.0,5.0,1.0
NEW YORK,Middleport Village,1684.0,0.0,0.0,0.0,0.0,0.0,5.0,0.0,5.0,0.0,0.0
NEW YORK,Middletown,30110.0,93.0,2.0,5.0,16.0,70.0,363.0,23.0,322.0,18.0,5.0
NEW YORK,Monroe Village,9473.0,8.0,0.0,0.0,3.0,5.0,83.0,5.0,77.0,1.0,1.0
NEW YORK,Montgomery Town,9464.0,3.0,0.0,0.0,0.0,3.0,42.0,0.0,40.0,2.0,0.0
NEW YORK,Montgomery Village,3745.0,0.0,0.0,0.0,0.0,0.0,41.0,0.0,37.0,4.0,0.0
NEW YORK,Monticello Village,7216.0,8.0,0.0,0.0,1.0,7.0,117.0,40.0,73.0,4.0,0.0
NEW YORK,Mount Hope Town,6445.0,2.0,0.0,0.0,0.0,2.0,22.0,1.0,20.0,1.0,0.0
NEW YORK,Mount Vernon,70390.0,383.0,2.0,18.0,75.0,288.0,1027.0,97.0,737.0,193.0,5.0
NEW YORK,Nassau Village,1074.0,0.0,0.0,0.0,0.0,0.0,6.0,2.0,4.0,0.0,0.0
NEW YORK,Newark Village,8931.0,33.0,1.0,2.0,5.0,25.0,227.0,21.0,200.0,6.0,1.0
NEW YORK,New Berlin Town,1578.0,0.0,0.0,0.0,0.0,0.0,3.0,0.0,3.0,0.0,0.0
NEW YORK,Newburgh,28061.0,276.0,3.0,25.0,56.0,192.0,538.0,108.0,378.0,52.0,
NEW YORK,Newburgh Town,31634.0,35.0,0.0,1.0,8.0,26.0,749.0,62.0,670.0,17.0,2.0
NEW YORK,New Hartford Town and Village,20546.0,21.0,0.0,3.0,5.0,13.0,701.0,11.0,683.0,7.0,0.0
NEW YORK,New Paltz Town and Village,15926.0,9.0,0.0,1.0,0.0,8.0,107.0,6.0,100.0,1.0,0.0
NEW YORK,New Rochelle,84960.0,114.0,0.0,2.0,36.0,76.0,939.0,22.0,869.0,48.0,3.0
NEW YORK,New Windsor Town,27811.0,27.0,0.0,7.0,1.0,19.0,234.0,13.0,217.0,4.0,2.0
NEW YORK,New York,8299271.0,55690.0,325.0,1943.0,15559.0,37863.0,196549.0,12842.0,167230.0,16477.0,826.0
NEW YORK,New York Mills Village,3165.0,3.0,0.0,0.0,0.0,3.0,46.0,5.0,36.0,5.0,0.0
NEW YORK,Niagara Falls,47296.0,237.0,3.0,4.0,44.0,186.0,1328.0,155.0,1035.0,138.0,8.0
NEW YORK,Niagara Town,7671.0,12.0,0.0,0.0,1.0,11.0,278.0,28.0,243.0,7.0,0.0
NEW YORK,Niskayuna Town,23797.0,20.0,0.0,1.0,3.0,16.0,503.0,36.0,456.0,11.0,0.0
NEW YORK,Norfolk Town ,4286.0,0.0,0.0,0.0,0.0,0.0,2.0,0.0,2.0,0.0,0.0
NEW YORK,North Greenbush Town,13240.0,9.0,0.0,0.0,1.0,8.0,186.0,11.0,171.0,4.0,0.0
NEW YORK,North Hornell Village,783.0,0.0,0.0,0.0,0.0,0.0,0.0,0.0,0.0,0.0,0.0
NEW YORK,Northport Village,7254.0,1.0,0.0,0.0,1.0,0.0,31.0,0.0,31.0,0.0,0.0
NEW YORK,North Tonawanda,29898.0,46.0,0.0,6.0,5.0,35.0,325.0,37.0,253.0,35.0,2.0
NEW YORK,Northville Village,995.0,0.0,0.0,0.0,0.0,0.0,16.0,4.0,11.0,1.0,
NEW YORK,Norwood Village ,1537.0,1.0,0.0,0.0,0.0,1.0,13.0,2.0,11.0,0.0,0.0
NEW YORK,Ogdensburg,9125.0,40.0,0.0,4.0,5.0,31.0,414.0,64.0,345.0,5.0,1.0
NEW YORK,Ogden Town,20082.0,8.0,0.0,2.0,2.0,4.0,113.0,6.0,97.0,10.0,0.0
NEW YORK,Old Brookville Village,2086.0,0.0,0.0,0.0,0.0,0.0,8.0,2.0,5.0,1.0,0.0
NEW YORK,Old Westbury Village,5033.0,1.0,0.0,0.0,1.0,0.0,21.0,7.0,8.0,6.0,0.0
NEW YORK,Olean,13564.0,47.0,0.0,2.0,14.0,31.0,514.0,46.0,456.0,12.0,2.0
NEW YORK,Oneida,10021.0,40.0,0.0,11.0,6.0,23.0,348.0,53.0,289.0,6.0,0.0
NEW YORK,Oneonta City,16232.0,13.0,0.0,5.0,2.0,6.0,119.0,16.0,100.0,3.0,0.0
NEW YORK,Orangetown Town,41682.0,24.0,0.0,0.0,3.0,21.0,233.0,10.0,220.0,3.0,0.0
NEW YORK,Orchard Park Town,29778.0,20.0,0.0,5.0,5.0,10.0,299.0,23.0,239.0,37.0,0.0
NEW YORK,Oriskany Village,1346.0,0.0,0.0,0.0,0.0,0.0,8.0,2.0,6.0,0.0,0.0
NEW YORK,Oswego City,17058.0,58.0,1.0,7.0,8.0,42.0,606.0,133.0,450.0,23.0,2.0
NEW YORK,Owego Village,4258.0,8.0,0.0,6.0,0.0,2.0,40.0,3.0,37.0,0.0,0.0
NEW YORK,Oyster Bay Cove Village,4154.0,0.0,0.0,0.0,0.0,0.0,9.0,1.0,8.0,0.0,0.0
NEW YORK,Palmyra Village,3261.0,2.0,0.0,1.0,1.0,0.0,44.0,7.0,33.0,4.0,0.0
NEW YORK,Peekskill,25484.0,53.0,1.0,2.0,6.0,44.0,248.0,21.0,215.0,12.0,0.0
NEW YORK,Pelham Manor Village,5482.0,8.0,0.0,0.0,4.0,4.0,206.0,9.0,183.0,14.0,0.0
NEW YORK,Pelham Village,7084.0,3.0,0.0,0.0,1.0,2.0,23.0,3.0,19.0,1.0,0.0
NEW YORK,Perry Village,3568.0,8.0,0.0,2.0,0.0,6.0,40.0,8.0,31.0,1.0,0.0
NEW YORK,Phelps Village,1851.0,0.0,0.0,0.0,0.0,0.0,6.0,0.0,6.0,0.0,0.0
NEW YORK,Philmont Village,1472.0,0.0,0.0,0.0,0.0,0.0,1.0,0.0,1.0,0.0,0.0
NEW YORK,Phoenix Village,2194.0,0.0,0.0,0.0,0.0,0.0,11.0,2.0,8.0,1.0,0.0
NEW YORK,Piermont Village,2764.0,1.0,0.0,0.0,0.0,1.0,5.0,1.0,4.0,0.0,0.0
NEW YORK,Plattekill Town,10344.0,4.0,0.0,1.0,0.0,3.0,37.0,4.0,33.0,0.0,0.0
NEW YORK,Plattsburgh City,19883.0,26.0,0.0,5.0,4.0,17.0,367.0,16.0,337.0,14.0,2.0
NEW YORK,Pleasantville Village,7177.0,6.0,0.0,0.0,1.0,5.0,44.0,2.0,42.0,0.0,0.0
NEW YORK,Port Chester Village,30260.0,23.0,0.0,0.0,11.0,12.0,292.0,24.0,256.0,12.0,0.0
NEW YORK,Port Jervis,8508.0,35.0,0.0,3.0,4.0,28.0,131.0,11.0,116.0,4.0,0.0
NEW YORK,Portville Village,879.0,0.0,0.0,0.0,0.0,0.0,5.0,1.0,4.0,0.0,0.0
NEW YORK,Port Washington,19888.0,25.0,0.0,5.0,3.0,17.0,161.0,9.0,149.0,3.0,
NEW YORK,Potsdam Village,8421.0,2.0,0.0,1.0,0.0,1.0,80.0,7.0,72.0,1.0,0.0
NEW YORK,Poughkeepsie,31843.0,205.0,2.0,20.0,33.0,150.0,521.0,78.0,403.0,40.0,3.0
NEW YORK,Poughkeepsie Town,40746.0,72.0,0.0,11.0,20.0,41.0,1055.0,52.0,981.0,22.0,8.0
NEW YORK,Pound Ridge Town,4884.0,0.0,0.0,0.0,0.0,0.0,29.0,1.0,25.0,3.0,0.0
NEW YORK,Pulaski Village,2302.0,1.0,0.0,1.0,0.0,0.0,12.0,2.0,10.0,0.0,0.0
NEW YORK,Quogue Village,1710.0,0.0,0.0,0.0,0.0,0.0,11.0,3.0,7.0,1.0,0.0
NEW YORK,Ramapo Town,110136.0,83.0,1.0,4.0,12.0,66.0,694.0,63.0,603.0,28.0,5.0
NEW YORK,Rensselaer City,9343.0,5.0,0.0,0.0,1.0,4.0,114.0,17.0,89.0,8.0,0.0
NEW YORK,Rhinebeck Village,2544.0,1.0,0.0,0.0,0.0,1.0,16.0,1.0,15.0,0.0,0.0
NEW YORK,Riverhead Town,35693.0,36.0,1.0,2.0,8.0,25.0,901.0,35.0,847.0,19.0,0.0
NEW YORK,Rochester,206093.0,1200.0,27.0,38.0,316.0,819.0,6779.0,834.0,3701.0,2244.0,108.0
NEW YORK,Rockville Centre Village,25472.0,6.0,0.0,0.0,1.0,5.0,120.0,9.0,91.0,20.0,1.0
NEW YORK,Rome,31577.0,75.0,0.0,12.0,5.0,58.0,649.0,86.0,546.0,17.0,2.0
NEW YORK,Rosendale Town,5665.0,1.0,0.0,1.0,0.0,0.0,15.0,0.0,15.0,0.0,0.0
NEW YORK,Rotterdam Town,30518.0,12.0,0.0,1.0,0.0,11.0,503.0,27.0,462.0,14.0,0.0
NEW YORK,Rye,16094.0,2.0,0.0,1.0,0.0,1.0,41.0,4.0,27.0,10.0,0.0
NEW YORK,Rye Brook Village,9708.0,2.0,0.0,0.0,1.0,1.0,64.0,7.0,49.0,8.0,0.0
NEW YORK,Sackets Harbor Village,1361.0,0.0,0.0,0.0,0.0,0.0,0.0,0.0,0.0,0.0,0.0
NEW YORK,Salamanca,5735.0,22.0,0.0,2.0,6.0,14.0,80.0,17.0,59.0,4.0,0.0
NEW YORK,Sands Point Village,2743.0,1.0,0.0,0.0,0.0,1.0,7.0,2.0,4.0,1.0,0.0
NEW YORK,Saratoga Springs,28546.0,53.0,1.0,16.0,9.0,27.0,490.0,67.0,416.0,7.0,1.0
NEW YORK,Saugerties Town,19468.0,10.0,0.0,2.0,0.0,8.0,101.0,12.0,76.0,13.0,1.0
NEW YORK,Scarsdale Village,17602.0,1.0,0.0,0.0,1.0,0.0,60.0,9.0,45.0,6.0,0.0
NEW YORK,Schenectady,68610.0,443.0,7.0,39.0,69.0,328.0,2147.0,275.0,1721.0,151.0,19.0
NEW YORK,Schodack Town,11318.0,8.0,0.0,2.0,1.0,5.0,32.0,7.0,23.0,2.0,0.0
NEW YORK,Scotia Village,7207.0,9.0,0.0,0.0,3.0,6.0,110.0,13.0,93.0,4.0,0.0
NEW YORK,Seneca Falls Town,8788.0,11.0,0.0,2.0,0.0,9.0,249.0,17.0,226.0,6.0,0.0
NEW YORK,Shandaken Town,2819.0,0.0,0.0,0.0,0.0,0.0,7.0,2.0,5.0,0.0,0.0
NEW YORK,Shawangunk Town,13376.0,0.0,0.0,0.0,0.0,0.0,5.0,0.0,3.0,2.0,0.0
NEW YORK,Shelter Island Town,3305.0,1.0,0.0,0.0,0.0,1.0,15.0,3.0,12.0,0.0,0.0
NEW YORK,Sherrill,2966.0,0.0,0.0,0.0,0.0,0.0,4.0,1.0,2.0,1.0,0.0
NEW YORK,Sidney Village,3645.0,6.0,0.0,0.0,3.0,3.0,61.0,12.0,48.0,1.0,0.0
NEW YORK,Skaneateles Village,2512.0,0.0,0.0,0.0,0.0,0.0,20.0,0.0,19.0,1.0,0.0
NEW YORK,Somerset Town,1975.0,1.0,0.0,0.0,0.0,1.0,1.0,0.0,1.0,0.0,0.0
NEW YORK,Southampton Town,59965.0,35.0,0.0,2.0,4.0,29.0,455.0,40.0,399.0,16.0,0.0
NEW YORK,Southampton Village,4657.0,2.0,0.0,0.0,0.0,2.0,68.0,3.0,59.0,6.0,0.0
NEW YORK,South Glens Falls Village,3709.0,4.0,0.0,1.0,0.0,3.0,45.0,4.0,40.0,1.0,1.0
NEW YORK,Southold Town,21344.0,11.0,0.0,0.0,0.0,11.0,191.0,11.0,171.0,9.0,1.0
NEW YORK,Spring Valley Village,32973.0,119.0,1.0,14.0,36.0,68.0,716.0,126.0,578.0,12.0,1.0
NEW YORK,Stillwater Town,7936.0,1.0,0.0,0.0,1.0,0.0,32.0,1.0,31.0,0.0,0.0
NEW YORK,St. Johnsville Village,1692.0,0.0,0.0,0.0,0.0,0.0,8.0,0.0,6.0,2.0,0.0
NEW YORK,Stony Point Town,14706.0,12.0,1.0,0.0,0.0,11.0,55.0,3.0,49.0,3.0,0.0
NEW YORK,Suffern Village,11317.0,14.0,0.0,2.0,6.0,6.0,85.0,3.0,79.0,3.0,0.0
NEW YORK,Syracuse,145175.0,1111.0,22.0,85.0,194.0,810.0,6147.0,1047.0,3830.0,1270.0,22.0
NEW YORK,Tarrytown Village,11651.0,4.0,0.0,0.0,2.0,2.0,48.0,7.0,38.0,3.0,2.0
NEW YORK,Theresa Village,743.0,0.0,0.0,0.0,0.0,0.0,1.0,0.0,0.0,1.0,0.0
NEW YORK,Tonawanda,14825.0,25.0,2.0,5.0,1.0,17.0,168.0,18.0,133.0,17.0,1.0
NEW YORK,Tonawanda Town,56110.0,46.0,0.0,1.0,13.0,32.0,905.0,104.0,629.0,172.0,2.0
NEW YORK,Troy,50372.0,237.0,1.0,22.0,54.0,160.0,1397.0,197.0,1057.0,143.0,14.0
NEW YORK,Trumansburg Village,1655.0,1.0,0.0,1.0,0.0,0.0,12.0,1.0,11.0,0.0,0.0
NEW YORK,Tuckahoe Village,6846.0,2.0,0.0,0.0,0.0,2.0,7.0,3.0,3.0,1.0,0.0
NEW YORK,Tupper Lake Village,3312.0,5.0,0.0,2.0,1.0,2.0,88.0,21.0,60.0,7.0,0.0
NEW YORK,Tuxedo Park Village,620.0,0.0,0.0,0.0,0.0,0.0,0.0,0.0,0.0,0.0,0.0
NEW YORK,Ulster Town,12590.0,10.0,0.0,0.0,0.0,10.0,244.0,6.0,235.0,3.0,0.0
NEW YORK,Utica,63098.0,333.0,5.0,24.0,60.0,244.0,1861.0,186.0,1583.0,92.0,10.0
NEW YORK,Vernon Village,1149.0,0.0,0.0,0.0,0.0,0.0,4.0,0.0,4.0,0.0,0.0
NEW YORK,Vestal Town,32289.0,15.0,0.0,1.0,2.0,12.0,845.0,43.0,796.0,6.0,2.0
NEW YORK,Wallkill Town,31330.0,16.0,0.0,0.0,6.0,10.0,349.0,17.0,328.0,4.0,1.0
NEW YORK,Wappingers Falls Village,6027.0,0.0,0.0,0.0,0.0,0.0,41.0,0.0,40.0,1.0,0.0
NEW YORK,Warsaw Village,3626.0,3.0,1.0,0.0,0.0,2.0,12.0,0.0,12.0,0.0,0.0
NEW YORK,Warwick Town,19314.0,8.0,0.0,0.0,1.0,7.0,55.0,3.0,51.0,1.0,0.0
NEW YORK,Washingtonville Village,5633.0,5.0,0.0,2.0,0.0,3.0,36.0,2.0,34.0,0.0,0.0
NEW YORK,Waterford Town and Village,8072.0,2.0,0.0,1.0,1.0,0.0,24.0,5.0,16.0,3.0,0.0
NEW YORK,Watertown,24029.0,144.0,0.0,40.0,9.0,95.0,944.0,93.0,822.0,29.0,6.0
NEW YORK,Watervliet,10108.0,36.0,1.0,7.0,9.0,19.0,215.0,37.0,161.0,17.0,0.0
NEW YORK,Wayland Village,1692.0,0.0,0.0,0.0,0.0,0.0,0.0,0.0,0.0,0.0,0.0
NEW YORK,Webb Town,1809.0,0.0,0.0,0.0,0.0,0.0,10.0,2.0,7.0,1.0,0.0
NEW YORK,Webster Town and Village,45084.0,26.0,0.0,2.0,4.0,20.0,410.0,23.0,333.0,54.0,1.0
NEW YORK,Weedsport Village,1755.0,0.0,0.0,0.0,0.0,0.0,1.0,0.0,1.0,0.0,0.0
NEW YORK,Wellsville Village,4544.0,5.0,0.0,0.0,1.0,4.0,84.0,6.0,76.0,2.0,0.0
NEW YORK,West Carthage Village,1750.0,0.0,0.0,0.0,0.0,0.0,3.0,1.0,2.0,0.0,0.0
NEW YORK,Westhampton Beach Village,2198.0,4.0,0.0,1.0,0.0,3.0,13.0,1.0,11.0,1.0,0.0
NEW YORK,West Seneca Town,44982.0,56.0,1.0,3.0,10.0,42.0,769.0,73.0,593.0,103.0,3.0
NEW YORK,White Plains,61923.0,69.0,1.0,3.0,11.0,54.0,1090.0,56.0,1005.0,29.0,2.0
NEW YORK,Whitesboro Village,3561.0,0.0,0.0,0.0,0.0,0.0,38.0,0.0,38.0,0.0,0.0
NEW YORK,Whitestown Town,8666.0,0.0,0.0,0.0,0.0,0.0,36.0,7.0,27.0,2.0,0.0
NEW YORK,Willing Town,1249.0,0.0,0.0,0.0,0.0,0.0,0.0,0.0,0.0,0.0,0.0
NEW YORK,Windham Town,1731.0,0.0,0.0,0.0,0.0,0.0,3.0,0.0,3.0,0.0,0.0
NEW YORK,Wolcott Village,1570.0,0.0,0.0,0.0,0.0,0.0,0.0,0.0,0.0,0.0,0.0
NEW YORK,Woodstock Town,6208.0,0.0,0.0,0.0,0.0,0.0,12.0,0.0,12.0,0.0,0.0
NEW YORK,Yonkers,206557.0,644.0,4.0,19.0,131.0,490.0,2096.0,244.0,1533.0,319.0,24.0
NEW YORK,Yorktown Town,34899.0,13.0,0.0,2.0,0.0,11.0,208.0,12.0,185.0,11.0,0.0
NEW YORK,Yorkville Village,2566.0,5.0,0.0,1.0,0.0,4.0,112.0,9.0,98.0,5.0,0.0
NEW YORK,Youngstown Village,1826.0,0.0,0.0,0.0,0.0,0.0,1.0,0.0,1.0,0.0,0.0
NORTH CAROLINA,Aberdeen,9795.0,24.0,0.0,0.0,0.0,24.0,320.0,49.0,256.0,15.0,3.0
NORTH CAROLINA,Ahoskie,4580.0,32.0,1.0,3.0,4.0,24.0,186.0,40.0,132.0,14.0,0.0
NORTH CAROLINA,Angier,7902.0,12.0,0.0,2.0,0.0,10.0,66.0,11.0,50.0,5.0,3.0
NORTH CAROLINA,Archdale,12143.0,13.0,0.0,3.0,2.0,8.0,136.0,19.0,108.0,9.0,0.0
NORTH CAROLINA,Asheville,95219.0,758.0,12.0,82.0,108.0,556.0,3709.0,573.0,2815.0,321.0,30.0
NORTH CAROLINA,Atlantic Beach,1418.0,11.0,0.0,1.0,3.0,7.0,51.0,16.0,32.0,3.0,2.0
NORTH CAROLINA,Ayden,5126.0,13.0,2.0,0.0,2.0,9.0,76.0,11.0,59.0,6.0,0.0
NORTH CAROLINA,Banner Elk,1155.0,0.0,0.0,0.0,0.0,0.0,2.0,0.0,2.0,0.0,0.0
NORTH CAROLINA,Beaufort,4920.0,15.0,0.0,4.0,0.0,11.0,85.0,12.0,70.0,3.0,1.0
NORTH CAROLINA,Beech Mountain,656.0,1.0,0.0,0.0,0.0,1.0,3.0,0.0,3.0,0.0,0.0
NORTH CAROLINA,Belmont,15672.0,60.0,0.0,2.0,10.0,48.0,444.0,39.0,382.0,23.0,1.0
NORTH CAROLINA,Benson,4542.0,34.0,0.0,2.0,1.0,31.0,127.0,25.0,97.0,5.0,1.0
NORTH CAROLINA,Bessemer City,5685.0,26.0,5.0,4.0,2.0,15.0,85.0,35.0,42.0,8.0,0.0
NORTH CAROLINA,Beulaville,1145.0,6.0,0.0,1.0,1.0,4.0,37.0,6.0,30.0,1.0,0.0
NORTH CAROLINA,Biltmore Forest,1448.0,0.0,0.0,0.0,0.0,0.0,9.0,1.0,7.0,1.0,0.0
NORTH CAROLINA,Biscoe,1853.0,4.0,1.0,0.0,1.0,2.0,70.0,5.0,64.0,1.0,0.0
NORTH CAROLINA,Black Mountain,8564.0,5.0,0.0,0.0,0.0,5.0,101.0,11.0,83.0,7.0,0.0
NORTH CAROLINA,Blowing Rock,1347.0,2.0,0.0,1.0,0.0,1.0,38.0,21.0,16.0,1.0,0.0
NORTH CAROLINA,Boiling Spring Lakes,6903.0,20.0,0.0,3.0,1.0,16.0,99.0,33.0,63.0,3.0,1.0
NORTH CAROLINA,Boone,20024.0,18.0,0.0,8.0,1.0,9.0,182.0,25.0,149.0,8.0,0.0
NORTH CAROLINA,Broadway,1367.0,0.0,0.0,0.0,0.0,0.0,19.0,7.0,11.0,1.0,0.0
NORTH CAROLINA,Bryson City,1495.0,9.0,0.0,0.0,1.0,8.0,23.0,0.0,20.0,3.0,0.0
NORTH CAROLINA,Bunn,373.0,0.0,0.0,0.0,0.0,0.0,8.0,0.0,8.0,0.0,0.0
NORTH CAROLINA,Burgaw,3528.0,7.0,0.0,0.0,0.0,7.0,51.0,4.0,45.0,2.0,0.0
NORTH CAROLINA,Burlington,60906.0,580.0,4.0,48.0,70.0,458.0,1879.0,315.0,1345.0,219.0,26.0
NORTH CAROLINA,Butner,8156.0,20.0,0.0,1.0,1.0,18.0,107.0,14.0,79.0,14.0,0.0
NORTH CAROLINA,Canton,4417.0,7.0,0.0,0.0,0.0,7.0,83.0,17.0,57.0,9.0,0.0
NORTH CAROLINA,Carolina Beach,6917.0,23.0,1.0,5.0,1.0,16.0,128.0,15.0,104.0,9.0,1.0
NORTH CAROLINA,Carrboro,21045.0,38.0,1.0,5.0,4.0,28.0,406.0,60.0,292.0,54.0,2.0
NORTH CAROLINA,Cary,181793.0,129.0,3.0,12.0,23.0,91.0,2395.0,161.0,2019.0,215.0,8.0
NORTH CAROLINA,Caswell Beach,397.0,0.0,0.0,0.0,0.0,0.0,0.0,0.0,0.0,0.0,0.0
NORTH CAROLINA,Chadbourn,1538.0,6.0,0.0,0.0,0.0,6.0,62.0,16.0,44.0,2.0,1.0
NORTH CAROLINA,Chapel Hill,63906.0,110.0,1.0,8.0,29.0,72.0,1607.0,217.0,1271.0,119.0,4.0
NORTH CAROLINA,Charlotte-Mecklenburg,1003130.0,7355.0,109.0,250.0,1308.0,5688.0,37169.0,4284.0,25261.0,7624.0,164.0
NORTH CAROLINA,Cherryville,6342.0,11.0,2.0,1.0,1.0,7.0,190.0,73.0,102.0,15.0,1.0
NORTH CAROLINA,China Grove,4612.0,7.0,0.0,0.0,2.0,5.0,51.0,13.0,33.0,5.0,0.0
NORTH CAROLINA,Clayton,31494.0,53.0,0.0,6.0,6.0,41.0,404.0,17.0,335.0,52.0,0.0
NORTH CAROLINA,Cleveland,888.0,2.0,1.0,0.0,0.0,1.0,9.0,1.0,6.0,2.0,0.0
NORTH CAROLINA,Clinton,8300.0,47.0,1.0,2.0,4.0,40.0,272.0,34.0,219.0,19.0,3.0
NORTH CAROLINA,Coats,2300.0,5.0,0.0,0.0,0.0,5.0,47.0,10.0,31.0,6.0,0.0
NORTH CAROLINA,Columbus,1109.0,0.0,0.0,0.0,0.0,0.0,17.0,3.0,14.0,0.0,0.0
NORTH CAROLINA,Concord,111922.0,178.0,6.0,12.0,28.0,132.0,1237.0,127.0,923.0,187.0,4.0
NORTH CAROLINA,Cornelius,33699.0,35.0,1.0,7.0,4.0,23.0,349.0,55.0,269.0,25.0,4.0
NORTH CAROLINA,Cramerton,5556.0,6.0,0.0,0.0,2.0,4.0,69.0,8.0,47.0,14.0,1.0
NORTH CAROLINA,Creedmoor,5066.0,16.0,0.0,6.0,1.0,9.0,81.0,22.0,51.0,8.0,0.0
NORTH CAROLINA,Dallas,6225.0,16.0,1.0,2.0,3.0,10.0,113.0,32.0,68.0,13.0,0.0
NORTH CAROLINA,Davidson,14332.0,6.0,0.0,0.0,1.0,5.0,64.0,13.0,44.0,7.0,0.0
NORTH CAROLINA,Drexel,1761.0,0.0,0.0,0.0,0.0,0.0,1.0,0.0,0.0,1.0,0.0
NORTH CAROLINA,Dunn,8633.0,78.0,3.0,6.0,10.0,59.0,441.0,124.0,285.0,32.0,1.0
NORTH CAROLINA,Durham,300208.0,1859.0,37.0,172.0,483.0,1167.0,11407.0,1352.0,8182.0,1873.0,35.0
NORTH CAROLINA,Eden,15307.0,63.0,0.0,4.0,6.0,53.0,388.0,59.0,317.0,12.0,3.0
NORTH CAROLINA,Edenton,4495.0,17.0,3.0,0.0,0.0,14.0,86.0,18.0,59.0,9.0,0.0
NORTH CAROLINA,Elizabeth City,19064.0,65.0,3.0,6.0,9.0,47.0,455.0,96.0,303.0,56.0,3.0
NORTH CAROLINA,Elon,11585.0,9.0,0.0,3.0,0.0,6.0,36.0,8.0,24.0,4.0,0.0
NORTH CAROLINA,Emerald Isle,4007.0,6.0,0.0,1.0,1.0,4.0,82.0,18.0,60.0,4.0,0.0
NORTH CAROLINA,Erwin,4812.0,21.0,0.0,1.0,0.0,20.0,113.0,21.0,88.0,4.0,0.0
NORTH CAROLINA,Fairmont,2208.0,23.0,0.0,0.0,3.0,20.0,99.0,23.0,70.0,6.0,0.0
NORTH CAROLINA,Farmville,4576.0,63.0,0.0,2.0,3.0,58.0,96.0,17.0,69.0,10.0,0.0
NORTH CAROLINA,Fayetteville,209945.0,1386.0,26.0,69.0,212.0,1079.0,6497.0,813.0,4932.0,752.0,56.0
NORTH CAROLINA,Fletcher,8219.0,6.0,1.0,1.0,1.0,3.0,110.0,34.0,69.0,7.0,0.0
NORTH CAROLINA,Forest City,7391.0,39.0,0.0,7.0,4.0,28.0,391.0,96.0,284.0,11.0,3.0
NORTH CAROLINA,Four Oaks,2624.0,4.0,0.0,2.0,0.0,2.0,15.0,0.0,13.0,2.0,0.0
NORTH CAROLINA,Franklin,4377.0,11.0,0.0,4.0,0.0,7.0,127.0,34.0,85.0,8.0,1.0
NORTH CAROLINA,Franklinton,2806.0,8.0,2.0,0.0,2.0,4.0,92.0,19.0,70.0,3.0,0.0
NORTH CAROLINA,Fuquay-Varina,47436.0,33.0,0.0,6.0,5.0,22.0,275.0,30.0,230.0,15.0,1.0
NORTH CAROLINA,Garner,36720.0,131.0,1.0,11.0,17.0,102.0,1655.0,124.0,1397.0,134.0,5.0
NORTH CAROLINA,Gastonia,85112.0,723.0,4.0,32.0,105.0,582.0,2991.0,436.0,2202.0,353.0,22.0
NORTH CAROLINA,Gibsonville,9619.0,17.0,0.0,5.0,1.0,11.0,89.0,16.0,68.0,5.0,2.0
NORTH CAROLINA,Goldsboro,33444.0,360.0,15.0,10.0,61.0,274.0,1961.0,328.0,1525.0,108.0,6.0
NORTH CAROLINA,Graham,18772.0,65.0,3.0,9.0,12.0,41.0,353.0,60.0,237.0,56.0,4.0
NORTH CAROLINA,Granite Falls,4908.0,10.0,0.0,4.0,0.0,6.0,146.0,35.0,106.0,5.0,0.0
NORTH CAROLINA,Greensboro,304306.0,2811.0,43.0,80.0,528.0,2160.0,10295.0,1468.0,7024.0,1803.0,90.0
NORTH CAROLINA,Greenville,90871.0,412.0,9.0,17.0,49.0,337.0,2648.0,247.0,2227.0,174.0,13.0
NORTH CAROLINA,Havelock,16574.0,34.0,0.0,2.0,4.0,28.0,261.0,61.0,198.0,2.0,2.0
NORTH CAROLINA,Haw River,2381.0,12.0,0.0,3.0,4.0,5.0,66.0,6.0,54.0,6.0,1.0
NORTH CAROLINA,Henderson,14791.0,265.0,4.0,7.0,29.0,225.0,858.0,135.0,690.0,33.0,3.0
NORTH CAROLINA,Hendersonville,15561.0,41.0,1.0,5.0,5.0,30.0,476.0,92.0,354.0,30.0,5.0
NORTH CAROLINA,Hickory,44682.0,182.0,1.0,11.0,25.0,145.0,1262.0,183.0,961.0,118.0,7.0
NORTH CAROLINA,Highlands,1122.0,0.0,0.0,0.0,0.0,0.0,19.0,3.0,16.0,0.0,0.0
NORTH CAROLINA,High Point,117629.0,535.0,3.0,15.0,92.0,425.0,2889.0,404.0,1777.0,708.0,40.0
NORTH CAROLINA,Hillsborough,9788.0,37.0,2.0,2.0,5.0,28.0,443.0,22.0,395.0,26.0,0.0
NORTH CAROLINA,Holden Beach,945.0,1.0,0.0,0.0,0.0,1.0,14.0,4.0,10.0,0.0,0.0
NORTH CAROLINA,Holly Ridge,5523.0,3.0,0.0,1.0,0.0,2.0,46.0,13.0,32.0,1.0,0.0
NORTH CAROLINA,Hudson,3761.0,2.0,0.0,1.0,0.0,1.0,49.0,4.0,40.0,5.0,0.0
NORTH CAROLINA,Huntersville,65752.0,94.0,1.0,12.0,13.0,68.0,897.0,166.0,627.0,104.0,4.0
NORTH CAROLINA,Jefferson,1638.0,2.0,0.0,1.0,0.0,1.0,25.0,3.0,19.0,3.0,0.0
NORTH CAROLINA,Jonesville,2332.0,4.0,0.0,0.0,0.0,4.0,153.0,79.0,67.0,7.0,0.0
NORTH CAROLINA,Kannapolis,60725.0,102.0,6.0,20.0,14.0,62.0,1084.0,122.0,830.0,132.0,3.0
NORTH CAROLINA,Kenansville,762.0,2.0,0.0,0.0,0.0,2.0,21.0,5.0,14.0,2.0,0.0
NORTH CAROLINA,Kernersville,28522.0,65.0,2.0,2.0,7.0,54.0,898.0,99.0,750.0,49.0,5.0
NORTH CAROLINA,Kill Devil Hills,7817.0,17.0,0.0,2.0,3.0,12.0,117.0,25.0,90.0,2.0,0.0
NORTH CAROLINA,King,7680.0,6.0,0.0,0.0,2.0,4.0,92.0,3.0,84.0,5.0,1.0
NORTH CAROLINA,Kings Mountain,12045.0,78.0,2.0,7.0,5.0,64.0,273.0,70.0,186.0,17.0,0.0
NORTH CAROLINA,Kinston,19298.0,185.0,4.0,15.0,16.0,150.0,958.0,192.0,719.0,47.0,13.0
NORTH CAROLINA,Kitty Hawk,3714.0,9.0,0.0,0.0,1.0,8.0,61.0,16.0,45.0,0.0,0.0
NORTH CAROLINA,Knightdale,20557.0,40.0,0.0,4.0,5.0,31.0,601.0,36.0,491.0,74.0,1.0
NORTH CAROLINA,Laurinburg,14994.0,284.0,9.0,11.0,24.0,240.0,756.0,244.0,450.0,62.0,6.0
NORTH CAROLINA,Leland,33162.0,32.0,0.0,11.0,4.0,17.0,326.0,81.0,232.0,13.0,0.0
NORTH CAROLINA,Lenoir,18201.0,47.0,0.0,9.0,9.0,29.0,586.0,166.0,380.0,40.0,8.0
NORTH CAROLINA,Lexington,19899.0,87.0,3.0,8.0,17.0,59.0,601.0,128.0,408.0,65.0,7.0
NORTH CAROLINA,Lincolnton,12478.0,45.0,0.0,7.0,8.0,30.0,265.0,20.0,236.0,9.0,1.0
NORTH CAROLINA,Louisburg,3340.0,12.0,1.0,1.0,0.0,10.0,184.0,5.0,175.0,4.0,1.0
NORTH CAROLINA,Lowell,3839.0,5.0,0.0,0.0,1.0,4.0,56.0,8.0,38.0,10.0,0.0
NORTH CAROLINA,Lumberton,19087.0,320.0,10.0,14.0,57.0,239.0,1898.0,388.0,1355.0,155.0,4.0
NORTH CAROLINA,Madison,2165.0,1.0,0.0,0.0,0.0,1.0,43.0,10.0,32.0,1.0,3.0
NORTH CAROLINA,Maggie Valley,1751.0,8.0,2.0,0.0,0.0,6.0,89.0,21.0,55.0,13.0,1.0
NORTH CAROLINA,Marion,7435.0,18.0,0.0,0.0,2.0,16.0,238.0,82.0,135.0,21.0,1.0
NORTH CAROLINA,Marshville,2701.0,18.0,0.0,0.0,1.0,17.0,61.0,12.0,42.0,7.0,0.0
NORTH CAROLINA,Matthews,31422.0,58.0,0.0,6.0,20.0,32.0,834.0,110.0,666.0,58.0,0.0
NORTH CAROLINA,Maxton,2116.0,5.0,1.0,0.0,0.0,4.0,21.0,3.0,15.0,3.0,2.0
NORTH CAROLINA,Mayodan,2464.0,2.0,0.0,2.0,0.0,0.0,193.0,7.0,184.0,2.0,0.0
NORTH CAROLINA,Maysville,848.0,2.0,0.0,1.0,0.0,1.0,9.0,2.0,7.0,0.0,0.0
NORTH CAROLINA,Mebane,20920.0,64.0,0.0,4.0,7.0,53.0,672.0,38.0,597.0,37.0,1.0
NORTH CAROLINA,Middlesex,945.0,0.0,0.0,0.0,0.0,0.0,11.0,3.0,8.0,0.0,0.0
NORTH CAROLINA,Mint Hill,28259.0,28.0,0.0,1.0,4.0,23.0,236.0,42.0,149.0,45.0,0.0
NORTH CAROLINA,Monroe,38903.0,254.0,3.0,28.0,32.0,191.0,1297.0,167.0,1031.0,99.0,7.0
NORTH CAROLINA,Mooresville,54823.0,119.0,2.0,31.0,12.0,74.0,1180.0,76.0,1038.0,66.0,2.0
NORTH CAROLINA,Morehead City,9960.0,36.0,0.0,5.0,1.0,30.0,306.0,17.0,281.0,8.0,0.0
NORTH CAROLINA,Morrisville,32336.0,32.0,1.0,2.0,10.0,19.0,787.0,49.0,679.0,59.0,1.0
NORTH CAROLINA,Mount Airy,10590.0,33.0,1.0,7.0,0.0,25.0,258.0,56.0,183.0,19.0,4.0
NORTH CAROLINA,Mount Holly,18581.0,20.0,1.0,2.0,3.0,14.0,306.0,166.0,106.0,34.0,0.0
NORTH CAROLINA,Mount Olive,4280.0,13.0,0.0,0.0,0.0,13.0,126.0,12.0,104.0,10.0,0.0
NORTH CAROLINA,Murfreesboro,2327.0,13.0,0.0,0.0,3.0,10.0,37.0,5.0,30.0,2.0,0.0
NORTH CAROLINA,Nags Head,3130.0,8.0,0.0,0.0,0.0,8.0,107.0,26.0,79.0,2.0,0.0
NORTH CAROLINA,New Bern,32548.0,118.0,4.0,11.0,14.0,89.0,526.0,89.0,421.0,16.0,0.0
NORTH CAROLINA,Newport,4536.0,13.0,0.0,1.0,1.0,11.0,66.0,14.0,50.0,2.0,0.0
NORTH CAROLINA,Newton,13479.0,54.0,1.0,5.0,3.0,45.0,257.0,60.0,183.0,14.0,2.0
NORTH CAROLINA,North Topsail Beach,1090.0,0.0,0.0,0.0,0.0,0.0,16.0,6.0,9.0,1.0,0.0
NORTH CAROLINA,North Wilkesboro,4323.0,11.0,0.0,5.0,0.0,6.0,89.0,19.0,63.0,7.0,0.0
NORTH CAROLINA,Ocean Isle Beach,1019.0,1.0,0.0,0.0,0.0,1.0,31.0,8.0,21.0,2.0,0.0
NORTH CAROLINA,Oxford,9032.0,76.0,1.0,4.0,11.0,60.0,324.0,29.0,283.0,12.0,2.0
NORTH CAROLINA,Pembroke,2836.0,26.0,8.0,7.0,8.0,3.0,225.0,85.0,105.0,35.0,3.0
NORTH CAROLINA,Pinehurst,18716.0,11.0,0.0,4.0,0.0,7.0,52.0,10.0,38.0,4.0,0.0
NORTH CAROLINA,Pine Knoll Shores,1440.0,0.0,0.0,0.0,0.0,0.0,9.0,1.0,8.0,0.0,0.0
NORTH CAROLINA,Pine Level,2353.0,0.0,0.0,0.0,0.0,0.0,8.0,2.0,4.0,2.0,0.0
NORTH CAROLINA,Pineville,11330.0,82.0,0.0,3.0,22.0,57.0,992.0,131.0,765.0,96.0,2.0
NORTH CAROLINA,Pittsboro,4934.0,5.0,0.0,1.0,1.0,3.0,151.0,12.0,131.0,8.0,0.0
NORTH CAROLINA,Plymouth,3169.0,59.0,4.0,4.0,2.0,49.0,111.0,31.0,74.0,6.0,0.0
NORTH CAROLINA,Raeford,4538.0,5.0,0.0,1.0,1.0,3.0,65.0,4.0,58.0,3.0,0.0
NORTH CAROLINA,Raleigh,488085.0,2386.0,25.0,176.0,423.0,1762.0,13760.0,1362.0,10049.0,2349.0,36.0
NORTH CAROLINA,Ranlo,4713.0,15.0,0.0,1.0,1.0,13.0,36.0,14.0,15.0,7.0,1.0
NORTH CAROLINA,Red Springs,3161.0,28.0,3.0,6.0,1.0,18.0,138.0,27.0,94.0,17.0,0.0
NORTH CAROLINA,Reidsville,14584.0,87.0,0.0,9.0,6.0,72.0,399.0,48.0,307.0,44.0,4.0
NORTH CAROLINA,Richlands,2457.0,2.0,0.0,1.0,0.0,1.0,28.0,3.0,22.0,3.0,0.0
NORTH CAROLINA,Roanoke Rapids,14497.0,130.0,1.0,8.0,17.0,104.0,490.0,78.0,376.0,36.0,4.0
NORTH CAROLINA,Rockingham,8786.0,54.0,5.0,4.0,5.0,40.0,337.0,62.0,248.0,27.0,0.0
NORTH CAROLINA,Rocky Mount,54223.0,415.0,7.0,21.0,85.0,302.0,2158.0,401.0,1545.0,212.0,26.0
NORTH CAROLINA,Rolesville,11884.0,4.0,0.0,2.0,2.0,0.0,52.0,4.0,40.0,8.0,0.0
NORTH CAROLINA,Rowland,890.0,3.0,0.0,0.0,1.0,2.0,30.0,15.0,14.0,1.0,0.0
NORTH CAROLINA,Roxboro,8235.0,83.0,1.0,6.0,7.0,69.0,289.0,46.0,234.0,9.0,0.0
NORTH CAROLINA,Rutherfordton,3701.0,11.0,1.0,0.0,0.0,10.0,123.0,24.0,90.0,9.0,1.0
NORTH CAROLINA,Salisbury,36564.0,351.0,11.0,21.0,53.0,266.0,1458.0,147.0,1010.0,301.0,1.0
NORTH CAROLINA,Saluda,646.0,2.0,0.0,0.0,0.0,2.0,9.0,2.0,5.0,2.0,0.0
NORTH CAROLINA,Selma,7244.0,76.0,0.0,3.0,8.0,65.0,173.0,42.0,113.0,18.0,1.0
NORTH CAROLINA,Shallotte,5548.0,18.0,0.0,2.0,1.0,15.0,233.0,15.0,214.0,4.0,1.0
NORTH CAROLINA,Sharpsburg,1755.0,9.0,0.0,2.0,2.0,5.0,22.0,8.0,13.0,1.0,0.0
NORTH CAROLINA,Shelby,22028.0,230.0,5.0,11.0,17.0,197.0,536.0,107.0,378.0,51.0,5.0
NORTH CAROLINA,Siler City,8142.0,39.0,0.0,9.0,5.0,25.0,175.0,30.0,127.0,18.0,1.0
NORTH CAROLINA,Smithfield,12852.0,63.0,1.0,1.0,8.0,53.0,458.0,43.0,388.0,27.0,2.0
NORTH CAROLINA,Snow Hill,1467.0,3.0,0.0,1.0,1.0,1.0,31.0,11.0,19.0,1.0,1.0
NORTH CAROLINA,Southern Pines,17092.0,63.0,0.0,3.0,10.0,50.0,347.0,45.0,262.0,40.0,4.0
NORTH CAROLINA,Southern Shores,3150.0,1.0,0.0,0.0,0.0,1.0,35.0,17.0,17.0,1.0,1.0
NORTH CAROLINA,Southport,4494.0,4.0,0.0,0.0,0.0,4.0,48.0,7.0,40.0,1.0,0.0
NORTH CAROLINA,Spring Lake,11459.0,62.0,0.0,3.0,3.0,56.0,387.0,78.0,240.0,69.0,0.0
NORTH CAROLINA,Spruce Pine,2189.0,2.0,0.0,2.0,0.0,0.0,33.0,6.0,23.0,4.0,0.0
NORTH CAROLINA,Stallings,17564.0,9.0,0.0,3.0,0.0,6.0,118.0,21.0,88.0,9.0,0.0
NORTH CAROLINA,Stantonsburg,757.0,4.0,0.0,1.0,0.0,3.0,7.0,3.0,4.0,0.0,0.0
NORTH CAROLINA,Star,824.0,3.0,0.0,0.0,1.0,2.0,20.0,2.0,18.0,0.0,0.0
NORTH CAROLINA,Sunset Beach,4660.0,5.0,0.0,0.0,0.0,5.0,45.0,9.0,36.0,0.0,0.0
NORTH CAROLINA,Surf City,5120.0,15.0,0.0,4.0,1.0,10.0,91.0,9.0,78.0,4.0,0.0
NORTH CAROLINA,Swansboro,4273.0,2.0,0.0,0.0,0.0,2.0,80.0,9.0,69.0,2.0,0.0
NORTH CAROLINA,Sylva,2697.0,14.0,1.0,1.0,1.0,11.0,116.0,24.0,86.0,6.0,0.0
NORTH CAROLINA,Tabor City,3636.0,11.0,0.0,2.0,2.0,7.0,56.0,9.0,37.0,10.0,1.0
NORTH CAROLINA,Tarboro,10920.0,73.0,2.0,1.0,9.0,61.0,294.0,37.0,251.0,6.0,1.0
NORTH CAROLINA,Taylorsville,2258.0,0.0,0.0,0.0,0.0,0.0,27.0,6.0,19.0,2.0,0.0
NORTH CAROLINA,Thomasville,27525.0,91.0,5.0,2.0,25.0,59.0,632.0,132.0,431.0,69.0,6.0
NORTH CAROLINA,Troutman,4057.0,7.0,0.0,1.0,0.0,6.0,135.0,31.0,98.0,6.0,0.0
NORTH CAROLINA,Troy,2985.0,9.0,2.0,2.0,1.0,4.0,48.0,14.0,33.0,1.0,1.0
NORTH CAROLINA,Tryon,1620.0,2.0,0.0,1.0,0.0,1.0,25.0,6.0,17.0,2.0,0.0
NORTH CAROLINA,Valdese,4703.0,5.0,0.0,0.0,0.0,5.0,93.0,19.0,69.0,5.0,0.0
NORTH CAROLINA,Wadesboro,4909.0,100.0,3.0,3.0,9.0,85.0,361.0,85.0,233.0,43.0,2.0
NORTH CAROLINA,Wake Forest,55872.0,82.0,2.0,3.0,5.0,72.0,729.0,58.0,624.0,47.0,2.0
NORTH CAROLINA,Wallace,3492.0,14.0,0.0,1.0,2.0,11.0,112.0,16.0,87.0,9.0,0.0
NORTH CAROLINA,Warsaw,2738.0,9.0,0.0,1.0,1.0,7.0,83.0,16.0,56.0,11.0,1.0
NORTH CAROLINA,Washington,9616.0,50.0,4.0,5.0,8.0,33.0,325.0,31.0,278.0,16.0,1.0
NORTH CAROLINA,Waxhaw,23893.0,14.0,0.0,3.0,1.0,10.0,101.0,13.0,85.0,3.0,1.0
NORTH CAROLINA,Waynesville,10813.0,54.0,2.0,11.0,2.0,39.0,304.0,28.0,266.0,10.0,3.0
NORTH CAROLINA,Weaverville,4732.0,3.0,0.0,0.0,0.0,3.0,148.0,11.0,134.0,3.0,1.0
NORTH CAROLINA,Weldon,1365.0,1.0,0.0,0.0,0.0,1.0,37.0,7.0,28.0,2.0,1.0
NORTH CAROLINA,Wendell,16281.0,22.0,0.0,1.0,2.0,19.0,175.0,41.0,111.0,23.0,3.0
NORTH CAROLINA,West Jefferson,1340.0,1.0,0.0,0.0,0.0,1.0,60.0,4.0,56.0,0.0,0.0
NORTH CAROLINA,Whispering Pines,5431.0,0.0,0.0,0.0,0.0,0.0,14.0,4.0,10.0,0.0,0.0
NORTH CAROLINA,Whiteville,4654.0,25.0,0.0,6.0,5.0,14.0,371.0,73.0,271.0,27.0,1.0
NORTH CAROLINA,Wilkesboro,3652.0,13.0,0.0,2.0,1.0,10.0,192.0,23.0,162.0,7.0,1.0
NORTH CAROLINA,Williamston,4994.0,58.0,3.0,1.0,8.0,46.0,320.0,58.0,254.0,8.0,0.0
NORTH CAROLINA,Wilmington,125101.0,604.0,7.0,57.0,91.0,449.0,4397.0,452.0,3555.0,390.0,8.0
NORTH CAROLINA,Wilson,47825.0,277.0,12.0,13.0,30.0,222.0,1149.0,137.0,900.0,112.0,14.0
NORTH CAROLINA,Wilson's Mills,2915.0,22.0,0.0,0.0,2.0,20.0,32.0,5.0,24.0,3.0,0.0
NORTH CAROLINA,Windsor,3153.0,14.0,1.0,2.0,0.0,11.0,38.0,5.0,32.0,1.0,1.0
NORTH CAROLINA,Winston-Salem,254041.0,2057.0,29.0,117.0,247.0,1664.0,7421.0,1448.0,5073.0,900.0,70.0
NORTH CAROLINA,Winterville,10926.0,9.0,0.0,1.0,1.0,7.0,79.0,8.0,66.0,5.0,0.0
NORTH CAROLINA,Woodfin,8031.0,14.0,0.0,1.0,2.0,11.0,87.0,29.0,46.0,12.0,0.0
NORTH CAROLINA,Wrightsville Beach,2405.0,5.0,0.0,0.0,2.0,3.0,88.0,16.0,71.0,1.0,0.0
NORTH CAROLINA,Yadkinville,3025.0,9.0,0.0,3.0,0.0,6.0,57.0,5.0,51.0,1.0,0.0
NORTH CAROLINA,Youngsville,2368.0,0.0,0.0,0.0,0.0,0.0,52.0,2.0,48.0,2.0,0.0
NORTH CAROLINA,Zebulon,10356.0,34.0,1.0,0.0,7.0,26.0,254.0,38.0,192.0,24.0,2.0
NORTH DAKOTA,Beulah,3027.0,3.0,0.0,1.0,0.0,2.0,16.0,1.0,14.0,1.0,0.0
NORTH DAKOTA,Bismarck,75546.0,210.0,1.0,34.0,46.0,129.0,1813.0,187.0,1452.0,174.0,5.0
NORTH DAKOTA,Bowman,1394.0,1.0,0.0,0.0,0.0,1.0,9.0,3.0,6.0,0.0,0.0
NORTH DAKOTA,Carrington,1987.0,1.0,0.0,0.0,0.0,1.0,4.0,1.0,3.0,0.0,0.0
NORTH DAKOTA,Dickinson,24910.0,74.0,2.0,10.0,2.0,60.0,425.0,44.0,346.0,35.0,0.0
NORTH DAKOTA,Fargo,135682.0,676.0,6.0,139.0,105.0,426.0,5016.0,1006.0,3529.0,481.0,15.0
NORTH DAKOTA,Grafton,4027.0,2.0,0.0,0.0,0.0,2.0,24.0,1.0,19.0,4.0,2.0
NORTH DAKOTA,Grand Forks,58848.0,211.0,3.0,43.0,16.0,149.0,1343.0,151.0,1103.0,89.0,1.0
NORTH DAKOTA,Jamestown,15651.0,16.0,0.0,3.0,1.0,12.0,194.0,20.0,149.0,25.0,1.0
NORTH DAKOTA,Lincoln,4479.0,3.0,0.0,0.0,0.0,3.0,20.0,3.0,12.0,5.0,0.0
NORTH DAKOTA,Lisbon,2164.0,2.0,0.0,1.0,0.0,1.0,19.0,1.0,16.0,2.0,1.0
NORTH DAKOTA,Mandan,24711.0,71.0,0.0,18.0,2.0,51.0,638.0,81.0,471.0,86.0,5.0
NORTH DAKOTA,Minot,47041.0,150.0,1.0,25.0,21.0,103.0,660.0,113.0,442.0,105.0,16.0
NORTH DAKOTA,Rolla,1148.0,1.0,0.0,0.0,0.0,1.0,18.0,2.0,15.0,1.0,0.0
NORTH DAKOTA,Stanley,2133.0,4.0,1.0,0.0,0.0,3.0,30.0,1.0,26.0,3.0,0.0
NORTH DAKOTA,Steele,648.0,0.0,0.0,0.0,0.0,0.0,7.0,0.0,4.0,3.0,0.0
NORTH DAKOTA,Tioga,2060.0,3.0,0.0,0.0,0.0,3.0,16.0,0.0,15.0,1.0,0.0
NORTH DAKOTA,Valley City,6541.0,10.0,0.0,0.0,1.0,9.0,62.0,6.0,49.0,7.0,0.0
NORTH DAKOTA,Wahpeton,7995.0,19.0,0.0,11.0,0.0,8.0,175.0,15.0,144.0,16.0,2.0
NORTH DAKOTA,Watford City,5949.0,18.0,0.0,4.0,0.0,14.0,96.0,4.0,79.0,13.0,0.0
NORTH DAKOTA,West Fargo,40915.0,67.0,1.0,22.0,5.0,39.0,415.0,95.0,282.0,38.0,2.0
NORTH DAKOTA,Williston,27211.0,119.0,0.0,21.0,5.0,93.0,630.0,93.0,475.0,62.0,1.0
NORTH DAKOTA,Wishek,837.0,1.0,0.0,0.0,0.0,1.0,0.0,0.0,0.0,0.0,0.0
OHIO,Ada,5293.0,10.0,0.0,0.0,1.0,9.0,33.0,6.0,26.0,1.0,0.0
OHIO,Akron,188223.0,1544.0,24.0,213.0,155.0,1152.0,5562.0,714.0,4071.0,777.0,41.0
OHIO,Alliance,21490.0,59.0,0.0,8.0,1.0,50.0,443.0,50.0,373.0,20.0,4.0
OHIO,Amberley Village,3790.0,2.0,0.0,0.0,0.0,2.0,32.0,6.0,26.0,0.0,0.0
OHIO,American Township,12432.0,3.0,0.0,0.0,1.0,2.0,233.0,6.0,222.0,5.0,0.0
OHIO,Amherst,12996.0,31.0,0.0,2.0,3.0,26.0,130.0,5.0,123.0,2.0,0.0
OHIO,Archbold,4426.0,6.0,0.0,1.0,0.0,5.0,31.0,1.0,26.0,4.0,1.0
OHIO,Ashland,18552.0,32.0,0.0,13.0,5.0,14.0,263.0,27.0,231.0,5.0,1.0
OHIO,Ashtabula,17723.0,33.0,0.0,7.0,11.0,15.0,163.0,39.0,109.0,15.0,3.0
OHIO,Ashville,4831.0,3.0,2.0,1.0,0.0,0.0,24.0,11.0,11.0,2.0,0.0
OHIO,Athens,25104.0,24.0,0.0,3.0,4.0,17.0,242.0,22.0,204.0,16.0,0.0
OHIO,Aurora,17869.0,3.0,0.0,0.0,0.0,3.0,68.0,3.0,64.0,1.0,0.0
OHIO,Austintown,35491.0,36.0,1.0,13.0,5.0,17.0,491.0,43.0,384.0,64.0,0.0
OHIO,Avon,25562.0,19.0,0.0,1.0,2.0,16.0,229.0,7.0,219.0,3.0,0.0
OHIO,Avon Lake,26167.0,5.0,0.0,1.0,0.0,4.0,76.0,12.0,59.0,5.0,0.0
OHIO,Bainbridge Township,12921.0,0.0,0.0,0.0,0.0,0.0,130.0,2.0,126.0,2.0,1.0
OHIO,Barberton,24375.0,74.0,0.0,16.0,6.0,52.0,506.0,44.0,439.0,23.0,7.0
OHIO,Barnesville,3878.0,3.0,0.0,1.0,0.0,2.0,8.0,1.0,7.0,0.0,0.0
OHIO,Batavia,2011.0,1.0,0.0,1.0,0.0,0.0,16.0,1.0,15.0,0.0,1.0
OHIO,"Bath Township, Summit County",9940.0,7.0,0.0,1.0,0.0,6.0,152.0,5.0,147.0,0.0,0.0
OHIO,Bay Village,15838.0,8.0,1.0,1.0,0.0,6.0,52.0,5.0,44.0,3.0,0.0
OHIO,Bazetta Township,5871.0,6.0,0.0,0.0,0.0,6.0,94.0,5.0,86.0,3.0,0.0
OHIO,Beachwood,13758.0,6.0,0.0,0.0,0.0,6.0,307.0,11.0,274.0,22.0,1.0
OHIO,Beavercreek,47389.0,35.0,1.0,9.0,8.0,17.0,945.0,45.0,813.0,87.0,1.0
OHIO,Beaver Township,6659.0,5.0,0.0,0.0,0.0,5.0,49.0,7.0,40.0,2.0,0.0
OHIO,Bedford,12761.0,8.0,0.0,0.0,0.0,8.0,69.0,13.0,30.0,26.0,0.0
OHIO,Bedford Heights,10723.0,11.0,1.0,0.0,2.0,8.0,215.0,25.0,167.0,23.0,1.0
OHIO,Bellaire,3731.0,19.0,1.0,7.0,3.0,8.0,21.0,1.0,20.0,0.0,1.0
OHIO,Bellbrook,7439.0,3.0,0.0,2.0,0.0,1.0,34.0,0.0,30.0,4.0,0.0
OHIO,Bellefontaine,14061.0,15.0,0.0,0.0,0.0,15.0,111.0,9.0,94.0,8.0,1.0
OHIO,Bellville,1993.0,0.0,0.0,0.0,0.0,0.0,12.0,0.0,12.0,0.0,0.0
OHIO,Belpre,6580.0,7.0,0.0,0.0,0.0,7.0,38.0,5.0,32.0,1.0,0.0
OHIO,Berea,17886.0,4.0,0.0,0.0,0.0,4.0,67.0,10.0,56.0,1.0,1.0
OHIO,Bethel,2671.0,1.0,0.0,0.0,0.0,1.0,28.0,2.0,23.0,3.0,0.0
OHIO,Bexley,12436.0,15.0,0.0,4.0,6.0,5.0,300.0,50.0,209.0,41.0,0.0
OHIO,Blanchester,4219.0,3.0,0.0,3.0,0.0,0.0,32.0,5.0,27.0,0.0,0.0
OHIO,Blendon Township,7802.0,6.0,0.0,0.0,3.0,3.0,77.0,7.0,61.0,9.0,0.0
OHIO,Blue Ash,13410.0,24.0,1.0,4.0,3.0,16.0,241.0,12.0,216.0,13.0,1.0
OHIO,Boardman,39587.0,53.0,1.0,15.0,21.0,16.0,1217.0,99.0,1055.0,63.0,1.0
OHIO,Botkins,1182.0,2.0,0.0,0.0,0.0,2.0,15.0,0.0,15.0,0.0,0.0
OHIO,Bowling Green,30287.0,21.0,0.0,5.0,2.0,14.0,290.0,21.0,262.0,7.0,0.0
OHIO,Bratenahl,1396.0,4.0,0.0,0.0,1.0,3.0,3.0,0.0,3.0,0.0,0.0
OHIO,Brecksville,14045.0,1.0,0.0,0.0,0.0,1.0,43.0,0.0,39.0,4.0,0.0
OHIO,Brewster,2101.0,0.0,0.0,0.0,0.0,0.0,11.0,3.0,8.0,0.0,0.0
OHIO,Bridgeport,1522.0,0.0,0.0,0.0,0.0,0.0,0.0,0.0,0.0,0.0,0.0
OHIO,Brimfield Township,11438.0,7.0,0.0,1.0,0.0,6.0,245.0,8.0,231.0,6.0,0.0
OHIO,Broadview Heights,19709.0,1.0,0.0,0.0,1.0,0.0,20.0,0.0,19.0,1.0,0.0
OHIO,Brook Park,18054.0,10.0,0.0,0.0,0.0,10.0,104.0,11.0,62.0,31.0,0.0
OHIO,Brookville,5894.0,4.0,0.0,2.0,0.0,2.0,52.0,10.0,32.0,10.0,0.0
OHIO,Brunswick,34952.0,23.0,0.0,8.0,0.0,15.0,134.0,6.0,125.0,3.0,0.0
OHIO,Bryan,8571.0,5.0,0.0,0.0,0.0,5.0,64.0,4.0,60.0,0.0,0.0
OHIO,Bucyrus,11495.0,13.0,0.0,9.0,0.0,4.0,158.0,9.0,144.0,5.0,1.0
OHIO,Butler Township,8195.0,36.0,1.0,13.0,2.0,20.0,538.0,30.0,369.0,139.0,0.0
OHIO,Cadiz,2950.0,4.0,0.0,0.0,1.0,3.0,10.0,0.0,8.0,2.0,1.0
OHIO,Cambridge,9932.0,9.0,0.0,5.0,0.0,4.0,196.0,10.0,186.0,0.0,0.0
OHIO,Canal Fulton,5339.0,7.0,0.0,2.0,0.0,5.0,39.0,8.0,30.0,1.0,0.0
OHIO,Canfield,7588.0,4.0,0.0,3.0,0.0,1.0,26.0,3.0,21.0,2.0,0.0
OHIO,Canton,68725.0,771.0,2.0,91.0,79.0,599.0,2374.0,534.0,1690.0,150.0,5.0
OHIO,Carrollton,3098.0,2.0,0.0,0.0,0.0,2.0,9.0,1.0,8.0,0.0,0.0
OHIO,Celina,10870.0,5.0,0.0,3.0,0.0,2.0,106.0,1.0,104.0,1.0,1.0
OHIO,Centerville,26281.0,10.0,0.0,2.0,2.0,6.0,265.0,12.0,219.0,34.0,0.0
OHIO,Chagrin Falls,4092.0,3.0,0.0,0.0,0.0,3.0,23.0,1.0,21.0,1.0,0.0
OHIO,Champion Township,9303.0,7.0,0.0,2.0,0.0,5.0,70.0,9.0,58.0,3.0,0.0
OHIO,Chardon,5238.0,0.0,0.0,0.0,0.0,0.0,24.0,0.0,24.0,0.0,0.0
OHIO,Cheviot,8504.0,27.0,0.0,5.0,1.0,21.0,176.0,9.0,122.0,45.0,0.0
OHIO,Chillicothe,21848.0,45.0,0.0,12.0,5.0,28.0,1014.0,91.0,884.0,39.0,4.0
OHIO,Cincinnati,311599.0,2635.0,68.0,178.0,722.0,1667.0,11932.0,1709.0,7463.0,2760.0,0.0
OHIO,Circleville,14623.0,41.0,1.0,6.0,0.0,34.0,249.0,15.0,231.0,3.0,3.0
OHIO,Clayton,13195.0,12.0,0.0,1.0,2.0,9.0,152.0,15.0,107.0,30.0,0.0
OHIO,Clearcreek Township,19749.0,7.0,0.0,4.0,0.0,3.0,80.0,9.0,55.0,16.0,4.0
OHIO,Cleveland,362762.0,5663.0,109.0,511.0,1412.0,3631.0,16057.0,3121.0,8777.0,4159.0,190.0
OHIO,Cleveland Heights,43853.0,110.0,3.0,17.0,21.0,69.0,570.0,73.0,331.0,166.0,1.0
OHIO,Clinton Township,4205.0,6.0,0.0,1.0,2.0,3.0,101.0,0.0,101.0,0.0,0.0
OHIO,Coitsville Township,1242.0,4.0,0.0,1.0,0.0,3.0,22.0,6.0,16.0,0.0,0.0
OHIO,Coldwater,4693.0,0.0,0.0,0.0,0.0,0.0,12.0,0.0,12.0,0.0,0.0
OHIO,Colerain Township,58402.0,147.0,1.0,20.0,30.0,96.0,1127.0,85.0,900.0,142.0,6.0
OHIO,Columbiana,6819.0,5.0,0.0,1.0,1.0,3.0,21.0,2.0,18.0,1.0,0.0
OHIO,Columbus,915447.0,3981.0,112.0,1137.0,803.0,1929.0,24290.0,3703.0,15618.0,4969.0,17.0
OHIO,Cortland,7051.0,4.0,0.0,0.0,0.0,4.0,34.0,4.0,29.0,1.0,0.0
OHIO,Crestline,4439.0,6.0,0.0,0.0,0.0,6.0,5.0,0.0,5.0,0.0,0.0
OHIO,Cuyahoga Falls,50639.0,88.0,0.0,14.0,5.0,69.0,935.0,63.0,827.0,45.0,1.0
OHIO,Dayton,134857.0,1806.0,40.0,157.0,341.0,1268.0,5845.0,1159.0,2892.0,1794.0,46.0
OHIO,Deer Park,5309.0,6.0,0.0,3.0,0.0,3.0,40.0,7.0,29.0,4.0,0.0
OHIO,Defiance,17042.0,37.0,0.0,10.0,0.0,27.0,201.0,21.0,177.0,3.0,0.0
OHIO,Delaware,46369.0,68.0,1.0,13.0,7.0,47.0,459.0,34.0,399.0,26.0,5.0
OHIO,Delhi Township,28332.0,38.0,0.0,11.0,6.0,21.0,351.0,15.0,304.0,32.0,2.0
OHIO,Delphos,7045.0,6.0,0.0,3.0,0.0,3.0,44.0,4.0,38.0,2.0,0.0
OHIO,Delta,3298.0,3.0,0.0,0.0,0.0,3.0,19.0,1.0,18.0,0.0,0.0
OHIO,Dover,12917.0,20.0,0.0,8.0,0.0,12.0,81.0,10.0,69.0,2.0,2.0
OHIO,Dublin,48784.0,53.0,0.0,6.0,6.0,41.0,447.0,50.0,333.0,64.0,1.0
OHIO,East Canton,1506.0,0.0,0.0,0.0,0.0,0.0,18.0,2.0,16.0,0.0,0.0
OHIO,East Cleveland,13336.0,188.0,5.0,12.0,33.0,138.0,400.0,74.0,200.0,126.0,7.0
OHIO,Eastlake,17269.0,44.0,0.0,7.0,1.0,36.0,288.0,8.0,263.0,17.0,1.0
OHIO,East Liverpool,9631.0,24.0,0.0,5.0,2.0,17.0,86.0,15.0,69.0,2.0,0.0
OHIO,East Palestine,4630.0,4.0,0.0,0.0,0.0,4.0,56.0,8.0,46.0,2.0,0.0
OHIO,Eaton,8271.0,10.0,0.0,5.0,1.0,4.0,108.0,8.0,91.0,9.0,0.0
OHIO,Elmwood Place,2045.0,33.0,0.0,3.0,4.0,26.0,64.0,9.0,42.0,13.0,1.0
OHIO,Elyria,53263.0,155.0,2.0,25.0,15.0,113.0,788.0,112.0,633.0,43.0,7.0
OHIO,Englewood,13175.0,17.0,0.0,5.0,2.0,10.0,352.0,24.0,307.0,21.0,1.0
OHIO,Euclid,48176.0,105.0,7.0,20.0,28.0,50.0,595.0,49.0,405.0,141.0,5.0
OHIO,Evendale,2617.0,6.0,0.0,0.0,0.0,6.0,142.0,4.0,136.0,2.0,0.0
OHIO,Fairborn,34779.0,95.0,0.0,28.0,9.0,58.0,450.0,62.0,313.0,75.0,5.0
OHIO,Fairfax,1735.0,1.0,0.0,0.0,1.0,0.0,265.0,1.0,260.0,4.0,0.0
OHIO,Fairfield,44296.0,74.0,0.0,9.0,4.0,61.0,661.0,42.0,547.0,72.0,3.0
OHIO,Fairfield Township,22989.0,34.0,1.0,6.0,8.0,19.0,442.0,13.0,420.0,9.0,0.0
OHIO,Findlay,40089.0,126.0,2.0,37.0,11.0,76.0,655.0,58.0,581.0,16.0,1.0
OHIO,Forest Park,19730.0,56.0,1.0,11.0,9.0,35.0,333.0,8.0,235.0,90.0,1.0
OHIO,Fostoria,13038.0,22.0,0.0,13.0,2.0,7.0,93.0,16.0,70.0,7.0,1.0
OHIO,Franklin,11642.0,22.0,0.0,6.0,2.0,14.0,290.0,20.0,246.0,24.0,1.0
OHIO,Franklin Township,10301.0,11.0,0.0,3.0,5.0,3.0,93.0,14.0,52.0,27.0,3.0
OHIO,Fredericktown,2609.0,0.0,0.0,0.0,0.0,0.0,11.0,0.0,11.0,0.0,2.0
OHIO,Fremont,15782.0,43.0,1.0,2.0,5.0,35.0,357.0,24.0,321.0,12.0,0.0
OHIO,Gahanna,34979.0,81.0,1.0,10.0,10.0,60.0,644.0,48.0,499.0,97.0,5.0
OHIO,Galion,10243.0,25.0,0.0,5.0,0.0,20.0,54.0,10.0,37.0,7.0,1.0
OHIO,Gallipolis,3274.0,14.0,0.0,2.0,1.0,11.0,119.0,10.0,106.0,3.0,0.0
OHIO,Garfield Heights,28876.0,134.0,2.0,16.0,24.0,92.0,540.0,83.0,361.0,96.0,5.0
OHIO,Genoa Township,28085.0,4.0,0.0,2.0,2.0,0.0,76.0,8.0,67.0,1.0,0.0
OHIO,Georgetown,4458.0,6.0,1.0,1.0,0.0,4.0,41.0,7.0,33.0,1.0,0.0
OHIO,Germantown,5810.0,6.0,0.0,2.0,0.0,4.0,45.0,8.0,33.0,4.0,1.0
OHIO,Girard,9434.0,23.0,0.0,1.0,1.0,21.0,130.0,19.0,106.0,5.0,0.0
OHIO,"Goshen Township, Clermont County",16502.0,12.0,2.0,0.0,1.0,9.0,50.0,7.0,37.0,6.0,0.0
OHIO,"Goshen Township, Mahoning County",3072.0,4.0,0.0,1.0,0.0,3.0,45.0,8.0,32.0,5.0,0.0
OHIO,Grafton,5754.0,1.0,0.0,0.0,0.0,1.0,14.0,0.0,14.0,0.0,0.0
OHIO,Grandview Heights,9050.0,1.0,0.0,1.0,0.0,0.0,193.0,27.0,157.0,9.0,0.0
OHIO,Greenfield,4334.0,4.0,0.0,1.0,0.0,3.0,21.0,6.0,12.0,3.0,0.0
OHIO,Greenhills,3630.0,14.0,0.0,1.0,1.0,12.0,44.0,3.0,40.0,1.0,1.0
OHIO,Green Township,59412.0,67.0,1.0,8.0,12.0,46.0,713.0,73.0,577.0,63.0,1.0
OHIO,Grove City,43284.0,56.0,0.0,19.0,9.0,28.0,1148.0,57.0,1004.0,87.0,4.0
OHIO,Groveport,5742.0,8.0,0.0,2.0,2.0,4.0,59.0,3.0,48.0,8.0,0.0
OHIO,Hamilton,62860.0,197.0,2.0,34.0,27.0,134.0,1293.0,210.0,962.0,121.0,13.0
OHIO,"Hamilton Township, Warren County",28313.0,9.0,0.0,3.0,0.0,6.0,107.0,6.0,90.0,11.0,0.0
OHIO,Harrison,13559.0,15.0,0.0,3.0,3.0,9.0,100.0,3.0,94.0,3.0,0.0
OHIO,Hartville,3402.0,1.0,0.0,0.0,0.0,1.0,31.0,4.0,26.0,1.0,0.0
OHIO,Heath,10781.0,14.0,0.0,6.0,4.0,4.0,475.0,34.0,432.0,9.0,2.0
OHIO,Hebron,2403.0,5.0,0.0,3.0,0.0,2.0,22.0,4.0,18.0,0.0,1.0
OHIO,Hicksville,3420.0,5.0,0.0,2.0,1.0,2.0,15.0,0.0,14.0,1.0,0.0
OHIO,Highland Heights,8554.0,0.0,0.0,0.0,0.0,0.0,38.0,0.0,36.0,2.0,0.0
OHIO,Hilliard,37305.0,45.0,0.0,12.0,6.0,27.0,347.0,35.0,270.0,42.0,4.0
OHIO,Hillsboro,6660.0,5.0,0.0,2.0,0.0,3.0,88.0,3.0,79.0,6.0,0.0
OHIO,Hinckley Township,8176.0,4.0,0.0,1.0,0.0,3.0,24.0,5.0,19.0,0.0,0.0
OHIO,Holland,1785.0,1.0,0.0,0.0,0.0,1.0,282.0,1.0,279.0,2.0,0.0
OHIO,Howland Township,17051.0,15.0,0.0,1.0,1.0,13.0,196.0,16.0,172.0,8.0,0.0
OHIO,Hubbard,7551.0,14.0,0.0,3.0,0.0,11.0,98.0,9.0,81.0,8.0,0.0
OHIO,Hubbard Township,5280.0,7.0,0.0,0.0,0.0,7.0,27.0,3.0,23.0,1.0,0.0
OHIO,Huber Heights,43269.0,82.0,0.0,19.0,9.0,54.0,778.0,67.0,609.0,102.0,0.0
OHIO,Hudson,22932.0,8.0,0.0,2.0,1.0,5.0,109.0,4.0,101.0,4.0,0.0
OHIO,Huron,6613.0,6.0,0.0,1.0,0.0,5.0,18.0,0.0,17.0,1.0,0.0
OHIO,Independence,7510.0,12.0,1.0,1.0,3.0,7.0,90.0,1.0,88.0,1.0,0.0
OHIO,Ironton,10068.0,27.0,0.0,3.0,2.0,22.0,48.0,14.0,32.0,2.0,0.0
OHIO,Jackson,6190.0,18.0,0.0,3.0,4.0,11.0,125.0,9.0,111.0,5.0,1.0
OHIO,"Jackson Township, Stark County",42924.0,91.0,0.0,24.0,11.0,56.0,845.0,62.0,743.0,40.0,2.0
OHIO,Jefferson,3173.0,6.0,0.0,3.0,0.0,3.0,21.0,4.0,15.0,2.0,0.0
OHIO,Johnstown,5351.0,9.0,0.0,0.0,0.0,9.0,33.0,1.0,31.0,1.0,0.0
OHIO,Kent,27524.0,35.0,0.0,0.0,5.0,30.0,350.0,38.0,284.0,28.0,0.0
OHIO,Kenton,7802.0,18.0,0.0,7.0,1.0,10.0,113.0,14.0,88.0,11.0,3.0
OHIO,Kettering,56562.0,24.0,0.0,10.0,7.0,7.0,849.0,88.0,677.0,84.0,3.0
OHIO,Lakemore,2899.0,17.0,0.0,0.0,2.0,15.0,61.0,10.0,49.0,2.0,0.0
OHIO,Lakewood,49272.0,70.0,0.0,7.0,8.0,55.0,562.0,54.0,441.0,67.0,2.0
OHIO,Lancaster,41687.0,169.0,5.0,36.0,7.0,121.0,886.0,81.0,754.0,51.0,9.0
OHIO,Lawrence Township,8193.0,4.0,0.0,1.0,0.0,3.0,22.0,4.0,17.0,1.0,1.0
OHIO,Lebanon,21985.0,26.0,2.0,4.0,2.0,18.0,239.0,13.0,200.0,26.0,0.0
OHIO,Liberty Township,11877.0,22.0,0.0,8.0,3.0,11.0,181.0,9.0,155.0,17.0,1.0
OHIO,Lima,34552.0,262.0,6.0,46.0,27.0,183.0,1164.0,232.0,848.0,84.0,10.0
OHIO,Lisbon,2516.0,1.0,0.0,1.0,0.0,0.0,12.0,2.0,8.0,2.0,0.0
OHIO,Lockland,3448.0,39.0,0.0,6.0,7.0,26.0,76.0,13.0,47.0,16.0,0.0
OHIO,Lodi,2789.0,2.0,0.0,1.0,0.0,1.0,13.0,1.0,11.0,1.0,0.0
OHIO,London,10623.0,13.0,1.0,2.0,0.0,10.0,77.0,10.0,65.0,2.0,0.0
OHIO,Lorain,65374.0,380.0,2.0,20.0,35.0,323.0,1014.0,169.0,753.0,92.0,9.0
OHIO,Lordstown,3320.0,6.0,0.0,0.0,1.0,5.0,19.0,3.0,15.0,1.0,0.0
OHIO,Loudonville,2772.0,3.0,0.0,0.0,0.0,3.0,6.0,0.0,5.0,1.0,0.0
OHIO,Louisville,9761.0,9.0,0.0,0.0,0.0,9.0,74.0,19.0,52.0,3.0,0.0
OHIO,Loveland,13108.0,11.0,0.0,2.0,2.0,7.0,55.0,2.0,49.0,4.0,1.0
OHIO,Lyndhurst,13634.0,17.0,0.0,4.0,6.0,7.0,145.0,2.0,138.0,5.0,0.0
OHIO,Madeira,9400.0,0.0,0.0,0.0,0.0,0.0,35.0,1.0,33.0,1.0,0.0
OHIO,Madison,3409.0,2.0,0.0,0.0,0.0,2.0,19.0,1.0,18.0,0.0,0.0
OHIO,"Madison Township, Franklin County",19179.0,9.0,2.0,2.0,1.0,4.0,66.0,8.0,51.0,7.0,0.0
OHIO,Marion,35373.0,158.0,0.0,36.0,9.0,113.0,467.0,85.0,348.0,34.0,5.0
OHIO,Martins Ferry,6024.0,21.0,1.0,1.0,0.0,19.0,24.0,2.0,20.0,2.0,1.0
OHIO,Marysville,29393.0,29.0,0.0,13.0,2.0,14.0,318.0,15.0,292.0,11.0,0.0
OHIO,Mason,35923.0,13.0,0.0,7.0,0.0,6.0,190.0,2.0,188.0,0.0,1.0
OHIO,Massillon,32569.0,103.0,2.0,21.0,7.0,73.0,592.0,64.0,488.0,40.0,5.0
OHIO,Maumee,13558.0,22.0,0.0,6.0,3.0,13.0,330.0,24.0,289.0,17.0,0.0
OHIO,Mayfield Heights,19792.0,4.0,0.0,0.0,1.0,3.0,59.0,3.0,56.0,0.0,0.0
OHIO,Mayfield Village,3311.0,0.0,0.0,0.0,0.0,0.0,22.0,0.0,20.0,2.0,0.0
OHIO,McConnelsville,1633.0,5.0,0.0,0.0,0.0,5.0,19.0,4.0,15.0,0.0,0.0
OHIO,Mechanicsburg,1681.0,0.0,0.0,0.0,0.0,0.0,6.0,0.0,4.0,2.0,0.0
OHIO,Medina,25827.0,26.0,0.0,8.0,2.0,16.0,199.0,20.0,172.0,7.0,1.0
OHIO,Mentor,46765.0,54.0,0.0,10.0,1.0,43.0,635.0,21.0,593.0,21.0,0.0
OHIO,Mentor-on-the-Lake,7070.0,3.0,0.0,1.0,0.0,2.0,45.0,2.0,41.0,2.0,1.0
OHIO,Miamisburg,19781.0,29.0,0.0,3.0,7.0,19.0,291.0,34.0,203.0,54.0,1.0
OHIO,"Miami Township, Clermont County",44929.0,38.0,2.0,11.0,0.0,25.0,350.0,18.0,310.0,22.0,0.0
OHIO,"Miami Township, Montgomery County",30666.0,56.0,1.0,15.0,20.0,20.0,664.0,49.0,533.0,82.0,2.0
OHIO,Middleport,2140.0,4.0,0.0,0.0,0.0,4.0,9.0,2.0,7.0,0.0,0.0
OHIO,Mifflin Township,2505.0,1.0,0.0,0.0,0.0,1.0,6.0,1.0,3.0,2.0,0.0
OHIO,Milford,6404.0,3.0,0.0,1.0,1.0,1.0,60.0,2.0,56.0,2.0,1.0
OHIO,Mogadore,3796.0,0.0,0.0,0.0,0.0,0.0,43.0,5.0,35.0,3.0,0.0
OHIO,Monroe,18069.0,20.0,0.0,2.0,4.0,14.0,276.0,11.0,239.0,26.0,0.0
OHIO,Montgomery,10784.0,4.0,0.0,0.0,0.0,4.0,71.0,3.0,62.0,6.0,0.0
OHIO,Montpelier,3869.0,7.0,0.0,3.0,0.0,4.0,82.0,9.0,70.0,3.0,1.0
OHIO,Montville Township,13415.0,8.0,0.0,0.0,0.0,8.0,36.0,3.0,32.0,1.0,0.0
OHIO,Moraine,6636.0,39.0,0.0,3.0,7.0,29.0,425.0,35.0,342.0,48.0,2.0
OHIO,Mount Gilead,3543.0,2.0,0.0,0.0,1.0,1.0,11.0,1.0,10.0,0.0,0.0
OHIO,Mount Healthy,6809.0,32.0,3.0,3.0,7.0,19.0,165.0,28.0,116.0,21.0,2.0
OHIO,Mount Orab,4348.0,10.0,0.0,1.0,0.0,9.0,25.0,2.0,19.0,4.0,0.0
OHIO,Munroe Falls,4941.0,0.0,0.0,0.0,0.0,0.0,4.0,2.0,2.0,0.0,0.0
OHIO,Napoleon,8714.0,19.0,0.0,8.0,1.0,10.0,158.0,27.0,129.0,2.0,1.0
OHIO,Navarre,1795.0,2.0,0.0,1.0,0.0,1.0,11.0,3.0,8.0,0.0,0.0
OHIO,Nelsonville,4492.0,7.0,0.0,2.0,0.0,5.0,115.0,24.0,84.0,7.0,1.0
OHIO,New Albany,11423.0,11.0,0.0,1.0,1.0,9.0,133.0,10.0,113.0,10.0,1.0
OHIO,Newark,51394.0,145.0,2.0,16.0,16.0,111.0,836.0,118.0,627.0,91.0,13.0
OHIO,Newburgh Heights,1804.0,7.0,0.0,0.0,0.0,7.0,5.0,1.0,4.0,0.0,0.0
OHIO,Newcomerstown,3626.0,8.0,0.0,1.0,0.0,7.0,35.0,8.0,25.0,2.0,0.0
OHIO,New Franklin,13763.0,12.0,0.0,1.0,2.0,9.0,44.0,7.0,34.0,3.0,2.0
OHIO,New Lebanon,3778.0,6.0,0.0,2.0,1.0,3.0,38.0,8.0,30.0,0.0,1.0
OHIO,New Philadelphia,17362.0,20.0,0.0,2.0,1.0,17.0,89.0,11.0,76.0,2.0,0.0
OHIO,New Richmond,2783.0,2.0,0.0,0.0,0.0,2.0,4.0,1.0,3.0,0.0,0.0
OHIO,Niles,18202.0,53.0,1.0,10.0,12.0,30.0,507.0,70.0,421.0,16.0,0.0
OHIO,North Canton,17577.0,10.0,0.0,4.0,1.0,5.0,192.0,9.0,180.0,3.0,0.0
OHIO,North College Hill,9401.0,86.0,1.0,7.0,17.0,61.0,298.0,19.0,231.0,48.0,2.0
OHIO,Northfield,3537.0,2.0,0.0,2.0,0.0,0.0,35.0,4.0,31.0,0.0,0.0
OHIO,North Olmsted,31532.0,20.0,1.0,3.0,1.0,15.0,315.0,12.0,274.0,29.0,2.0
OHIO,Northwood,5226.0,9.0,0.0,2.0,2.0,5.0,102.0,9.0,89.0,4.0,0.0
OHIO,Norton,11314.0,15.0,0.0,6.0,0.0,9.0,185.0,21.0,149.0,15.0,0.0
OHIO,Norwalk,17164.0,7.0,0.0,3.0,0.0,4.0,105.0,6.0,96.0,3.0,0.0
OHIO,Norwood,19057.0,46.0,0.0,1.0,7.0,38.0,601.0,47.0,492.0,62.0,1.0
OHIO,Oak Harbor,2792.0,1.0,0.0,1.0,0.0,0.0,34.0,1.0,32.0,1.0,0.0
OHIO,Oakwood Village,3480.0,2.0,0.0,0.0,0.0,2.0,29.0,1.0,26.0,2.0,0.0
OHIO,Oberlin,7438.0,12.0,0.0,4.0,1.0,7.0,101.0,3.0,98.0,0.0,0.0
OHIO,Obetz,7542.0,8.0,1.0,0.0,1.0,6.0,83.0,3.0,75.0,5.0,2.0
OHIO,Olmsted Falls,8638.0,0.0,0.0,0.0,0.0,0.0,27.0,1.0,26.0,0.0,0.0
OHIO,Olmsted Township,14535.0,5.0,1.0,1.0,0.0,3.0,29.0,5.0,19.0,5.0,1.0
OHIO,Ontario,6650.0,10.0,0.0,2.0,0.0,8.0,230.0,3.0,222.0,5.0,0.0
OHIO,Orange Village,3548.0,3.0,0.0,0.0,0.0,3.0,38.0,2.0,32.0,4.0,0.0
OHIO,Oregon,19639.0,38.0,1.0,7.0,2.0,28.0,826.0,37.0,770.0,19.0,1.0
OHIO,Orrville,8409.0,9.0,0.0,2.0,1.0,6.0,25.0,2.0,20.0,3.0,0.0
OHIO,Ottawa Hills,4781.0,1.0,0.0,0.0,0.0,1.0,36.0,9.0,17.0,10.0,0.0
OHIO,Painesville,20713.0,38.0,1.0,2.0,1.0,34.0,121.0,21.0,92.0,8.0,0.0
OHIO,Parma,78967.0,94.0,0.0,23.0,8.0,63.0,561.0,54.0,433.0,74.0,4.0
OHIO,Parma Heights,20484.0,6.0,0.0,0.0,0.0,6.0,68.0,11.0,45.0,12.0,1.0
OHIO,Paulding,3523.0,1.0,0.0,1.0,0.0,0.0,8.0,0.0,8.0,0.0,0.0
OHIO,Peninsula,515.0,3.0,0.0,0.0,0.0,3.0,8.0,1.0,7.0,0.0,0.0
OHIO,Pepper Pike,6883.0,0.0,0.0,0.0,0.0,0.0,37.0,4.0,30.0,3.0,0.0
OHIO,Perkins Township,12607.0,13.0,0.0,1.0,1.0,11.0,335.0,2.0,329.0,4.0,0.0
OHIO,Perrysburg,25302.0,7.0,0.0,5.0,0.0,2.0,113.0,3.0,107.0,3.0,0.0
OHIO,Perrysburg Township,13762.0,5.0,0.0,1.0,0.0,4.0,167.0,14.0,151.0,2.0,2.0
OHIO,"Perry Township, Franklin County",3743.0,1.0,0.0,0.0,0.0,1.0,6.0,2.0,3.0,1.0,1.0
OHIO,"Perry Township, Stark County",28114.0,23.0,0.0,2.0,4.0,17.0,213.0,49.0,160.0,4.0,0.0
OHIO,Pickerington,25959.0,35.0,0.0,10.0,9.0,16.0,285.0,28.0,238.0,19.0,1.0
OHIO,Pierce Township,15431.0,16.0,0.0,6.0,1.0,9.0,150.0,11.0,133.0,6.0,1.0
OHIO,Pioneer,1404.0,1.0,0.0,1.0,0.0,0.0,21.0,3.0,18.0,0.0,0.0
OHIO,Piqua,20861.0,109.0,0.0,26.0,4.0,79.0,624.0,88.0,516.0,20.0,4.0
OHIO,Plain City,4406.0,1.0,0.0,0.0,0.0,1.0,5.0,0.0,4.0,1.0,0.0
OHIO,Poland Township,12019.0,6.0,0.0,1.0,2.0,3.0,43.0,11.0,32.0,0.0,0.0
OHIO,Pomeroy,1513.0,1.0,0.0,0.0,0.0,1.0,1.0,0.0,1.0,0.0,0.0
OHIO,Port Clinton,5905.0,20.0,0.0,8.0,1.0,11.0,60.0,8.0,49.0,3.0,1.0
OHIO,Portsmouth,17343.0,124.0,3.0,15.0,9.0,97.0,669.0,118.0,509.0,42.0,1.0
OHIO,Powell,14572.0,3.0,0.0,0.0,0.0,3.0,131.0,6.0,117.0,8.0,0.0
OHIO,Ravenna,11182.0,15.0,0.0,2.0,3.0,10.0,199.0,12.0,182.0,5.0,3.0
OHIO,Reading,11118.0,17.0,1.0,2.0,2.0,12.0,237.0,25.0,192.0,20.0,0.0
OHIO,Reynoldsburg,41277.0,198.0,1.0,32.0,29.0,136.0,990.0,57.0,814.0,119.0,5.0
OHIO,Richmond Heights,10509.0,8.0,1.0,2.0,3.0,2.0,95.0,16.0,67.0,12.0,1.0
OHIO,Rocky River,21256.0,5.0,0.0,1.0,0.0,4.0,89.0,2.0,85.0,2.0,0.0
OHIO,Ross Township,8897.0,14.0,0.0,1.0,0.0,13.0,39.0,2.0,30.0,7.0,1.0
OHIO,Salem,11661.0,27.0,0.0,5.0,2.0,20.0,159.0,9.0,145.0,5.0,1.0
OHIO,Sandusky,23981.0,93.0,3.0,12.0,12.0,66.0,621.0,95.0,495.0,31.0,4.0
OHIO,Sebring,4121.0,4.0,0.0,0.0,3.0,1.0,68.0,13.0,55.0,0.0,1.0
OHIO,Seven Hills,11526.0,10.0,0.0,3.0,0.0,7.0,102.0,10.0,85.0,7.0,0.0
OHIO,Sharon Township,2292.0,0.0,0.0,0.0,0.0,0.0,7.0,0.0,5.0,2.0,0.0
OHIO,Sharonville,13811.0,44.0,0.0,6.0,2.0,36.0,260.0,19.0,191.0,50.0,0.0
OHIO,Shawnee Township,12438.0,12.0,0.0,2.0,0.0,10.0,80.0,15.0,63.0,2.0,1.0
OHIO,Sheffield Lake,8969.0,19.0,0.0,0.0,0.0,19.0,40.0,9.0,29.0,2.0,0.0
OHIO,Shelby,9255.0,25.0,0.0,7.0,0.0,18.0,105.0,16.0,88.0,1.0,1.0
OHIO,Sidney,20230.0,63.0,1.0,21.0,2.0,39.0,421.0,37.0,363.0,21.0,3.0
OHIO,Solon,23736.0,13.0,0.0,5.0,1.0,7.0,190.0,16.0,170.0,4.0,1.0
OHIO,South Bloomfield,2859.0,1.0,0.0,0.0,0.0,1.0,14.0,2.0,11.0,1.0,0.0
OHIO,South Euclid,21255.0,44.0,3.0,7.0,17.0,17.0,388.0,25.0,320.0,43.0,0.0
OHIO,South Zanesville,1904.0,0.0,0.0,0.0,0.0,0.0,19.0,3.0,15.0,1.0,0.0
OHIO,Springboro,19591.0,9.0,1.0,1.0,1.0,6.0,118.0,8.0,82.0,28.0,0.0
OHIO,Springdale,11096.0,53.0,1.0,7.0,9.0,36.0,375.0,22.0,309.0,44.0,0.0
OHIO,Springfield,57911.0,794.0,4.0,43.0,138.0,609.0,2615.0,518.0,1641.0,456.0,62.0
OHIO,"Springfield Township, Hamilton County",35232.0,58.0,1.0,7.0,14.0,36.0,480.0,47.0,362.0,71.0,2.0
OHIO,"Springfield Township, Mahoning County",6704.0,5.0,0.0,1.0,0.0,4.0,29.0,8.0,21.0,0.0,1.0
OHIO,"Springfield Township, Summit County",14090.0,34.0,1.0,2.0,2.0,29.0,654.0,21.0,608.0,25.0,1.0
OHIO,St. Bernard,3909.0,8.0,0.0,1.0,1.0,6.0,123.0,7.0,95.0,21.0,0.0
OHIO,St. Clairsville,4938.0,0.0,0.0,0.0,0.0,0.0,7.0,0.0,7.0,0.0,0.0
OHIO,St. Clair Township,7592.0,4.0,0.0,0.0,0.0,4.0,68.0,2.0,66.0,0.0,0.0
OHIO,Steubenville,18037.0,22.0,1.0,0.0,4.0,17.0,519.0,31.0,473.0,15.0,0.0
OHIO,Stow,33791.0,39.0,2.0,14.0,1.0,22.0,593.0,24.0,559.0,10.0,3.0
OHIO,Streetsboro,17957.0,18.0,0.0,1.0,3.0,14.0,303.0,8.0,288.0,7.0,1.0
OHIO,Strongsville,45600.0,33.0,0.0,9.0,3.0,21.0,585.0,23.0,544.0,18.0,0.0
OHIO,Struthers,9877.0,28.0,0.0,5.0,3.0,20.0,106.0,22.0,68.0,16.0,0.0
OHIO,Sugarcreek Township,9729.0,8.0,0.0,3.0,0.0,5.0,227.0,8.0,205.0,14.0,0.0
OHIO,Sylvania,19034.0,12.0,0.0,2.0,2.0,8.0,141.0,12.0,121.0,8.0,1.0
OHIO,Sylvania Township,31726.0,23.0,0.0,1.0,3.0,19.0,473.0,30.0,417.0,26.0,0.0
OHIO,Tallmadge,18287.0,20.0,0.0,3.0,2.0,15.0,174.0,22.0,143.0,9.0,0.0
OHIO,Toledo,263668.0,2745.0,32.0,260.0,283.0,2170.0,7204.0,1274.0,4863.0,1067.0,133.0
OHIO,Toronto,5155.0,15.0,0.0,2.0,0.0,13.0,6.0,0.0,6.0,0.0,1.0
OHIO,Trenton,13995.0,12.0,0.0,1.0,1.0,10.0,22.0,4.0,13.0,5.0,0.0
OHIO,Trotwood,22895.0,160.0,6.0,12.0,18.0,124.0,645.0,106.0,339.0,200.0,10.0
OHIO,Troy,27008.0,38.0,0.0,16.0,4.0,18.0,301.0,36.0,245.0,20.0,1.0
OHIO,Twinsburg,19500.0,11.0,0.0,2.0,0.0,9.0,108.0,5.0,102.0,1.0,1.0
OHIO,Uhrichsville,5122.0,32.0,1.0,5.0,0.0,26.0,74.0,17.0,54.0,3.0,0.0
OHIO,Union,6977.0,6.0,0.0,3.0,1.0,2.0,78.0,2.0,72.0,4.0,1.0
OHIO,Uniontown,7213.0,7.0,0.0,2.0,0.0,5.0,103.0,4.0,96.0,3.0,0.0
OHIO,University Heights,13098.0,17.0,0.0,0.0,5.0,12.0,141.0,8.0,118.0,15.0,0.0
OHIO,Upper Arlington,35410.0,10.0,0.0,3.0,5.0,2.0,283.0,29.0,209.0,45.0,1.0
OHIO,Upper Sandusky,6632.0,10.0,1.0,6.0,0.0,3.0,140.0,3.0,136.0,1.0,0.0
OHIO,Urbana,11166.0,14.0,0.0,8.0,2.0,4.0,187.0,4.0,180.0,3.0,1.0
OHIO,Vandalia,14854.0,25.0,0.0,9.0,1.0,15.0,263.0,36.0,179.0,48.0,0.0
OHIO,Van Wert,11018.0,26.0,0.0,5.0,0.0,21.0,358.0,37.0,315.0,6.0,1.0
OHIO,Vermilion,10722.0,5.0,0.0,1.0,1.0,3.0,60.0,4.0,55.0,1.0,0.0
OHIO,Vienna Township,4046.0,2.0,0.0,0.0,0.0,2.0,13.0,1.0,9.0,3.0,0.0
OHIO,Village of Leesburg,1284.0,4.0,0.0,0.0,0.0,4.0,15.0,4.0,11.0,0.0,0.0
OHIO,Wadsworth,24925.0,34.0,0.0,17.0,4.0,13.0,243.0,10.0,232.0,1.0,1.0
OHIO,Walton Hills,1991.0,1.0,0.0,0.0,0.0,1.0,6.0,0.0,3.0,3.0,0.0
OHIO,Wapakoneta,9731.0,9.0,0.0,1.0,1.0,7.0,107.0,7.0,100.0,0.0,0.0
OHIO,Washington Court House,14403.0,22.0,0.0,5.0,2.0,15.0,166.0,30.0,128.0,8.0,4.0
OHIO,Waterville,5998.0,8.0,0.0,2.0,0.0,6.0,35.0,5.0,30.0,0.0,1.0
OHIO,Waverly,4100.0,3.0,0.0,0.0,1.0,2.0,26.0,0.0,25.0,1.0,0.0
OHIO,Weathersfield,8005.0,26.0,0.0,4.0,1.0,21.0,109.0,9.0,95.0,5.0,1.0
OHIO,Wellston,5470.0,14.0,0.0,3.0,1.0,10.0,55.0,3.0,50.0,2.0,0.0
OHIO,West Carrollton,12798.0,45.0,0.0,9.0,2.0,34.0,211.0,32.0,139.0,40.0,2.0
OHIO,West Chester Township,63335.0,61.0,1.0,14.0,0.0,46.0,1034.0,82.0,859.0,93.0,0.0
OHIO,Westerville,37540.0,83.0,0.0,15.0,8.0,60.0,648.0,36.0,575.0,37.0,1.0
OHIO,West Jefferson,4607.0,2.0,0.0,0.0,0.0,2.0,49.0,2.0,43.0,4.0,0.0
OHIO,Westlake,34189.0,10.0,0.0,5.0,0.0,5.0,222.0,15.0,200.0,7.0,0.0
OHIO,Whitehall,19603.0,206.0,1.0,27.0,58.0,120.0,1168.0,101.0,974.0,93.0,3.0
OHIO,Whitehouse,5082.0,1.0,0.0,0.0,0.0,1.0,8.0,1.0,7.0,0.0,1.0
OHIO,Wickliffe,12600.0,16.0,0.0,4.0,2.0,10.0,97.0,1.0,88.0,8.0,0.0
OHIO,Willoughby,24261.0,26.0,0.0,3.0,1.0,22.0,226.0,17.0,203.0,6.0,1.0
OHIO,Willowick,14089.0,9.0,0.0,0.0,2.0,7.0,41.0,1.0,40.0,0.0,0.0
OHIO,Wintersville,3646.0,4.0,0.0,1.0,0.0,3.0,39.0,2.0,34.0,3.0,0.0
OHIO,Woodlawn,3853.0,27.0,0.0,3.0,2.0,22.0,92.0,5.0,76.0,11.0,0.0
OHIO,Wooster,26966.0,77.0,0.0,34.0,3.0,40.0,557.0,67.0,473.0,17.0,4.0
OHIO,Worthington,14402.0,24.0,0.0,1.0,5.0,18.0,179.0,15.0,151.0,13.0,0.0
OHIO,Wyoming,8643.0,8.0,0.0,2.0,0.0,6.0,52.0,8.0,40.0,4.0,0.0
OHIO,Xenia,25820.0,72.0,0.0,26.0,6.0,40.0,377.0,46.0,297.0,34.0,1.0
OHIO,Yellow Springs,3723.0,8.0,1.0,3.0,1.0,3.0,48.0,7.0,40.0,1.0,1.0
OHIO,Youngstown,58850.0,405.0,11.0,25.0,53.0,316.0,1620.0,333.0,1007.0,280.0,17.0
OHIO,Zanesville,24610.0,82.0,0.0,20.0,5.0,57.0,699.0,135.0,526.0,38.0,7.0
OKLAHOMA,Achille,421.0,1.0,0.0,0.0,0.0,1.0,1.0,1.0,0.0,0.0,0.0
OKLAHOMA,Ada,16655.0,78.0,1.0,12.0,4.0,61.0,321.0,73.0,225.0,23.0,0.0
OKLAHOMA,Adair,743.0,1.0,0.0,0.0,0.0,1.0,17.0,9.0,6.0,2.0,0.0
OKLAHOMA,Afton,734.0,0.0,0.0,0.0,0.0,0.0,9.0,3.0,6.0,0.0,1.0
OKLAHOMA,Allen,808.0,2.0,0.0,0.0,0.0,2.0,17.0,5.0,6.0,6.0,0.0
OKLAHOMA,Altus,18613.0,54.0,2.0,11.0,3.0,38.0,269.0,62.0,193.0,14.0,3.0
OKLAHOMA,Alva,4969.0,7.0,1.0,1.0,0.0,5.0,35.0,6.0,26.0,3.0,0.0
OKLAHOMA,Amber,453.0,0.0,0.0,0.0,0.0,0.0,5.0,1.0,3.0,1.0,0.0
OKLAHOMA,Anadarko,5449.0,33.0,0.0,6.0,0.0,27.0,137.0,48.0,80.0,9.0,1.0
OKLAHOMA,Antlers,2185.0,11.0,0.0,2.0,0.0,9.0,60.0,5.0,51.0,4.0,2.0
OKLAHOMA,Apache,991.0,1.0,0.0,1.0,0.0,0.0,5.0,3.0,2.0,0.0,1.0
OKLAHOMA,Arapaho,657.0,0.0,0.0,0.0,0.0,0.0,0.0,0.0,0.0,0.0,0.0
OKLAHOMA,Arcadia,176.0,0.0,0.0,0.0,0.0,0.0,2.0,1.0,1.0,0.0,0.0
OKLAHOMA,Ardmore,24886.0,284.0,2.0,19.0,6.0,257.0,773.0,107.0,592.0,74.0,12.0
OKLAHOMA,Arkoma,1864.0,16.0,0.0,2.0,1.0,13.0,50.0,19.0,23.0,8.0,0.0
OKLAHOMA,Atoka,2969.0,29.0,0.0,2.0,0.0,27.0,151.0,30.0,113.0,8.0,1.0
OKLAHOMA,Avant,303.0,0.0,0.0,0.0,0.0,0.0,0.0,0.0,0.0,0.0,0.0
OKLAHOMA,Barnsdall,1005.0,0.0,0.0,0.0,0.0,0.0,6.0,2.0,3.0,1.0,0.0
OKLAHOMA,Bartlesville,38361.0,141.0,1.0,38.0,11.0,91.0,815.0,189.0,565.0,61.0,11.0
OKLAHOMA,Beaver,1258.0,3.0,0.0,1.0,0.0,2.0,5.0,1.0,3.0,1.0,0.0
OKLAHOMA,Beggs,1190.0,7.0,0.0,2.0,0.0,5.0,17.0,9.0,7.0,1.0,0.0
OKLAHOMA,Bennington,317.0,4.0,0.0,1.0,1.0,2.0,6.0,3.0,3.0,0.0,0.0
OKLAHOMA,Bernice,436.0,1.0,0.0,0.0,0.0,1.0,7.0,1.0,4.0,2.0,0.0
OKLAHOMA,Bethany,20221.0,42.0,0.0,11.0,8.0,23.0,310.0,128.0,173.0,9.0,4.0
OKLAHOMA,Binger,435.0,1.0,0.0,0.0,0.0,1.0,9.0,0.0,8.0,1.0,0.0
OKLAHOMA,Bixby,31380.0,50.0,0.0,7.0,1.0,42.0,219.0,48.0,148.0,23.0,1.0
OKLAHOMA,Blackwell,6073.0,27.0,1.0,11.0,0.0,15.0,130.0,70.0,54.0,6.0,5.0
OKLAHOMA,Blair,710.0,1.0,0.0,1.0,0.0,0.0,4.0,1.0,3.0,0.0,0.0
OKLAHOMA,Blanchard,9919.0,11.0,0.0,2.0,0.0,9.0,68.0,15.0,43.0,10.0,0.0
OKLAHOMA,Boise City,1092.0,0.0,0.0,0.0,0.0,0.0,7.0,2.0,3.0,2.0,0.0
OKLAHOMA,Bokchito,606.0,3.0,0.0,0.0,0.0,3.0,17.0,3.0,12.0,2.0,0.0
OKLAHOMA,Bokoshe,407.0,3.0,0.0,0.0,0.0,3.0,3.0,3.0,0.0,0.0,0.0
OKLAHOMA,Boley,1086.0,1.0,0.0,1.0,0.0,0.0,3.0,0.0,3.0,0.0,0.0
OKLAHOMA,Boswell,583.0,0.0,0.0,0.0,0.0,0.0,0.0,0.0,0.0,0.0,0.0
OKLAHOMA,Bristow,4260.0,22.0,0.0,4.0,1.0,17.0,79.0,13.0,54.0,12.0,1.0
OKLAHOMA,Broken Arrow,121004.0,270.0,4.0,42.0,10.0,214.0,1453.0,193.0,1128.0,132.0,3.0
OKLAHOMA,Broken Bow,4224.0,35.0,0.0,3.0,4.0,28.0,173.0,51.0,109.0,13.0,4.0
OKLAHOMA,Burns Flat,1887.0,1.0,0.0,1.0,0.0,0.0,5.0,2.0,3.0,0.0,0.0
OKLAHOMA,Butler,205.0,0.0,0.0,0.0,0.0,0.0,0.0,0.0,0.0,0.0,0.0
OKLAHOMA,Cache,3200.0,11.0,0.0,2.0,0.0,9.0,20.0,4.0,13.0,3.0,0.0
OKLAHOMA,Caddo,1067.0,0.0,0.0,0.0,0.0,0.0,5.0,2.0,2.0,1.0,1.0
OKLAHOMA,Calera,3059.0,4.0,0.0,2.0,0.0,2.0,42.0,8.0,27.0,7.0,1.0
OKLAHOMA,Calumet,504.0,1.0,0.0,0.0,0.0,1.0,0.0,0.0,0.0,0.0,0.0
OKLAHOMA,Calvin,315.0,0.0,0.0,0.0,0.0,0.0,0.0,0.0,0.0,0.0,0.0
OKLAHOMA,Caney,192.0,0.0,0.0,0.0,0.0,0.0,4.0,2.0,2.0,0.0,0.0
OKLAHOMA,Canton,449.0,4.0,0.0,0.0,0.0,4.0,4.0,0.0,3.0,1.0,0.0
OKLAHOMA,Carnegie,1358.0,2.0,0.0,1.0,0.0,1.0,9.0,1.0,7.0,1.0,0.0
OKLAHOMA,Carney,571.0,1.0,0.0,0.0,0.0,1.0,0.0,0.0,0.0,0.0,0.0
OKLAHOMA,Cashion,938.0,2.0,0.0,0.0,0.0,2.0,5.0,1.0,3.0,1.0,0.0
OKLAHOMA,Catoosa,7544.0,16.0,0.0,1.0,1.0,14.0,116.0,27.0,60.0,29.0,0.0
OKLAHOMA,Cement,413.0,0.0,0.0,0.0,0.0,0.0,0.0,0.0,0.0,0.0,0.0
OKLAHOMA,Chandler,2946.0,13.0,0.0,5.0,1.0,7.0,49.0,9.0,34.0,6.0,0.0
OKLAHOMA,Chattanooga,409.0,0.0,0.0,0.0,0.0,0.0,2.0,1.0,1.0,0.0,0.0
OKLAHOMA,Checotah,3104.0,6.0,0.0,0.0,1.0,5.0,53.0,9.0,37.0,7.0,1.0
OKLAHOMA,Chelsea,1998.0,1.0,0.0,0.0,0.0,1.0,19.0,4.0,13.0,2.0,0.0
OKLAHOMA,Cherokee,1438.0,9.0,0.0,0.0,0.0,9.0,29.0,8.0,21.0,0.0,0.0
OKLAHOMA,Chickasha,16979.0,53.0,1.0,14.0,3.0,35.0,314.0,86.0,203.0,25.0,3.0
OKLAHOMA,Choctaw,12253.0,21.0,2.0,5.0,1.0,13.0,148.0,17.0,113.0,18.0,0.0
OKLAHOMA,Chouteau,2158.0,10.0,1.0,0.0,0.0,9.0,35.0,5.0,24.0,6.0,0.0
OKLAHOMA,Claremore,20645.0,60.0,0.0,14.0,0.0,46.0,335.0,62.0,256.0,17.0,3.0
OKLAHOMA,Clayton,556.0,0.0,0.0,0.0,0.0,0.0,4.0,0.0,3.0,1.0,0.0
OKLAHOMA,Cleveland,3230.0,11.0,2.0,2.0,1.0,6.0,59.0,5.0,54.0,0.0,0.0
OKLAHOMA,Clinton,8345.0,38.0,1.0,7.0,5.0,25.0,124.0,28.0,80.0,16.0,1.0
OKLAHOMA,Coalgate,1663.0,2.0,0.0,0.0,0.0,2.0,14.0,1.0,13.0,0.0,0.0
OKLAHOMA,Colbert,1090.0,3.0,0.0,1.0,0.0,2.0,20.0,5.0,9.0,6.0,0.0
OKLAHOMA,Colcord,762.0,2.0,0.0,1.0,0.0,1.0,10.0,1.0,9.0,0.0,2.0
OKLAHOMA,Collinsville,9763.0,9.0,0.0,6.0,0.0,3.0,73.0,13.0,50.0,10.0,0.0
OKLAHOMA,Comanche,1413.0,2.0,0.0,0.0,0.0,2.0,16.0,4.0,11.0,1.0,0.0
OKLAHOMA,Cordell,2699.0,3.0,0.0,0.0,0.0,3.0,7.0,1.0,6.0,0.0,0.0
OKLAHOMA,Covington,468.0,0.0,0.0,0.0,0.0,0.0,8.0,2.0,6.0,0.0,0.0
OKLAHOMA,Coweta,11170.0,17.0,0.0,4.0,1.0,12.0,64.0,12.0,42.0,10.0,0.0
OKLAHOMA,Crescent,1397.0,2.0,0.0,0.0,0.0,2.0,7.0,1.0,5.0,1.0,0.0
OKLAHOMA,Cushing,8416.0,23.0,0.0,3.0,3.0,17.0,202.0,31.0,160.0,11.0,1.0
OKLAHOMA,Cyril,789.0,4.0,0.0,0.0,0.0,4.0,6.0,4.0,2.0,0.0,0.0
OKLAHOMA,Davenport,851.0,4.0,0.0,0.0,0.0,4.0,2.0,1.0,0.0,1.0,0.0
OKLAHOMA,Davis,2789.0,16.0,0.0,1.0,1.0,14.0,70.0,20.0,40.0,10.0,1.0
OKLAHOMA,Del City,21151.0,111.0,1.0,9.0,12.0,89.0,666.0,61.0,542.0,63.0,2.0
OKLAHOMA,Depew,414.0,5.0,0.0,3.0,1.0,1.0,9.0,1.0,7.0,1.0,0.0
OKLAHOMA,Dewar,760.0,0.0,0.0,0.0,0.0,0.0,6.0,2.0,3.0,1.0,0.0
OKLAHOMA,Dewey,3432.0,9.0,0.0,2.0,2.0,5.0,53.0,11.0,37.0,5.0,0.0
OKLAHOMA,Dibble,992.0,0.0,0.0,0.0,0.0,0.0,5.0,1.0,3.0,1.0,0.0
OKLAHOMA,Dickson,1358.0,4.0,0.0,1.0,0.0,3.0,11.0,2.0,7.0,2.0,0.0
OKLAHOMA,Disney,227.0,1.0,0.0,1.0,0.0,0.0,0.0,0.0,0.0,0.0,0.0
OKLAHOMA,Drumright,2527.0,4.0,0.0,1.0,1.0,2.0,56.0,11.0,37.0,8.0,0.0
OKLAHOMA,Duke,392.0,0.0,0.0,0.0,0.0,0.0,2.0,2.0,0.0,0.0,0.0
OKLAHOMA,Duncan,23345.0,82.0,0.0,16.0,4.0,62.0,484.0,91.0,375.0,18.0,4.0
OKLAHOMA,Durant,20850.0,56.0,1.0,15.0,9.0,31.0,648.0,83.0,531.0,34.0,2.0
OKLAHOMA,Earlsboro,612.0,1.0,0.0,0.0,0.0,1.0,8.0,2.0,5.0,1.0,0.0
OKLAHOMA,Edmond,99249.0,164.0,2.0,37.0,10.0,115.0,1346.0,208.0,1087.0,51.0,3.0
OKLAHOMA,Eldorado,313.0,0.0,0.0,0.0,0.0,0.0,2.0,1.0,1.0,0.0,0.0
OKLAHOMA,Elgin,3631.0,0.0,0.0,0.0,0.0,0.0,3.0,0.0,2.0,1.0,0.0
OKLAHOMA,Elk City,11201.0,25.0,1.0,8.0,2.0,14.0,116.0,31.0,79.0,6.0,2.0
OKLAHOMA,El Reno,19965.0,41.0,1.0,9.0,2.0,29.0,271.0,66.0,184.0,21.0,5.0
OKLAHOMA,Enid,50382.0,271.0,0.0,52.0,16.0,203.0,1201.0,318.0,806.0,77.0,11.0
OKLAHOMA,Erick,961.0,3.0,0.0,0.0,1.0,2.0,4.0,1.0,3.0,0.0,0.0
OKLAHOMA,Eufaula,2855.0,7.0,0.0,1.0,0.0,6.0,56.0,7.0,38.0,11.0,1.0
OKLAHOMA,Fairfax,1094.0,3.0,0.0,1.0,0.0,2.0,20.0,7.0,13.0,0.0,0.0
OKLAHOMA,Fairland,1106.0,1.0,0.0,0.0,0.0,1.0,7.0,1.0,5.0,1.0,0.0
OKLAHOMA,Fairview,2635.0,4.0,0.0,3.0,0.0,1.0,16.0,8.0,6.0,2.0,0.0
OKLAHOMA,Fletcher,1256.0,0.0,0.0,0.0,0.0,0.0,2.0,0.0,1.0,1.0,0.0
OKLAHOMA,Fort Cobb,499.0,0.0,0.0,0.0,0.0,0.0,6.0,2.0,4.0,0.0,0.0
OKLAHOMA,Fort Gibson,3837.0,10.0,0.0,0.0,1.0,9.0,38.0,11.0,23.0,4.0,0.0
OKLAHOMA,Fort Towson,496.0,0.0,0.0,0.0,0.0,0.0,0.0,0.0,0.0,0.0,0.0
OKLAHOMA,Frederick,3403.0,11.0,0.0,6.0,0.0,5.0,94.0,38.0,49.0,7.0,4.0
OKLAHOMA,Gans,255.0,0.0,0.0,0.0,0.0,0.0,0.0,0.0,0.0,0.0,0.0
OKLAHOMA,Garber,713.0,2.0,0.0,1.0,0.0,1.0,10.0,6.0,4.0,0.0,0.0
OKLAHOMA,Geary,975.0,10.0,0.0,2.0,0.0,8.0,42.0,24.0,18.0,0.0,0.0
OKLAHOMA,Geronimo,1166.0,0.0,0.0,0.0,0.0,0.0,10.0,3.0,6.0,1.0,0.0
OKLAHOMA,Glenpool,14568.0,16.0,0.0,8.0,0.0,8.0,217.0,44.0,162.0,11.0,0.0
OKLAHOMA,Goodwell,910.0,0.0,0.0,0.0,0.0,0.0,2.0,0.0,0.0,2.0,0.0
OKLAHOMA,Gore,994.0,2.0,0.0,1.0,0.0,1.0,3.0,2.0,1.0,0.0,0.0
OKLAHOMA,Grandfield,896.0,6.0,0.0,2.0,0.0,4.0,2.0,0.0,2.0,0.0,0.0
OKLAHOMA,Granite,1628.0,2.0,0.0,2.0,0.0,0.0,4.0,0.0,3.0,1.0,1.0
OKLAHOMA,Grove,7409.0,22.0,0.0,6.0,0.0,16.0,225.0,38.0,163.0,24.0,1.0
OKLAHOMA,Guthrie,11609.0,19.0,0.0,7.0,1.0,11.0,194.0,21.0,151.0,22.0,2.0
OKLAHOMA,Guymon,12090.0,24.0,0.0,8.0,2.0,14.0,123.0,39.0,76.0,8.0,0.0
OKLAHOMA,Harrah,6615.0,12.0,0.0,1.0,1.0,10.0,74.0,22.0,39.0,13.0,0.0
OKLAHOMA,Hartshorne,1879.0,7.0,0.0,0.0,0.0,7.0,35.0,11.0,21.0,3.0,0.0
OKLAHOMA,Haskell,1708.0,7.0,0.0,1.0,0.0,6.0,27.0,13.0,12.0,2.0,0.0
OKLAHOMA,Haworth,284.0,7.0,0.0,0.0,0.0,7.0,28.0,15.0,12.0,1.0,0.0
OKLAHOMA,Healdton,2354.0,5.0,0.0,0.0,0.0,5.0,18.0,6.0,7.0,5.0,2.0
OKLAHOMA,Heavener,3039.0,9.0,0.0,1.0,0.0,8.0,32.0,4.0,25.0,3.0,0.0
OKLAHOMA,Hennessey,2183.0,1.0,0.0,0.0,0.0,1.0,5.0,1.0,4.0,0.0,0.0
OKLAHOMA,Henryetta,5604.0,22.0,2.0,1.0,0.0,19.0,62.0,18.0,36.0,8.0,0.0
OKLAHOMA,Hinton,4898.0,1.0,0.0,0.0,0.0,1.0,19.0,5.0,9.0,5.0,0.0
OKLAHOMA,Hobart,3341.0,16.0,1.0,0.0,0.0,15.0,42.0,12.0,29.0,1.0,0.0
OKLAHOMA,Holdenville,5917.0,16.0,0.0,3.0,1.0,12.0,90.0,40.0,40.0,10.0,3.0
OKLAHOMA,Hollis,1701.0,5.0,0.0,1.0,0.0,4.0,29.0,13.0,14.0,2.0,1.0
OKLAHOMA,Hominy,3266.0,7.0,0.0,3.0,0.0,4.0,65.0,29.0,31.0,5.0,0.0
OKLAHOMA,Hooker,1689.0,0.0,0.0,0.0,0.0,0.0,4.0,0.0,3.0,1.0,0.0
OKLAHOMA,Howe,646.0,0.0,0.0,0.0,0.0,0.0,2.0,1.0,1.0,0.0,0.0
OKLAHOMA,Hugo,5200.0,14.0,0.0,1.0,0.0,13.0,115.0,19.0,77.0,19.0,1.0
OKLAHOMA,Hulbert,493.0,0.0,0.0,0.0,0.0,0.0,2.0,0.0,0.0,2.0,0.0
OKLAHOMA,Hydro,896.0,0.0,0.0,0.0,0.0,0.0,4.0,0.0,3.0,1.0,0.0
OKLAHOMA,Idabel,6966.0,11.0,1.0,0.0,2.0,8.0,148.0,36.0,108.0,4.0,0.0
OKLAHOMA,Inola,1894.0,3.0,0.0,0.0,0.0,3.0,7.0,2.0,4.0,1.0,0.0
OKLAHOMA,Jay,2471.0,26.0,0.0,8.0,0.0,18.0,91.0,23.0,56.0,12.0,0.0
OKLAHOMA,Jenks,28063.0,42.0,0.0,6.0,2.0,34.0,324.0,36.0,275.0,13.0,0.0
OKLAHOMA,Jennings,292.0,0.0,0.0,0.0,0.0,0.0,1.0,0.0,1.0,0.0,0.0
OKLAHOMA,Jones,3266.0,6.0,0.0,0.0,1.0,5.0,21.0,13.0,7.0,1.0,1.0
OKLAHOMA,Kansas,754.0,4.0,0.0,0.0,0.0,4.0,4.0,1.0,3.0,0.0,0.0
OKLAHOMA,Kellyville,1037.0,3.0,0.0,2.0,0.0,1.0,5.0,2.0,3.0,0.0,0.0
OKLAHOMA,Kiefer,2280.0,0.0,0.0,0.0,0.0,0.0,16.0,0.0,13.0,3.0,0.0
OKLAHOMA,Kingfisher,5102.0,28.0,0.0,8.0,0.0,20.0,85.0,10.0,72.0,3.0,1.0
OKLAHOMA,Kingston,1491.0,3.0,0.0,1.0,0.0,2.0,15.0,5.0,7.0,3.0,0.0
OKLAHOMA,Kiowa,601.0,3.0,0.0,0.0,0.0,3.0,5.0,2.0,2.0,1.0,0.0
OKLAHOMA,Konawa,1260.0,6.0,0.0,1.0,0.0,5.0,20.0,5.0,14.0,1.0,0.0
OKLAHOMA,Krebs,2065.0,6.0,0.0,1.0,1.0,4.0,26.0,13.0,11.0,2.0,0.0
OKLAHOMA,Lahoma,522.0,0.0,0.0,0.0,0.0,0.0,0.0,0.0,0.0,0.0,0.0
OKLAHOMA,Langley,654.0,1.0,1.0,0.0,0.0,0.0,30.0,5.0,21.0,4.0,0.0
OKLAHOMA,Laverne,1180.0,0.0,0.0,0.0,0.0,0.0,11.0,4.0,4.0,3.0,0.0
OKLAHOMA,Lawton,90209.0,740.0,9.0,129.0,65.0,537.0,2393.0,840.0,1345.0,208.0,38.0
OKLAHOMA,Lexington,2038.0,5.0,0.0,0.0,0.0,5.0,10.0,1.0,8.0,1.0,0.0
OKLAHOMA,Lindsay,2868.0,9.0,0.0,0.0,0.0,9.0,57.0,19.0,31.0,7.0,1.0
OKLAHOMA,Locust Grove,1398.0,9.0,0.0,1.0,0.0,8.0,60.0,22.0,30.0,8.0,2.0
OKLAHOMA,Lone Grove,5252.0,14.0,0.0,5.0,0.0,9.0,45.0,12.0,28.0,5.0,1.0
OKLAHOMA,Luther,1618.0,7.0,1.0,3.0,0.0,3.0,6.0,1.0,4.0,1.0,0.0
OKLAHOMA,Madill,4070.0,3.0,0.0,1.0,0.0,2.0,55.0,2.0,51.0,2.0,0.0
OKLAHOMA,Mangum,2732.0,5.0,0.0,0.0,0.0,5.0,31.0,8.0,21.0,2.0,1.0
OKLAHOMA,Mannford,3356.0,4.0,0.0,0.0,0.0,4.0,9.0,4.0,3.0,2.0,0.0
OKLAHOMA,Marble City,192.0,0.0,0.0,0.0,0.0,0.0,1.0,1.0,0.0,0.0,0.0
OKLAHOMA,Marietta,2843.0,7.0,0.0,2.0,2.0,3.0,36.0,6.0,26.0,4.0,0.0
OKLAHOMA,Marlow,4531.0,4.0,0.0,1.0,0.0,3.0,56.0,15.0,32.0,9.0,0.0
OKLAHOMA,Maud,875.0,1.0,0.0,1.0,0.0,0.0,11.0,2.0,7.0,2.0,0.0
OKLAHOMA,Maysville,1084.0,5.0,0.0,1.0,0.0,4.0,7.0,0.0,6.0,1.0,0.0
OKLAHOMA,McAlester,18134.0,67.0,1.0,5.0,7.0,54.0,430.0,72.0,320.0,38.0,1.0
OKLAHOMA,McCurtain,368.0,0.0,0.0,0.0,0.0,0.0,0.0,0.0,0.0,0.0,0.0
OKLAHOMA,McLoud,4530.0,17.0,0.0,3.0,3.0,11.0,37.0,7.0,26.0,4.0,0.0
OKLAHOMA,Medford,876.0,1.0,0.0,0.0,0.0,1.0,3.0,0.0,2.0,1.0,0.0
OKLAHOMA,Medicine Park,479.0,0.0,0.0,0.0,0.0,0.0,4.0,1.0,3.0,0.0,0.0
OKLAHOMA,Meeker,1025.0,3.0,0.0,1.0,0.0,2.0,6.0,0.0,6.0,0.0,0.0
OKLAHOMA,Miami,12836.0,66.0,1.0,7.0,1.0,57.0,368.0,64.0,280.0,24.0,3.0
OKLAHOMA,Midwest City,57961.0,201.0,4.0,22.0,21.0,154.0,1206.0,152.0,922.0,132.0,9.0
OKLAHOMA,Moore,63609.0,121.0,1.0,24.0,9.0,87.0,962.0,141.0,715.0,106.0,4.0
OKLAHOMA,Mooreland,1128.0,0.0,0.0,0.0,0.0,0.0,1.0,0.0,0.0,1.0,0.0
OKLAHOMA,Morris,1326.0,4.0,0.0,1.0,0.0,3.0,10.0,5.0,4.0,1.0,0.0
OKLAHOMA,Mounds,982.0,6.0,0.0,0.0,0.0,6.0,3.0,2.0,1.0,0.0,0.0
OKLAHOMA,Mountain View,733.0,5.0,0.0,1.0,0.0,4.0,7.0,4.0,3.0,0.0,0.0
OKLAHOMA,Muldrow,3366.0,27.0,0.0,4.0,0.0,23.0,68.0,19.0,38.0,11.0,4.0
OKLAHOMA,Muskogee,36898.0,364.0,4.0,35.0,21.0,304.0,1088.0,235.0,770.0,83.0,10.0
OKLAHOMA,Mustang,24424.0,34.0,1.0,14.0,3.0,16.0,163.0,33.0,116.0,14.0,0.0
OKLAHOMA,Nash,186.0,0.0,0.0,0.0,0.0,0.0,0.0,0.0,0.0,0.0,0.0
OKLAHOMA,Newcastle,15096.0,19.0,1.0,3.0,0.0,15.0,126.0,32.0,74.0,20.0,0.0
OKLAHOMA,Newkirk,2180.0,1.0,0.0,1.0,0.0,0.0,26.0,3.0,22.0,1.0,0.0
OKLAHOMA,Nichols Hills,3812.0,3.0,0.0,0.0,0.0,3.0,33.0,6.0,23.0,4.0,0.0
OKLAHOMA,Nicoma Park,2281.0,7.0,0.0,0.0,0.0,7.0,31.0,5.0,19.0,7.0,0.0
OKLAHOMA,Ninnekah,815.0,4.0,0.0,0.0,0.0,4.0,3.0,1.0,1.0,1.0,0.0
OKLAHOMA,Noble,7989.0,15.0,0.0,3.0,0.0,12.0,84.0,25.0,46.0,13.0,1.0
OKLAHOMA,Norman,130681.0,340.0,1.0,51.0,24.0,264.0,2962.0,459.0,2205.0,298.0,4.0
OKLAHOMA,North Enid,992.0,3.0,0.0,0.0,0.0,3.0,11.0,2.0,8.0,1.0,0.0
OKLAHOMA,Nowata,3563.0,11.0,0.0,1.0,0.0,10.0,60.0,17.0,41.0,2.0,2.0
OKLAHOMA,Oilton,892.0,1.0,0.0,0.0,0.0,1.0,10.0,3.0,4.0,3.0,0.0
OKLAHOMA,Okarche,1188.0,1.0,0.0,0.0,0.0,1.0,5.0,0.0,4.0,1.0,0.0
OKLAHOMA,Okeene,1036.0,0.0,0.0,0.0,0.0,0.0,4.0,3.0,1.0,0.0,0.0
OKLAHOMA,Okemah,3049.0,20.0,1.0,1.0,0.0,18.0,80.0,22.0,53.0,5.0,0.0
OKLAHOMA,Oklahoma City,709456.0,4796.0,73.0,517.0,707.0,3499.0,20528.0,4133.0,13840.0,2555.0,120.0
OKLAHOMA,Okmulgee,11405.0,45.0,0.0,7.0,4.0,34.0,367.0,93.0,240.0,34.0,1.0
OKLAHOMA,Olustee,463.0,0.0,0.0,0.0,0.0,0.0,1.0,0.0,1.0,0.0,0.0
OKLAHOMA,Oologah,1349.0,2.0,0.0,2.0,0.0,0.0,13.0,2.0,9.0,2.0,0.0
OKLAHOMA,Owasso,42134.0,52.0,1.0,16.0,2.0,33.0,594.0,53.0,508.0,33.0,3.0
OKLAHOMA,Pauls Valley,6059.0,15.0,0.0,3.0,1.0,11.0,139.0,32.0,95.0,12.0,0.0
OKLAHOMA,Pawhuska,2908.0,12.0,0.0,2.0,0.0,10.0,46.0,14.0,29.0,3.0,1.0
OKLAHOMA,Pawnee,1948.0,6.0,0.0,0.0,0.0,6.0,26.0,6.0,15.0,5.0,0.0
OKLAHOMA,Perkins,3288.0,5.0,1.0,2.0,0.0,2.0,29.0,8.0,13.0,8.0,1.0
OKLAHOMA,Perry,4404.0,5.0,0.0,0.0,0.0,5.0,55.0,15.0,34.0,6.0,2.0
OKLAHOMA,Piedmont,9293.0,7.0,0.0,2.0,0.0,5.0,22.0,1.0,18.0,3.0,0.0
OKLAHOMA,Pocola,4615.0,7.0,2.0,0.0,0.0,5.0,21.0,4.0,14.0,3.0,1.0
OKLAHOMA,Ponca City,24286.0,140.0,2.0,21.0,10.0,107.0,608.0,142.0,395.0,71.0,5.0
OKLAHOMA,Porum,610.0,4.0,0.0,0.0,0.0,4.0,8.0,3.0,4.0,1.0,2.0
OKLAHOMA,Poteau,9161.0,27.0,0.0,4.0,1.0,22.0,269.0,53.0,206.0,10.0,3.0
OKLAHOMA,Prague,2410.0,6.0,0.0,0.0,1.0,5.0,17.0,5.0,11.0,1.0,0.0
OKLAHOMA,Pryor Creek,9697.0,42.0,3.0,10.0,2.0,27.0,218.0,21.0,179.0,18.0,0.0
OKLAHOMA,Purcell,6938.0,17.0,1.0,2.0,1.0,13.0,143.0,26.0,106.0,11.0,2.0
OKLAHOMA,Quinton,844.0,3.0,0.0,0.0,0.0,3.0,26.0,13.0,11.0,2.0,0.0
OKLAHOMA,Ramona,549.0,0.0,0.0,0.0,0.0,0.0,13.0,6.0,6.0,1.0,1.0
OKLAHOMA,Ratliff City,64.0,1.0,0.0,0.0,0.0,1.0,4.0,0.0,4.0,0.0,0.0
OKLAHOMA,Rattan,281.0,0.0,0.0,0.0,0.0,0.0,0.0,0.0,0.0,0.0,0.0
OKLAHOMA,Red Oak,529.0,1.0,0.0,0.0,0.0,1.0,0.0,0.0,0.0,0.0,0.0
OKLAHOMA,Ringling,871.0,0.0,0.0,0.0,0.0,0.0,0.0,0.0,0.0,0.0,0.0
OKLAHOMA,Roland,3992.0,14.0,0.0,2.0,1.0,11.0,47.0,5.0,38.0,4.0,0.0
OKLAHOMA,Rush Springs,1012.0,1.0,0.0,0.0,0.0,1.0,4.0,0.0,4.0,0.0,0.0
OKLAHOMA,Salina,1102.0,4.0,0.0,0.0,0.0,4.0,19.0,5.0,11.0,3.0,1.0
OKLAHOMA,Sallisaw,8688.0,44.0,1.0,2.0,0.0,41.0,274.0,33.0,227.0,14.0,0.0
OKLAHOMA,Sand Springs,20133.0,49.0,1.0,5.0,4.0,39.0,556.0,49.0,457.0,50.0,0.0
OKLAHOMA,Sapulpa,23322.0,43.0,1.0,6.0,4.0,32.0,325.0,64.0,239.0,22.0,2.0
OKLAHOMA,Sawyer,340.0,1.0,0.0,0.0,1.0,0.0,10.0,4.0,2.0,4.0,0.0
OKLAHOMA,Sayre,4790.0,4.0,0.0,0.0,0.0,4.0,33.0,13.0,16.0,4.0,0.0
OKLAHOMA,Seiling,800.0,0.0,0.0,0.0,0.0,0.0,0.0,0.0,0.0,0.0,0.0
OKLAHOMA,Seminole,7308.0,27.0,0.0,3.0,0.0,24.0,158.0,24.0,109.0,25.0,1.0
OKLAHOMA,Shady Point,1001.0,1.0,0.0,0.0,0.0,1.0,6.0,3.0,2.0,1.0,0.0
OKLAHOMA,Shattuck,1199.0,0.0,0.0,0.0,0.0,0.0,0.0,0.0,0.0,0.0,0.0
OKLAHOMA,Shawnee,31966.0,160.0,1.0,29.0,14.0,116.0,909.0,146.0,674.0,89.0,2.0
OKLAHOMA,Skiatook,8861.0,26.0,1.0,3.0,2.0,20.0,100.0,19.0,77.0,4.0,1.0
OKLAHOMA,Snyder,1243.0,3.0,0.0,0.0,0.0,3.0,20.0,6.0,11.0,3.0,0.0
OKLAHOMA,South Coffeyville,685.0,0.0,0.0,0.0,0.0,0.0,11.0,2.0,9.0,0.0,0.0
OKLAHOMA,Sparks,124.0,0.0,0.0,0.0,0.0,0.0,0.0,0.0,0.0,0.0,0.0
OKLAHOMA,Spavinaw,358.0,0.0,0.0,0.0,0.0,0.0,12.0,4.0,7.0,1.0,1.0
OKLAHOMA,Spencer,3860.0,20.0,0.0,2.0,0.0,18.0,53.0,12.0,28.0,13.0,0.0
OKLAHOMA,Sperry,1153.0,10.0,0.0,2.0,1.0,7.0,26.0,5.0,18.0,3.0,1.0
OKLAHOMA,Spiro,2192.0,5.0,0.0,0.0,0.0,5.0,26.0,3.0,19.0,4.0,0.0
OKLAHOMA,Sterling,668.0,2.0,0.0,0.0,0.0,2.0,0.0,0.0,0.0,0.0,0.0
OKLAHOMA,Stigler,2778.0,9.0,0.0,2.0,0.0,7.0,48.0,8.0,39.0,1.0,1.0
OKLAHOMA,Stillwater,49910.0,91.0,0.0,21.0,6.0,64.0,774.0,104.0,621.0,49.0,4.0
OKLAHOMA,Stilwell,3795.0,22.0,0.0,2.0,1.0,19.0,126.0,16.0,104.0,6.0,4.0
OKLAHOMA,Stratford,1415.0,5.0,0.0,1.0,0.0,4.0,12.0,5.0,7.0,0.0,0.0
OKLAHOMA,Stringtown,437.0,1.0,0.0,0.0,0.0,1.0,1.0,1.0,0.0,0.0,0.0
OKLAHOMA,Stroud,2860.0,3.0,0.0,0.0,0.0,3.0,63.0,24.0,35.0,4.0,1.0
OKLAHOMA,Sulphur,4863.0,9.0,0.0,0.0,0.0,9.0,70.0,18.0,41.0,11.0,2.0
OKLAHOMA,Tahlequah,17037.0,31.0,0.0,2.0,1.0,28.0,391.0,16.0,364.0,11.0,0.0
OKLAHOMA,Talala,262.0,2.0,0.0,0.0,0.0,2.0,3.0,1.0,2.0,0.0,0.0
OKLAHOMA,Talihina,936.0,4.0,0.0,1.0,0.0,3.0,34.0,13.0,20.0,1.0,1.0
OKLAHOMA,Tecumseh,6344.0,16.0,2.0,5.0,0.0,9.0,111.0,22.0,82.0,7.0,0.0
OKLAHOMA,Thackerville,408.0,0.0,0.0,0.0,0.0,0.0,10.0,4.0,5.0,1.0,1.0
OKLAHOMA,The Village,9302.0,24.0,0.0,1.0,2.0,21.0,205.0,23.0,173.0,9.0,2.0
OKLAHOMA,Thomas,1133.0,5.0,0.0,1.0,0.0,4.0,3.0,2.0,1.0,0.0,0.0
OKLAHOMA,Tishomingo,3050.0,5.0,0.0,0.0,0.0,5.0,60.0,39.0,18.0,3.0,1.0
OKLAHOMA,Tonkawa,2992.0,9.0,0.0,1.0,0.0,8.0,49.0,12.0,35.0,2.0,2.0
OKLAHOMA,Tryon,392.0,0.0,0.0,0.0,0.0,0.0,1.0,0.0,0.0,1.0,0.0
OKLAHOMA,Tulsa,411310.0,3874.0,39.0,435.0,406.0,2994.0,14920.0,3073.0,9862.0,1985.0,54.0
OKLAHOMA,Tupelo,324.0,1.0,0.0,0.0,0.0,1.0,0.0,0.0,0.0,0.0,0.0
OKLAHOMA,Tushka,428.0,0.0,0.0,0.0,0.0,0.0,3.0,1.0,2.0,0.0,0.0
OKLAHOMA,Tuttle,8714.0,10.0,0.0,3.0,0.0,7.0,33.0,8.0,22.0,3.0,1.0
OKLAHOMA,Tyrone,713.0,0.0,0.0,0.0,0.0,0.0,4.0,1.0,2.0,1.0,0.0
OKLAHOMA,Union City,2100.0,1.0,0.0,0.0,0.0,1.0,8.0,0.0,5.0,3.0,0.0
OKLAHOMA,Valley Brook,641.0,1.0,0.0,0.0,0.0,1.0,19.0,8.0,9.0,2.0,1.0
OKLAHOMA,Valliant,800.0,2.0,0.0,2.0,0.0,0.0,17.0,1.0,12.0,4.0,0.0
OKLAHOMA,Velma,584.0,0.0,0.0,0.0,0.0,0.0,4.0,2.0,1.0,1.0,0.0
OKLAHOMA,Verden,516.0,1.0,0.0,0.0,1.0,0.0,6.0,3.0,3.0,0.0,0.0
OKLAHOMA,Verdigris,5879.0,6.0,0.0,1.0,0.0,5.0,24.0,2.0,20.0,2.0,1.0
OKLAHOMA,Vian,1392.0,12.0,1.0,1.0,0.0,10.0,33.0,4.0,29.0,0.0,0.0
OKLAHOMA,Vici,577.0,1.0,1.0,0.0,0.0,0.0,6.0,3.0,3.0,0.0,0.0
OKLAHOMA,Vinita,5349.0,9.0,0.0,3.0,0.0,6.0,102.0,18.0,69.0,15.0,2.0
OKLAHOMA,Wagoner,8630.0,37.0,0.0,3.0,1.0,33.0,194.0,58.0,123.0,13.0,4.0
OKLAHOMA,Walters,2341.0,6.0,0.0,0.0,0.0,6.0,34.0,10.0,16.0,8.0,0.0
OKLAHOMA,Warner,1610.0,8.0,0.0,5.0,0.0,3.0,25.0,5.0,15.0,5.0,0.0
OKLAHOMA,Warr Acres,10482.0,40.0,0.0,6.0,6.0,28.0,363.0,37.0,297.0,29.0,1.0
OKLAHOMA,Washington,734.0,0.0,0.0,0.0,0.0,0.0,1.0,0.0,0.0,1.0,0.0
OKLAHOMA,Watonga,2582.0,8.0,0.0,1.0,1.0,6.0,27.0,11.0,16.0,0.0,1.0
OKLAHOMA,Watts,280.0,0.0,0.0,0.0,0.0,0.0,1.0,0.0,1.0,0.0,0.0
OKLAHOMA,Waukomis,1317.0,2.0,0.0,0.0,0.0,2.0,11.0,4.0,7.0,0.0,0.0
OKLAHOMA,Waurika,1839.0,4.0,0.0,0.0,0.0,4.0,12.0,5.0,7.0,0.0,0.0
OKLAHOMA,Waynoka,695.0,1.0,0.0,1.0,0.0,0.0,0.0,0.0,0.0,0.0,0.0
OKLAHOMA,Weatherford,12009.0,5.0,0.0,1.0,0.0,4.0,49.0,7.0,41.0,1.0,0.0
OKLAHOMA,Webbers Falls,342.0,0.0,0.0,0.0,0.0,0.0,10.0,1.0,6.0,3.0,0.0
OKLAHOMA,Weleetka,796.0,1.0,0.0,1.0,0.0,0.0,9.0,3.0,3.0,3.0,1.0
OKLAHOMA,Wellston,695.0,1.0,0.0,0.0,0.0,1.0,12.0,6.0,5.0,1.0,0.0
OKLAHOMA,West Siloam Springs,1066.0,0.0,0.0,0.0,0.0,0.0,48.0,5.0,42.0,1.0,1.0
OKLAHOMA,Westville,1405.0,7.0,0.0,1.0,0.0,6.0,48.0,24.0,17.0,7.0,1.0
OKLAHOMA,Wetumka,1137.0,12.0,0.0,1.0,1.0,10.0,50.0,7.0,40.0,3.0,1.0
OKLAHOMA,Wewoka,3069.0,15.0,0.0,0.0,0.0,15.0,17.0,1.0,13.0,3.0,0.0
OKLAHOMA,Wilburton,2295.0,5.0,0.0,0.0,0.0,5.0,29.0,5.0,24.0,0.0,0.0
OKLAHOMA,Wilson,1433.0,1.0,0.0,0.0,1.0,0.0,18.0,6.0,9.0,3.0,1.0
OKLAHOMA,Wister,1066.0,2.0,0.0,0.0,0.0,2.0,13.0,4.0,9.0,0.0,0.0
OKLAHOMA,Woodward,11641.0,33.0,2.0,5.0,1.0,25.0,165.0,52.0,103.0,10.0,1.0
OKLAHOMA,Wright City,595.0,0.0,0.0,0.0,0.0,0.0,8.0,1.0,7.0,0.0,0.0
OKLAHOMA,Wyandotte,492.0,2.0,0.0,0.0,1.0,1.0,5.0,0.0,4.0,1.0,0.0
OKLAHOMA,Wynnewood,1926.0,8.0,0.0,0.0,0.0,8.0,12.0,4.0,6.0,2.0,1.0
OKLAHOMA,Wynona,381.0,0.0,0.0,0.0,0.0,0.0,0.0,0.0,0.0,0.0,0.0
OKLAHOMA,Yale,1072.0,6.0,0.0,3.0,0.0,3.0,20.0,7.0,12.0,1.0,6.0
OKLAHOMA,Yukon,27315.0,46.0,0.0,13.0,1.0,32.0,324.0,43.0,258.0,23.0,1.0
OREGON,Albany,57179.0,112.0,0.0,22.0,21.0,69.0,1047.0,94.0,905.0,48.0,22.0
OREGON,Ashland,20949.0,53.0,0.0,2.0,10.0,41.0,370.0,43.0,309.0,18.0,2.0
OREGON,Astoria,9918.0,32.0,2.0,9.0,4.0,17.0,162.0,38.0,114.0,10.0,6.0
OREGON,Banks,1796.0,2.0,0.0,0.0,0.0,2.0,10.0,3.0,6.0,1.0,0.0
OREGON,Beaverton,96762.0,353.0,1.0,64.0,62.0,226.0,2575.0,340.0,2016.0,219.0,20.0
OREGON,Bend,106241.0,179.0,3.0,24.0,24.0,128.0,1447.0,137.0,1222.0,88.0,22.0
OREGON,Boardman,4421.0,12.0,0.0,6.0,0.0,6.0,40.0,5.0,34.0,1.0,1.0
OREGON,Brookings,6643.0,9.0,0.0,2.0,1.0,6.0,88.0,9.0,76.0,3.0,0.0
OREGON,Canby,17861.0,38.0,0.0,11.0,2.0,25.0,161.0,10.0,136.0,15.0,2.0
OREGON,Cannon Beach,1504.0,4.0,0.0,0.0,1.0,3.0,29.0,1.0,27.0,1.0,0.0
OREGON,Carlton,2226.0,2.0,0.0,0.0,0.0,2.0,16.0,2.0,11.0,3.0,0.0
OREGON,Central Point,19199.0,33.0,1.0,11.0,2.0,19.0,187.0,27.0,145.0,15.0,1.0
OREGON,Columbia City,1941.0,0.0,0.0,0.0,0.0,0.0,5.0,1.0,4.0,0.0,0.0
OREGON,Coos Bay,15469.0,97.0,1.0,9.0,8.0,79.0,690.0,147.0,481.0,62.0,10.0
OREGON,Coquille,3982.0,5.0,0.0,0.0,3.0,2.0,42.0,8.0,27.0,7.0,0.0
OREGON,Cornelius,15792.0,51.0,0.0,10.0,5.0,36.0,253.0,15.0,227.0,11.0,4.0
OREGON,Corvallis,61474.0,113.0,1.0,23.0,20.0,69.0,1544.0,181.0,1305.0,58.0,35.0
OREGON,Cottage Grove,10627.0,29.0,1.0,4.0,4.0,20.0,208.0,16.0,176.0,16.0,3.0
OREGON,Dallas,17869.0,47.0,1.0,4.0,5.0,37.0,372.0,24.0,330.0,18.0,6.0
OREGON,Eagle Point,9869.0,20.0,0.0,0.0,0.0,20.0,155.0,10.0,142.0,3.0,0.0
OREGON,Eugene,178057.0,566.0,2.0,82.0,126.0,356.0,5797.0,847.0,4377.0,573.0,122.0
OREGON,Florence,9468.0,8.0,0.0,3.0,1.0,4.0,202.0,18.0,174.0,10.0,1.0
OREGON,Forest Grove,26992.0,91.0,0.0,21.0,5.0,65.0,369.0,55.0,287.0,27.0,5.0
OREGON,Gaston,664.0,1.0,0.0,0.0,0.0,1.0,5.0,0.0,5.0,0.0,0.0
OREGON,Gervais,2531.0,8.0,0.0,0.0,0.0,8.0,9.0,1.0,5.0,3.0,0.0
OREGON,Gladstone,11810.0,23.0,1.0,5.0,4.0,13.0,198.0,16.0,154.0,28.0,5.0
OREGON,Grants Pass,39113.0,158.0,1.0,21.0,33.0,103.0,1136.0,187.0,854.0,95.0,13.0
OREGON,Gresham,109452.0,449.0,6.0,63.0,93.0,287.0,2656.0,349.0,1612.0,695.0,15.0
OREGON,Hermiston,19504.0,62.0,2.0,9.0,6.0,45.0,629.0,30.0,568.0,31.0,7.0
OREGON,Hillsboro,107978.0,343.0,0.0,52.0,66.0,225.0,2623.0,188.0,2234.0,201.0,34.0
OREGON,Hood River,8340.0,11.0,0.0,2.0,2.0,7.0,189.0,8.0,172.0,9.0,1.0
OREGON,Hubbard,3351.0,3.0,0.0,1.0,1.0,1.0,25.0,4.0,20.0,1.0,0.0
OREGON,Independence,10337.0,29.0,0.0,3.0,0.0,26.0,99.0,22.0,69.0,8.0,4.0
OREGON,Jacksonville,2911.0,3.0,0.0,1.0,1.0,1.0,14.0,0.0,13.0,1.0,0.0
OREGON,Keizer,38310.0,56.0,0.0,0.0,9.0,47.0,732.0,57.0,631.0,44.0,5.0
OREGON,King City,4901.0,2.0,0.0,0.0,1.0,1.0,37.0,3.0,31.0,3.0,0.0
OREGON,Klamath Falls,21911.0,106.0,3.0,14.0,18.0,71.0,589.0,77.0,407.0,105.0,3.0
OREGON,La Grande,12963.0,33.0,0.0,7.0,4.0,22.0,346.0,50.0,280.0,16.0,5.0
OREGON,Lake Oswego,39627.0,26.0,1.0,11.0,3.0,11.0,436.0,80.0,313.0,43.0,5.0
OREGON,Lebanon,20144.0,29.0,0.0,4.0,3.0,22.0,212.0,15.0,171.0,26.0,2.0
OREGON,Lincoln City,10061.0,50.0,1.0,10.0,5.0,34.0,196.0,39.0,147.0,10.0,2.0
OREGON,Madras,7830.0,34.0,0.0,5.0,6.0,23.0,185.0,24.0,144.0,17.0,4.0
OREGON,Manzanita,653.0,0.0,0.0,0.0,0.0,0.0,6.0,2.0,3.0,1.0,0.0
OREGON,McMinnville,34443.0,78.0,0.0,12.0,9.0,57.0,492.0,52.0,402.0,38.0,2.0
OREGON,Medford,84766.0,417.0,3.0,54.0,76.0,284.0,3248.0,246.0,2830.0,172.0,32.0
OREGON,Milton-Freewater,6920.0,15.0,0.0,2.0,0.0,13.0,123.0,31.0,74.0,18.0,3.0
OREGON,Milwaukie,21745.0,42.0,0.0,10.0,3.0,29.0,332.0,34.0,245.0,53.0,4.0
OREGON,Molalla,10057.0,13.0,0.0,4.0,0.0,9.0,70.0,7.0,57.0,6.0,2.0
OREGON,Monmouth,11311.0,15.0,0.0,0.0,4.0,11.0,107.0,10.0,86.0,11.0,2.0
OREGON,Myrtle Creek,3509.0,9.0,0.0,3.0,0.0,6.0,89.0,7.0,78.0,4.0,0.0
OREGON,Newberg-Dundee,26302.0,38.0,0.0,17.0,3.0,18.0,266.0,22.0,223.0,21.0,6.0
OREGON,Newport,10553.0,26.0,1.0,8.0,3.0,14.0,282.0,29.0,239.0,14.0,5.0
OREGON,North Bend,9970.0,16.0,0.0,5.0,0.0,11.0,322.0,40.0,257.0,25.0,5.0
OREGON,North Plains,3357.0,6.0,0.0,3.0,1.0,2.0,37.0,5.0,29.0,3.0,1.0
OREGON,Oakridge,3126.0,5.0,0.0,3.0,1.0,1.0,21.0,7.0,12.0,2.0,2.0
OREGON,Oregon City,37213.0,86.0,0.0,18.0,6.0,62.0,493.0,43.0,402.0,48.0,13.0
OREGON,Pendleton,17380.0,71.0,0.0,18.0,4.0,49.0,466.0,45.0,381.0,40.0,7.0
OREGON,Philomath,5846.0,5.0,0.0,2.0,1.0,2.0,47.0,3.0,42.0,2.0,1.0
OREGON,Phoenix,4404.0,10.0,0.0,2.0,2.0,6.0,146.0,6.0,137.0,3.0,1.0
OREGON,Pilot Rock,1297.0,4.0,0.0,3.0,0.0,1.0,11.0,2.0,7.0,2.0,0.0
OREGON,Portland,623066.0,4487.0,67.0,317.0,1105.0,2998.0,34432.0,4532.0,24432.0,5468.0,260.0
OREGON,Prineville,12047.0,29.0,0.0,5.0,0.0,24.0,88.0,6.0,74.0,8.0,0.0
OREGON,Rainier,1932.0,2.0,0.0,0.0,1.0,1.0,42.0,6.0,30.0,6.0,0.0
OREGON,Redmond,38159.0,83.0,1.0,17.0,9.0,56.0,895.0,77.0,733.0,85.0,13.0
OREGON,Reedsport,4321.0,14.0,0.0,0.0,2.0,12.0,62.0,11.0,48.0,3.0,3.0
OREGON,Rogue River,2339.0,5.0,0.0,0.0,2.0,3.0,60.0,6.0,51.0,3.0,0.0
OREGON,Roseburg,23922.0,52.0,1.0,13.0,16.0,22.0,901.0,66.0,772.0,63.0,13.0
OREGON,Salem,177936.0,947.0,8.0,66.0,158.0,715.0,4988.0,787.0,3498.0,703.0,110.0
OREGON,Sandy,13042.0,8.0,0.0,2.0,2.0,4.0,198.0,15.0,159.0,24.0,0.0
OREGON,Seaside,7161.0,16.0,0.0,2.0,3.0,11.0,271.0,23.0,240.0,8.0,2.0
OREGON,Sherwood,19804.0,26.0,0.0,6.0,4.0,16.0,301.0,14.0,273.0,14.0,1.0
OREGON,Springfield,60830.0,186.0,1.0,30.0,17.0,138.0,1698.0,166.0,1413.0,119.0,20.0
OREGON,Stayton,8222.0,24.0,0.0,1.0,1.0,22.0,162.0,19.0,132.0,11.0,1.0
OREGON,St. Helens,14616.0,40.0,0.0,5.0,1.0,34.0,135.0,32.0,93.0,10.0,2.0
OREGON,Sunriver,2024.0,3.0,0.0,0.0,0.0,3.0,26.0,6.0,19.0,1.0,0.0
OREGON,Sutherlin,8692.0,26.0,0.0,1.0,1.0,24.0,142.0,12.0,121.0,9.0,4.0
OREGON,Sweet Home,10325.0,18.0,1.0,4.0,2.0,11.0,276.0,36.0,228.0,12.0,5.0
OREGON,Talent,6339.0,17.0,0.0,1.0,0.0,16.0,52.0,4.0,47.0,1.0,3.0
OREGON,The Dalles,15712.0,58.0,1.0,4.0,15.0,38.0,402.0,45.0,325.0,32.0,10.0
OREGON,Tigard,55784.0,177.0,0.0,20.0,51.0,106.0,1932.0,206.0,1620.0,106.0,11.0
OREGON,Tillamook,5187.0,19.0,0.0,3.0,4.0,12.0,122.0,14.0,106.0,2.0,2.0
OREGON,Tualatin,27219.0,60.0,0.0,10.0,12.0,38.0,714.0,63.0,586.0,65.0,2.0
OREGON,Umatilla,7884.0,17.0,1.0,4.0,1.0,11.0,77.0,8.0,55.0,14.0,1.0
OREGON,Warrenton,6245.0,24.0,0.0,5.0,5.0,14.0,280.0,13.0,258.0,9.0,2.0
OREGON,West Linn,26382.0,15.0,0.0,3.0,2.0,10.0,205.0,26.0,167.0,12.0,0.0
OREGON,Winston,5692.0,5.0,0.0,3.0,0.0,2.0,108.0,13.0,89.0,6.0,0.0
OREGON,Woodburn,30138.0,83.0,0.0,20.0,19.0,44.0,872.0,42.0,704.0,126.0,5.0
OREGON,Yamhill,1154.0,1.0,0.0,1.0,0.0,0.0,8.0,1.0,7.0,0.0,0.0
PENNSYLVANIA,Abbottstown,1047.0,2.0,0.0,1.0,0.0,1.0,2.0,0.0,2.0,0.0,0.0
PENNSYLVANIA,"Abington Township, Montgomery County",58429.0,73.0,0.0,8.0,29.0,36.0,1208.0,28.0,1106.0,74.0,4.0
PENNSYLVANIA,"Adams Township, Butler County",15861.0,2.0,0.0,0.0,0.0,2.0,5.0,0.0,5.0,0.0,0.0
PENNSYLVANIA,"Adams Township, Cambria County",5625.0,0.0,0.0,0.0,0.0,0.0,7.0,3.0,1.0,3.0,0.0
PENNSYLVANIA,Alburtis,2572.0,0.0,0.0,0.0,0.0,0.0,9.0,0.0,9.0,0.0,0.0
PENNSYLVANIA,Aldan,4198.0,12.0,0.0,2.0,0.0,10.0,40.0,6.0,31.0,3.0,0.0
PENNSYLVANIA,"Allegheny Township, Blair County",6518.0,11.0,1.0,3.0,0.0,7.0,242.0,12.0,230.0,0.0,0.0
PENNSYLVANIA,"Allegheny Township, Westmoreland County",8165.0,0.0,0.0,0.0,0.0,0.0,19.0,3.0,16.0,0.0,0.0
PENNSYLVANIA,Allegheny Valley Regional,4470.0,1.0,0.0,0.0,0.0,1.0,15.0,3.0,12.0,0.0,0.0
PENNSYLVANIA,Allentown,124599.0,339.0,4.0,33.0,71.0,231.0,1955.0,151.0,1560.0,244.0,11.0
PENNSYLVANIA,Altoona,42424.0,142.0,1.0,32.0,31.0,78.0,785.0,141.0,595.0,49.0,10.0
PENNSYLVANIA,Ambler,6854.0,2.0,0.0,0.0,0.0,2.0,56.0,1.0,53.0,2.0,0.0
PENNSYLVANIA,Ambridge,6850.0,95.0,0.0,2.0,1.0,92.0,89.0,7.0,76.0,6.0,0.0
PENNSYLVANIA,Amity Township,13428.0,7.0,0.0,2.0,0.0,5.0,51.0,8.0,39.0,4.0,0.0
PENNSYLVANIA,Apollo,1555.0,1.0,0.0,1.0,0.0,0.0,4.0,1.0,3.0,0.0,0.0
PENNSYLVANIA,Archbald,7509.0,10.0,0.0,0.0,0.0,10.0,35.0,4.0,29.0,2.0,0.0
PENNSYLVANIA,Armagh Township,4054.0,2.0,0.0,1.0,0.0,1.0,12.0,0.0,11.0,1.0,0.0
PENNSYLVANIA,Arnold,4644.0,39.0,1.0,2.0,2.0,34.0,72.0,19.0,46.0,7.0,0.0
PENNSYLVANIA,Ashland,2488.0,2.0,0.0,0.0,2.0,0.0,19.0,4.0,15.0,0.0,0.0
PENNSYLVANIA,Ashley,2608.0,14.0,0.0,3.0,0.0,11.0,9.0,0.0,9.0,0.0,0.0
PENNSYLVANIA,Aspinwall,2772.0,2.0,0.0,0.0,0.0,2.0,18.0,0.0,16.0,2.0,0.0
PENNSYLVANIA,Aston Township,16565.0,7.0,0.0,0.0,0.0,7.0,117.0,11.0,99.0,7.0,0.0
PENNSYLVANIA,Athens,3219.0,3.0,0.0,0.0,0.0,3.0,39.0,9.0,30.0,0.0,1.0
PENNSYLVANIA,Athens Township,5109.0,2.0,0.0,1.0,1.0,0.0,82.0,5.0,77.0,0.0,0.0
PENNSYLVANIA,Avalon,4532.0,5.0,0.0,0.0,0.0,5.0,27.0,3.0,22.0,2.0,0.0
PENNSYLVANIA,Avoca,2531.0,0.0,0.0,0.0,0.0,0.0,7.0,0.0,7.0,0.0,0.0
PENNSYLVANIA,Avonmore Borough,879.0,0.0,0.0,0.0,0.0,0.0,0.0,0.0,0.0,0.0,0.0
PENNSYLVANIA,Baldwin Borough,20459.0,29.0,0.0,0.0,2.0,27.0,67.0,6.0,46.0,15.0,0.0
PENNSYLVANIA,Baldwin Township,1896.0,0.0,0.0,0.0,0.0,0.0,14.0,0.0,11.0,3.0,0.0
PENNSYLVANIA,Bally,1217.0,2.0,0.0,0.0,1.0,1.0,7.0,0.0,4.0,3.0,0.0
PENNSYLVANIA,Bangor,5109.0,17.0,0.0,0.0,1.0,16.0,41.0,5.0,34.0,2.0,0.0
PENNSYLVANIA,Beaver,7368.0,3.0,0.0,0.0,0.0,3.0,30.0,1.0,26.0,3.0,0.0
PENNSYLVANIA,Beaver Falls,11696.0,23.0,4.0,1.0,4.0,14.0,131.0,8.0,112.0,11.0,1.0
PENNSYLVANIA,Beaver Meadows,896.0,0.0,0.0,0.0,0.0,0.0,0.0,0.0,0.0,0.0,0.0
PENNSYLVANIA,Beaver Valley Regional,10063.0,21.0,0.0,1.0,2.0,18.0,41.0,6.0,29.0,6.0,0.0
PENNSYLVANIA,Bedford,2818.0,3.0,0.0,1.0,1.0,1.0,12.0,2.0,10.0,0.0,0.0
PENNSYLVANIA,Bedminster Township,7469.0,0.0,0.0,0.0,0.0,0.0,28.0,0.0,28.0,0.0,0.0
PENNSYLVANIA,Bell Acres,1451.0,0.0,0.0,0.0,0.0,0.0,3.0,0.0,3.0,0.0,0.0
PENNSYLVANIA,Bellefonte,5888.0,0.0,0.0,0.0,0.0,0.0,0.0,0.0,0.0,0.0,0.0
PENNSYLVANIA,Bellevue,7902.0,14.0,0.0,5.0,6.0,3.0,85.0,4.0,71.0,10.0,0.0
PENNSYLVANIA,Bellwood,1758.0,0.0,0.0,0.0,0.0,0.0,1.0,0.0,1.0,0.0,0.0
PENNSYLVANIA,Bensalem Township,62843.0,59.0,1.0,3.0,27.0,28.0,1808.0,56.0,1566.0,186.0,9.0
PENNSYLVANIA,Bentleyville,2323.0,0.0,0.0,0.0,0.0,0.0,6.0,0.0,6.0,0.0,0.0
PENNSYLVANIA,Benton ,822.0,0.0,0.0,0.0,0.0,0.0,1.0,0.0,1.0,0.0,0.0
PENNSYLVANIA,Berlin,1947.0,1.0,0.0,0.0,0.0,1.0,9.0,0.0,9.0,0.0,0.0
PENNSYLVANIA,Bern Township,6745.0,7.0,0.0,0.0,1.0,6.0,35.0,8.0,27.0,0.0,0.0
PENNSYLVANIA,Bernville,901.0,0.0,0.0,0.0,0.0,0.0,0.0,0.0,0.0,0.0,0.0
PENNSYLVANIA,Berwick,10243.0,6.0,0.0,1.0,2.0,3.0,108.0,6.0,99.0,3.0,1.0
PENNSYLVANIA,Bessemer,1040.0,0.0,0.0,0.0,0.0,0.0,4.0,1.0,3.0,0.0,3.0
PENNSYLVANIA,Bethel Park,32034.0,19.0,0.0,3.0,3.0,13.0,202.0,9.0,189.0,4.0,0.0
PENNSYLVANIA,"Bethel Township, Berks County",4107.0,2.0,0.0,0.0,0.0,2.0,10.0,1.0,6.0,3.0,0.0
PENNSYLVANIA,"Bethel Township, Delaware County",9648.0,6.0,0.0,0.0,0.0,6.0,47.0,7.0,36.0,4.0,0.0
PENNSYLVANIA,Bethlehem,79194.0,163.0,2.0,32.0,22.0,107.0,1084.0,67.0,911.0,106.0,7.0
PENNSYLVANIA,Bethlehem Township,26492.0,19.0,0.0,4.0,4.0,11.0,305.0,18.0,271.0,16.0,2.0
PENNSYLVANIA,Biglerville,1251.0,0.0,0.0,0.0,0.0,0.0,5.0,2.0,3.0,0.0,0.0
PENNSYLVANIA,Birdsboro,5093.0,2.0,0.0,0.0,0.0,2.0,39.0,0.0,36.0,3.0,0.0
PENNSYLVANIA,Birmingham Township,4089.0,0.0,0.0,0.0,0.0,0.0,2.0,1.0,1.0,0.0,0.0
PENNSYLVANIA,Blacklick Township,1865.0,0.0,0.0,0.0,0.0,0.0,0.0,0.0,0.0,0.0,0.0
PENNSYLVANIA,Blairsville,3199.0,7.0,0.0,2.0,1.0,4.0,42.0,7.0,33.0,2.0,0.0
PENNSYLVANIA,Blair Township,4642.0,0.0,0.0,0.0,0.0,0.0,33.0,7.0,26.0,0.0,0.0
PENNSYLVANIA,Blakely,6654.0,12.0,0.0,1.0,0.0,11.0,45.0,1.0,43.0,1.0,0.0
PENNSYLVANIA,Blawnox,1385.0,0.0,0.0,0.0,0.0,0.0,3.0,0.0,2.0,1.0,0.0
PENNSYLVANIA,Bloomsburg Town,13256.0,43.0,0.0,3.0,1.0,39.0,142.0,9.0,132.0,1.0,1.0
PENNSYLVANIA,Bonneauville,1797.0,1.0,0.0,0.0,0.0,1.0,5.0,1.0,4.0,0.0,0.0
PENNSYLVANIA,Boswell,1198.0,0.0,0.0,0.0,0.0,0.0,0.0,0.0,0.0,0.0,0.0
PENNSYLVANIA,Braddock Hills,1646.0,1.0,0.0,0.0,0.0,1.0,7.0,0.0,6.0,1.0,0.0
PENNSYLVANIA,Bradford,7471.0,63.0,0.0,2.0,2.0,59.0,202.0,7.0,189.0,6.0,1.0
PENNSYLVANIA,Bradford Township,4619.0,2.0,0.0,1.0,0.0,1.0,16.0,2.0,14.0,0.0,1.0
PENNSYLVANIA,Branch Township,1764.0,0.0,0.0,0.0,0.0,0.0,0.0,0.0,0.0,0.0,0.0
PENNSYLVANIA,"Brecknock Township, Berks County",4598.0,0.0,0.0,0.0,0.0,0.0,10.0,1.0,9.0,0.0,0.0
PENNSYLVANIA,Brentwood,9588.0,17.0,0.0,2.0,4.0,11.0,132.0,8.0,105.0,19.0,2.0
PENNSYLVANIA,Briar Creek Township,5123.0,1.0,0.0,0.0,0.0,1.0,24.0,0.0,22.0,2.0,1.0
PENNSYLVANIA,Bridgeport,5411.0,8.0,0.0,1.0,3.0,4.0,84.0,3.0,67.0,14.0,2.0
PENNSYLVANIA,Bridgeville,4566.0,13.0,0.0,1.0,0.0,12.0,38.0,4.0,32.0,2.0,0.0
PENNSYLVANIA,Bridgewater,728.0,0.0,0.0,0.0,0.0,0.0,5.0,1.0,4.0,0.0,0.0
PENNSYLVANIA,Brighton Township,8754.0,8.0,0.0,0.0,0.0,8.0,5.0,2.0,2.0,1.0,0.0
PENNSYLVANIA,Bristol,9882.0,5.0,0.0,0.0,4.0,1.0,127.0,14.0,113.0,0.0,0.0
PENNSYLVANIA,Bristol Township,53784.0,81.0,0.0,21.0,26.0,34.0,858.0,52.0,682.0,124.0,3.0
PENNSYLVANIA,Brockway,2225.0,1.0,0.0,0.0,0.0,1.0,2.0,0.0,2.0,0.0,0.0
PENNSYLVANIA,Brookhaven,8291.0,4.0,0.0,0.0,2.0,2.0,232.0,2.0,225.0,5.0,0.0
PENNSYLVANIA,Brookville,3894.0,9.0,0.0,9.0,0.0,0.0,13.0,2.0,11.0,0.0,0.0
PENNSYLVANIA,Brownsville,2077.0,6.0,0.0,0.0,2.0,4.0,26.0,0.0,24.0,2.0,1.0
PENNSYLVANIA,Bryn Athyn,1311.0,0.0,0.0,0.0,0.0,0.0,11.0,1.0,10.0,0.0,0.0
PENNSYLVANIA,Buckingham Township,20736.0,4.0,2.0,0.0,1.0,1.0,83.0,6.0,75.0,2.0,1.0
PENNSYLVANIA,Buffalo Township,8228.0,5.0,0.0,0.0,0.0,5.0,5.0,2.0,2.0,1.0,0.0
PENNSYLVANIA,Buffalo Valley Regional,12755.0,15.0,0.0,0.0,0.0,15.0,27.0,4.0,23.0,0.0,0.0
PENNSYLVANIA,Bushkill Township,8702.0,11.0,0.0,0.0,0.0,11.0,36.0,4.0,30.0,2.0,0.0
PENNSYLVANIA,Butler,12973.0,65.0,1.0,0.0,4.0,60.0,209.0,34.0,158.0,17.0,0.0
PENNSYLVANIA,"Butler Township, Butler County",16682.0,20.0,1.0,3.0,0.0,16.0,246.0,10.0,233.0,3.0,0.0
PENNSYLVANIA,"Butler Township, Luzerne County",10090.0,8.0,0.0,0.0,2.0,6.0,86.0,13.0,67.0,6.0,2.0
PENNSYLVANIA,"Butler Township, Schuylkill County",5797.0,2.0,0.0,0.0,0.0,2.0,20.0,7.0,11.0,2.0,0.0
PENNSYLVANIA,California,4945.0,20.0,0.0,0.0,0.0,20.0,58.0,11.0,45.0,2.0,1.0
PENNSYLVANIA,Callery,346.0,0.0,0.0,0.0,0.0,0.0,1.0,0.0,1.0,0.0,0.0
PENNSYLVANIA,Caln Township,15170.0,42.0,0.0,3.0,2.0,37.0,193.0,11.0,171.0,11.0,0.0
PENNSYLVANIA,Cambria Township,5663.0,3.0,0.0,1.0,0.0,2.0,60.0,3.0,56.0,1.0,0.0
PENNSYLVANIA,Cambridge Springs,2240.0,3.0,0.0,0.0,0.0,3.0,6.0,3.0,2.0,1.0,0.0
PENNSYLVANIA,Camp Hill,8178.0,6.0,0.0,1.0,0.0,5.0,85.0,1.0,80.0,4.0,0.0
PENNSYLVANIA,Canonsburg,9590.0,6.0,0.0,0.0,2.0,4.0,20.0,1.0,18.0,1.0,0.0
PENNSYLVANIA,Canton,1709.0,1.0,0.0,1.0,0.0,0.0,5.0,0.0,5.0,0.0,0.0
PENNSYLVANIA,Carbondale,11849.0,12.0,1.0,1.0,3.0,7.0,36.0,5.0,31.0,0.0,0.0
PENNSYLVANIA,Carbondale Township,1148.0,0.0,0.0,0.0,0.0,0.0,2.0,0.0,2.0,0.0,0.0
PENNSYLVANIA,Carlisle,23144.0,39.0,5.0,6.0,5.0,23.0,265.0,30.0,224.0,11.0,2.0
PENNSYLVANIA,Carnegie,7757.0,3.0,0.0,0.0,1.0,2.0,90.0,7.0,82.0,1.0,0.0
PENNSYLVANIA,Carrolltown,2156.0,1.0,0.0,1.0,0.0,0.0,5.0,1.0,4.0,0.0,0.0
PENNSYLVANIA,"Carroll Township, Washington County",5294.0,1.0,0.0,0.0,0.0,1.0,12.0,1.0,10.0,1.0,0.0
PENNSYLVANIA,"Carroll Township, York County",9891.0,3.0,0.0,0.0,0.0,3.0,22.0,1.0,20.0,1.0,0.0
PENNSYLVANIA,Carroll Valley,4569.0,1.0,0.0,1.0,0.0,0.0,25.0,2.0,22.0,1.0,0.0
PENNSYLVANIA,Castle Shannon,8039.0,2.0,0.0,0.0,0.0,2.0,26.0,2.0,20.0,4.0,0.0
PENNSYLVANIA,Catasauqua,6455.0,10.0,0.0,0.0,3.0,7.0,77.0,13.0,63.0,1.0,0.0
PENNSYLVANIA,Catawissa,1524.0,2.0,0.0,1.0,0.0,1.0,12.0,0.0,12.0,0.0,0.0
PENNSYLVANIA,Cecil Township,15206.0,4.0,1.0,1.0,1.0,1.0,33.0,3.0,29.0,1.0,0.0
PENNSYLVANIA,Center Township,12275.0,14.0,0.0,0.0,1.0,13.0,232.0,6.0,221.0,5.0,0.0
PENNSYLVANIA,Centerville,5487.0,0.0,0.0,0.0,0.0,0.0,10.0,3.0,7.0,0.0,0.0
PENNSYLVANIA,Central Berks Regional,13846.0,10.0,0.0,3.0,2.0,5.0,141.0,19.0,96.0,26.0,0.0
PENNSYLVANIA,Central Bucks Regional,15599.0,9.0,0.0,0.0,1.0,8.0,126.0,11.0,109.0,6.0,1.0
PENNSYLVANIA,Chambersburg,22366.0,104.0,2.0,2.0,8.0,92.0,392.0,53.0,320.0,19.0,4.0
PENNSYLVANIA,Charleroi Regional,6706.0,9.0,4.0,1.0,3.0,1.0,50.0,7.0,40.0,3.0,1.0
PENNSYLVANIA,Chartiers Township,9338.0,2.0,0.0,0.0,0.0,2.0,45.0,2.0,39.0,4.0,0.0
PENNSYLVANIA,Cheltenham Township,38819.0,78.0,0.0,6.0,34.0,38.0,1911.0,47.0,1685.0,179.0,8.0
PENNSYLVANIA,Cherry Tree,268.0,0.0,0.0,0.0,0.0,0.0,0.0,0.0,0.0,0.0,0.0
PENNSYLVANIA,Chester,33944.0,282.0,20.0,20.0,66.0,176.0,675.0,113.0,422.0,140.0,2.0
PENNSYLVANIA,Chester Township,4018.0,21.0,0.0,1.0,6.0,14.0,73.0,16.0,48.0,9.0,0.0
PENNSYLVANIA,Chippewa Township,8029.0,7.0,0.0,1.0,3.0,3.0,169.0,2.0,164.0,3.0,0.0
PENNSYLVANIA,Christiana,1096.0,0.0,0.0,0.0,0.0,0.0,2.0,0.0,2.0,0.0,0.0
PENNSYLVANIA,Churchill,2998.0,1.0,0.0,0.0,0.0,1.0,8.0,2.0,3.0,3.0,0.0
PENNSYLVANIA,Clairton,5877.0,25.0,1.0,0.0,2.0,22.0,69.0,7.0,59.0,3.0,1.0
PENNSYLVANIA,Clarion,4435.0,5.0,0.0,0.0,0.0,5.0,30.0,2.0,28.0,0.0,0.0
PENNSYLVANIA,Clarks Summit,6569.0,3.0,0.0,0.0,0.0,3.0,31.0,2.0,29.0,0.0,0.0
PENNSYLVANIA,Clearfield Regional,13062.0,23.0,1.0,4.0,1.0,17.0,191.0,17.0,171.0,3.0,0.0
PENNSYLVANIA,Cleona,4303.0,0.0,0.0,0.0,0.0,0.0,7.0,2.0,5.0,0.0,0.0
PENNSYLVANIA,Clifton Heights,6778.0,23.0,0.0,1.0,1.0,21.0,74.0,8.0,57.0,9.0,0.0
PENNSYLVANIA,Clymer,1720.0,0.0,0.0,0.0,0.0,0.0,5.0,1.0,4.0,0.0,0.0
PENNSYLVANIA,Coal Township,9616.0,6.0,0.0,1.0,1.0,4.0,129.0,15.0,114.0,0.0,0.0
PENNSYLVANIA,Coatesville,13256.0,82.0,1.0,9.0,19.0,53.0,242.0,21.0,174.0,47.0,2.0
PENNSYLVANIA,Cochranton,1093.0,0.0,0.0,0.0,0.0,0.0,0.0,0.0,0.0,0.0,0.0
PENNSYLVANIA,Collegeville,5458.0,4.0,0.0,2.0,1.0,1.0,34.0,2.0,31.0,1.0,0.0
PENNSYLVANIA,Collier Township,8924.0,4.0,0.0,0.0,1.0,3.0,97.0,4.0,85.0,8.0,0.0
PENNSYLVANIA,Collingdale,8813.0,25.0,3.0,2.0,3.0,17.0,155.0,7.0,123.0,25.0,0.0
PENNSYLVANIA,Colonial Regional,18785.0,10.0,0.0,2.0,1.0,7.0,401.0,17.0,379.0,5.0,2.0
PENNSYLVANIA,Columbia,10445.0,31.0,0.0,0.0,4.0,27.0,212.0,16.0,181.0,15.0,2.0
PENNSYLVANIA,"Conemaugh Township, Cambria County",1884.0,0.0,0.0,0.0,0.0,0.0,5.0,1.0,2.0,2.0,0.0
PENNSYLVANIA,"Conemaugh Township, Somerset County",6571.0,2.0,0.0,0.0,0.0,2.0,15.0,2.0,12.0,1.0,0.0
PENNSYLVANIA,"Conewago Township, Adams County",8039.0,14.0,0.0,2.0,3.0,9.0,48.0,0.0,39.0,9.0,0.0
PENNSYLVANIA,Conewango Township,3327.0,18.0,0.0,0.0,0.0,18.0,107.0,4.0,103.0,0.0,1.0
PENNSYLVANIA,Conneaut Lake Regional,4572.0,1.0,0.0,1.0,0.0,0.0,39.0,11.0,19.0,9.0,0.0
PENNSYLVANIA,Connellsville,8426.0,32.0,0.0,0.0,3.0,29.0,232.0,18.0,211.0,3.0,0.0
PENNSYLVANIA,Conshohocken,9256.0,3.0,0.0,0.0,0.0,3.0,115.0,3.0,89.0,23.0,0.0
PENNSYLVANIA,Conyngham,1817.0,1.0,0.0,0.0,0.0,1.0,14.0,0.0,14.0,0.0,0.0
PENNSYLVANIA,Coopersburg,2495.0,2.0,0.0,0.0,1.0,1.0,28.0,0.0,28.0,0.0,0.0
PENNSYLVANIA,Coplay,3546.0,3.0,0.0,0.0,1.0,2.0,14.0,1.0,12.0,1.0,0.0
PENNSYLVANIA,Coraopolis,5279.0,20.0,1.0,1.0,2.0,16.0,50.0,4.0,42.0,4.0,0.0
PENNSYLVANIA,Cornwall,6813.0,3.0,0.0,0.0,0.0,3.0,2.0,0.0,2.0,0.0,0.0
PENNSYLVANIA,Corry,6034.0,10.0,1.0,0.0,0.0,9.0,49.0,2.0,47.0,0.0,0.0
PENNSYLVANIA,Coudersport,2293.0,2.0,0.0,0.0,0.0,2.0,7.0,0.0,5.0,2.0,0.0
PENNSYLVANIA,Courtdale,696.0,0.0,0.0,0.0,0.0,0.0,10.0,0.0,10.0,0.0,0.0
PENNSYLVANIA,Covington Township,2251.0,0.0,0.0,0.0,0.0,0.0,17.0,0.0,16.0,1.0,0.0
PENNSYLVANIA,Crafton,6242.0,14.0,0.0,1.0,1.0,12.0,130.0,2.0,119.0,9.0,0.0
PENNSYLVANIA,Cranberry Township,34970.0,4.0,0.0,0.0,0.0,4.0,245.0,4.0,241.0,0.0,0.0
PENNSYLVANIA,Crescent Township,2368.0,0.0,0.0,0.0,0.0,0.0,0.0,0.0,0.0,0.0,0.0
PENNSYLVANIA,Cresson,1474.0,2.0,0.0,0.0,0.0,2.0,1.0,0.0,1.0,0.0,0.0
PENNSYLVANIA,Cresson Township,2831.0,3.0,1.0,0.0,0.0,2.0,6.0,0.0,6.0,0.0,0.0
PENNSYLVANIA,Croyle Township,2268.0,0.0,0.0,0.0,0.0,0.0,11.0,1.0,9.0,1.0,0.0
PENNSYLVANIA,"Cumberland Township, Adams County",7175.0,2.0,0.0,1.0,0.0,1.0,33.0,7.0,25.0,1.0,0.0
PENNSYLVANIA,"Cumberland Township, Greene County",6475.0,13.0,0.0,0.0,0.0,13.0,57.0,6.0,48.0,3.0,0.0
PENNSYLVANIA,Curwensville,2481.0,4.0,0.0,2.0,0.0,2.0,6.0,0.0,6.0,0.0,0.0
PENNSYLVANIA,Dallas,2691.0,1.0,0.0,0.0,0.0,1.0,12.0,3.0,9.0,0.0,1.0
PENNSYLVANIA,Dallas Township,9265.0,4.0,0.0,2.0,1.0,1.0,21.0,3.0,16.0,2.0,0.0
PENNSYLVANIA,Dalton,1294.0,1.0,0.0,1.0,0.0,0.0,14.0,0.0,14.0,0.0,0.0
PENNSYLVANIA,Danville,4107.0,11.0,0.0,0.0,2.0,9.0,41.0,3.0,35.0,3.0,0.0
PENNSYLVANIA,Darby,10586.0,88.0,2.0,5.0,13.0,68.0,278.0,26.0,163.0,89.0,1.0
PENNSYLVANIA,Darby Township,9113.0,53.0,0.0,1.0,4.0,48.0,143.0,14.0,119.0,10.0,1.0
PENNSYLVANIA,Delaware Water Gap,663.0,0.0,0.0,0.0,0.0,0.0,0.0,0.0,0.0,0.0,0.0
PENNSYLVANIA,Delmont,2606.0,0.0,0.0,0.0,0.0,0.0,1.0,0.0,1.0,0.0,0.0
PENNSYLVANIA,Derry,2569.0,3.0,0.0,3.0,0.0,0.0,7.0,1.0,4.0,2.0,0.0
PENNSYLVANIA,"Derry Township, Dauphin County",25016.0,22.0,0.0,12.0,1.0,9.0,274.0,22.0,250.0,2.0,0.0
PENNSYLVANIA,Dickson City,5995.0,16.0,1.0,2.0,1.0,12.0,159.0,7.0,150.0,2.0,0.0
PENNSYLVANIA,Donegal Township,3085.0,2.0,0.0,0.0,0.0,2.0,11.0,0.0,10.0,1.0,0.0
PENNSYLVANIA,Donora,4480.0,9.0,0.0,2.0,4.0,3.0,34.0,8.0,26.0,0.0,0.0
PENNSYLVANIA,Dormont,7833.0,6.0,0.0,0.0,1.0,5.0,45.0,3.0,34.0,8.0,0.0
PENNSYLVANIA,"Douglass Township, Berks County",3800.0,2.0,0.0,0.0,0.0,2.0,10.0,0.0,10.0,0.0,0.0
PENNSYLVANIA,"Douglass Township, Montgomery County",10935.0,0.0,0.0,0.0,0.0,0.0,19.0,2.0,15.0,2.0,0.0
PENNSYLVANIA,Downingtown,8421.0,8.0,0.0,0.0,3.0,5.0,176.0,4.0,158.0,14.0,0.0
PENNSYLVANIA,Doylestown Township,18000.0,5.0,0.0,0.0,1.0,4.0,104.0,7.0,90.0,7.0,1.0
PENNSYLVANIA,Dublin Borough,2302.0,1.0,0.0,0.0,0.0,1.0,6.0,0.0,6.0,0.0,0.0
PENNSYLVANIA,DuBois,7263.0,15.0,0.0,1.0,0.0,14.0,102.0,6.0,95.0,1.0,1.0
PENNSYLVANIA,Duncansville,1205.0,0.0,0.0,0.0,0.0,0.0,2.0,0.0,2.0,0.0,0.0
PENNSYLVANIA,Dupont,2563.0,1.0,0.0,0.0,0.0,1.0,24.0,6.0,18.0,0.0,0.0
PENNSYLVANIA,Duquesne,5016.0,34.0,0.0,2.0,5.0,27.0,59.0,5.0,47.0,7.0,6.0
PENNSYLVANIA,Duryea,5089.0,10.0,0.0,0.0,1.0,9.0,25.0,2.0,22.0,1.0,0.0
PENNSYLVANIA,East Brandywine Township,10410.0,5.0,0.0,0.0,0.0,5.0,11.0,2.0,7.0,2.0,0.0
PENNSYLVANIA,East Cocalico Township,14775.0,3.0,0.0,0.0,0.0,3.0,72.0,3.0,64.0,5.0,0.0
PENNSYLVANIA,East Conemaugh,1049.0,1.0,0.0,1.0,0.0,0.0,5.0,2.0,3.0,0.0,0.0
PENNSYLVANIA,East Coventry Township,7188.0,4.0,1.0,1.0,0.0,2.0,43.0,0.0,41.0,2.0,0.0
PENNSYLVANIA,East Earl Township,6827.0,2.0,0.0,2.0,0.0,0.0,34.0,2.0,29.0,3.0,0.0
PENNSYLVANIA,Eastern Adams Regional,7966.0,16.0,0.0,1.0,0.0,15.0,20.0,0.0,19.0,1.0,0.0
PENNSYLVANIA,Eastern Berks Regional,10246.0,7.0,0.0,1.0,0.0,6.0,73.0,9.0,58.0,6.0,1.0
PENNSYLVANIA,Eastern Pike Regional,6124.0,4.0,0.0,0.0,0.0,4.0,140.0,4.0,132.0,4.0,0.0
PENNSYLVANIA,East Fallowfield Township,7944.0,2.0,0.0,0.0,0.0,2.0,13.0,3.0,9.0,1.0,0.0
PENNSYLVANIA,East Franklin Township,3723.0,0.0,0.0,0.0,0.0,0.0,0.0,0.0,0.0,0.0,0.0
PENNSYLVANIA,East Greenville,3155.0,2.0,2.0,0.0,0.0,0.0,19.0,0.0,19.0,0.0,0.0
PENNSYLVANIA,East Hempfield Township,27135.0,14.0,1.0,1.0,3.0,9.0,222.0,26.0,184.0,12.0,4.0
PENNSYLVANIA,East Lampeter Township,26615.0,24.0,1.0,4.0,3.0,16.0,463.0,51.0,405.0,7.0,0.0
PENNSYLVANIA,East Lansdowne,2679.0,17.0,6.0,1.0,2.0,8.0,110.0,7.0,93.0,10.0,0.0
PENNSYLVANIA,East Marlborough Township,8072.0,0.0,0.0,0.0,0.0,0.0,3.0,0.0,3.0,0.0,0.0
PENNSYLVANIA,East McKeesport,2458.0,7.0,0.0,0.0,0.0,7.0,25.0,6.0,17.0,2.0,0.0
PENNSYLVANIA,East Norriton Township,14019.0,16.0,0.0,0.0,3.0,13.0,300.0,4.0,293.0,3.0,0.0
PENNSYLVANIA,Easton,30064.0,59.0,0.0,4.0,8.0,47.0,358.0,13.0,281.0,64.0,1.0
PENNSYLVANIA,East Pennsboro Township,21266.0,10.0,0.0,1.0,1.0,8.0,131.0,7.0,114.0,10.0,0.0
PENNSYLVANIA,East Pikeland Township,8755.0,5.0,0.0,0.0,0.0,5.0,33.0,1.0,29.0,3.0,0.0
PENNSYLVANIA,East Taylor Township,2349.0,1.0,0.0,0.0,0.0,1.0,4.0,0.0,4.0,0.0,0.0
PENNSYLVANIA,Easttown Township,11076.0,9.0,0.0,0.0,2.0,7.0,47.0,1.0,45.0,1.0,0.0
PENNSYLVANIA,East Vincent Township,7815.0,1.0,0.0,0.0,0.0,1.0,26.0,2.0,19.0,5.0,0.0
PENNSYLVANIA,East Whiteland Township,15284.0,8.0,0.0,3.0,1.0,4.0,120.0,9.0,104.0,7.0,0.0
PENNSYLVANIA,Ebensburg,3314.0,2.0,0.0,0.0,0.0,2.0,27.0,0.0,25.0,2.0,0.0
PENNSYLVANIA,Economy,8922.0,2.0,0.0,0.0,0.0,2.0,110.0,1.0,109.0,0.0,0.0
PENNSYLVANIA,Eddystone,2428.0,14.0,0.0,0.0,2.0,12.0,65.0,3.0,54.0,8.0,0.0
PENNSYLVANIA,Edgewood,2991.0,1.0,0.0,0.0,0.0,1.0,67.0,0.0,54.0,13.0,0.0
PENNSYLVANIA,Edgeworth,1612.0,0.0,0.0,0.0,0.0,0.0,3.0,0.0,3.0,0.0,0.0
PENNSYLVANIA,Edinboro,6177.0,11.0,0.0,0.0,0.0,11.0,44.0,0.0,44.0,0.0,0.0
PENNSYLVANIA,Edwardsville,4936.0,10.0,0.0,0.0,1.0,9.0,76.0,3.0,69.0,4.0,0.0
PENNSYLVANIA,Elizabethtown,12112.0,10.0,0.0,0.0,1.0,9.0,78.0,2.0,75.0,1.0,1.0
PENNSYLVANIA,Elizabeth Township,17011.0,22.0,1.0,5.0,4.0,12.0,87.0,11.0,74.0,2.0,2.0
PENNSYLVANIA,Elkland,1779.0,1.0,0.0,0.0,0.0,1.0,32.0,0.0,31.0,1.0,0.0
PENNSYLVANIA,Ellwood City,7398.0,7.0,1.0,0.0,0.0,6.0,60.0,1.0,57.0,2.0,0.0
PENNSYLVANIA,Emlenton Borough,598.0,0.0,0.0,0.0,0.0,0.0,3.0,0.0,3.0,0.0,0.0
PENNSYLVANIA,Emmaus,12146.0,9.0,0.0,0.0,0.0,9.0,106.0,7.0,94.0,5.0,0.0
PENNSYLVANIA,Emporium,1836.0,0.0,0.0,0.0,0.0,0.0,23.0,1.0,21.0,1.0,0.0
PENNSYLVANIA,Ephrata,34010.0,10.0,0.0,3.0,1.0,6.0,307.0,10.0,291.0,6.0,2.0
PENNSYLVANIA,Erie,92379.0,347.0,5.0,38.0,62.0,242.0,1782.0,180.0,1520.0,82.0,20.0
PENNSYLVANIA,Etna,3269.0,4.0,0.0,1.0,0.0,3.0,19.0,1.0,18.0,0.0,0.0
PENNSYLVANIA,Everett,1740.0,0.0,0.0,0.0,0.0,0.0,5.0,1.0,4.0,0.0,0.0
PENNSYLVANIA,Everson,731.0,0.0,0.0,0.0,0.0,0.0,0.0,0.0,0.0,0.0,0.0
PENNSYLVANIA,"Exeter Township, Berks County",25633.0,23.0,0.0,3.0,3.0,17.0,401.0,11.0,377.0,13.0,0.0
PENNSYLVANIA,"Fairview Township, Luzerne County",4728.0,1.0,0.0,0.0,0.0,1.0,13.0,2.0,10.0,1.0,0.0
PENNSYLVANIA,"Fairview Township, York County",17752.0,28.0,0.0,1.0,3.0,24.0,116.0,12.0,97.0,7.0,0.0
PENNSYLVANIA,Farrell,4129.0,54.0,2.0,11.0,5.0,36.0,51.0,16.0,32.0,3.0,1.0
PENNSYLVANIA,Fawn Township,2101.0,1.0,0.0,0.0,0.0,1.0,6.0,0.0,5.0,1.0,0.0
PENNSYLVANIA,Ferguson Township,18949.0,13.0,0.0,8.0,2.0,3.0,85.0,11.0,72.0,2.0,1.0
PENNSYLVANIA,Findlay Township,6592.0,1.0,0.0,0.0,0.0,1.0,30.0,2.0,25.0,3.0,0.0
PENNSYLVANIA,Fleetwood,4046.0,9.0,0.0,2.0,1.0,6.0,47.0,4.0,41.0,2.0,0.0
PENNSYLVANIA,Folcroft,6717.0,36.0,2.0,1.0,0.0,33.0,152.0,4.0,135.0,13.0,0.0
PENNSYLVANIA,Forest City,8384.0,1.0,0.0,0.0,0.0,1.0,6.0,0.0,3.0,3.0,0.0
PENNSYLVANIA,Forest Hills,6825.0,7.0,0.0,0.0,2.0,5.0,55.0,5.0,44.0,6.0,0.0
PENNSYLVANIA,Forks Township,16568.0,3.0,0.0,0.0,1.0,2.0,94.0,2.0,86.0,6.0,0.0
PENNSYLVANIA,Forty Fort,4233.0,0.0,0.0,0.0,0.0,0.0,4.0,0.0,4.0,0.0,0.0
PENNSYLVANIA,"Foster Township, McKean County",3861.0,2.0,0.0,1.0,1.0,0.0,46.0,0.0,46.0,0.0,1.0
PENNSYLVANIA,"Foster Township, Schuylkill County",246.0,0.0,0.0,0.0,0.0,0.0,3.0,1.0,2.0,0.0,0.0
PENNSYLVANIA,Fountain Hill,4789.0,4.0,0.0,0.0,0.0,4.0,36.0,5.0,30.0,1.0,0.0
PENNSYLVANIA,Fox Chapel,5129.0,0.0,0.0,0.0,0.0,0.0,15.0,4.0,10.0,1.0,0.0
PENNSYLVANIA,Frackville,4475.0,2.0,0.0,0.0,0.0,2.0,26.0,2.0,21.0,3.0,0.0
PENNSYLVANIA,Franconia Township,13488.0,2.0,0.0,0.0,0.0,2.0,53.0,3.0,43.0,7.0,0.0
PENNSYLVANIA,Franklin,5893.0,7.0,0.0,1.0,1.0,5.0,125.0,20.0,105.0,0.0,0.0
PENNSYLVANIA,Franklin Park,14871.0,11.0,0.0,7.0,1.0,3.0,32.0,2.0,30.0,0.0,0.0
PENNSYLVANIA,"Franklin Township, Beaver County",3806.0,0.0,0.0,0.0,0.0,0.0,20.0,0.0,20.0,0.0,0.0
PENNSYLVANIA,"Franklin Township, Carbon County",4420.0,6.0,0.0,2.0,1.0,3.0,47.0,9.0,35.0,3.0,0.0
PENNSYLVANIA,Frazer Township,1253.0,2.0,0.0,0.0,0.0,2.0,218.0,1.0,217.0,0.0,0.0
PENNSYLVANIA,Freedom Township,2934.0,0.0,0.0,0.0,0.0,0.0,43.0,2.0,41.0,0.0,0.0
PENNSYLVANIA,Freemansburg,2903.0,0.0,0.0,0.0,0.0,0.0,3.0,0.0,3.0,0.0,0.0
PENNSYLVANIA,Gaines Township,603.0,2.0,0.0,0.0,0.0,2.0,2.0,0.0,2.0,0.0,0.0
PENNSYLVANIA,Galeton,950.0,0.0,0.0,0.0,0.0,0.0,8.0,0.0,8.0,0.0,0.0
PENNSYLVANIA,Gallitzin,1681.0,0.0,0.0,0.0,0.0,0.0,1.0,0.0,1.0,0.0,0.0
PENNSYLVANIA,Gallitzin Township,1251.0,1.0,0.0,0.0,0.0,1.0,0.0,0.0,0.0,0.0,0.0
PENNSYLVANIA,Geistown,2285.0,0.0,0.0,0.0,0.0,0.0,12.0,0.0,12.0,0.0,0.0
PENNSYLVANIA,German Township,8421.0,13.0,0.0,0.0,0.0,13.0,6.0,0.0,5.0,1.0,0.0
PENNSYLVANIA,Gettysburg,9011.0,13.0,0.0,5.0,1.0,7.0,57.0,7.0,50.0,0.0,0.0
PENNSYLVANIA,Girard,2930.0,3.0,0.0,0.0,0.0,3.0,18.0,4.0,14.0,0.0,1.0
PENNSYLVANIA,Glassport,4248.0,16.0,0.0,0.0,4.0,12.0,60.0,6.0,51.0,3.0,0.0
PENNSYLVANIA,Glenolden,7151.0,8.0,0.0,3.0,0.0,5.0,156.0,4.0,140.0,12.0,0.0
PENNSYLVANIA,Granville Township,4564.0,0.0,0.0,0.0,0.0,0.0,102.0,3.0,98.0,1.0,0.0
PENNSYLVANIA,Great Bend,1790.0,1.0,0.0,0.0,0.0,1.0,4.0,1.0,3.0,0.0,0.0
PENNSYLVANIA,Greenfield Township,2276.0,0.0,0.0,0.0,0.0,0.0,12.0,2.0,9.0,1.0,0.0
PENNSYLVANIA,"Greenfield Township, Blair County",3668.0,5.0,0.0,2.0,0.0,3.0,17.0,5.0,12.0,0.0,0.0
PENNSYLVANIA,Greensburg,14504.0,39.0,0.0,1.0,3.0,35.0,93.0,7.0,80.0,6.0,0.0
PENNSYLVANIA,Green Tree,4698.0,1.0,0.0,0.0,1.0,0.0,14.0,1.0,12.0,1.0,0.0
PENNSYLVANIA,Greenville,5468.0,20.0,0.0,0.0,3.0,17.0,52.0,9.0,37.0,6.0,0.0
PENNSYLVANIA,Grove City,7747.0,13.0,0.0,3.0,0.0,10.0,38.0,1.0,36.0,1.0,0.0
PENNSYLVANIA,Halifax,808.0,0.0,0.0,0.0,0.0,0.0,0.0,0.0,0.0,0.0,0.0
PENNSYLVANIA,Hamburg,4537.0,13.0,0.0,4.0,1.0,8.0,58.0,10.0,44.0,4.0,0.0
PENNSYLVANIA,Hampden Township,35576.0,8.0,0.0,3.0,0.0,5.0,85.0,5.0,78.0,2.0,1.0
PENNSYLVANIA,Hampton Township,17771.0,2.0,0.0,0.0,0.0,2.0,62.0,5.0,56.0,1.0,0.0
PENNSYLVANIA,Hanover,16616.0,18.0,0.0,0.0,1.0,17.0,417.0,8.0,385.0,24.0,3.0
PENNSYLVANIA,"Hanover Township, Luzerne County",11534.0,29.0,0.0,1.0,3.0,25.0,94.0,10.0,77.0,7.0,1.0
PENNSYLVANIA,"Hanover Township, Washington County",2392.0,0.0,0.0,0.0,0.0,0.0,6.0,1.0,5.0,0.0,0.0
PENNSYLVANIA,Harmar Township,2990.0,4.0,0.0,3.0,1.0,0.0,68.0,0.0,63.0,5.0,0.0
PENNSYLVANIA,Harmony Township,3096.0,5.0,0.0,1.0,1.0,3.0,15.0,1.0,11.0,3.0,0.0
PENNSYLVANIA,Harrisburg,49985.0,381.0,15.0,27.0,82.0,257.0,996.0,167.0,586.0,243.0,3.0
PENNSYLVANIA,Harrison Township,9671.0,10.0,1.0,0.0,0.0,9.0,66.0,10.0,52.0,4.0,1.0
PENNSYLVANIA,Harrisville,793.0,0.0,0.0,0.0,0.0,0.0,0.0,0.0,0.0,0.0,0.0
PENNSYLVANIA,Harveys Lake,2826.0,1.0,0.0,0.0,0.0,1.0,2.0,1.0,1.0,0.0,0.0
PENNSYLVANIA,Hastings,2194.0,3.0,0.0,2.0,0.0,1.0,8.0,0.0,7.0,1.0,0.0
PENNSYLVANIA,Hatboro,8265.0,6.0,1.0,3.0,1.0,1.0,42.0,2.0,38.0,2.0,0.0
PENNSYLVANIA,Hatfield Township,19225.0,13.0,0.0,1.0,0.0,12.0,157.0,8.0,138.0,11.0,0.0
PENNSYLVANIA,Haverford Township,50544.0,11.0,0.0,1.0,2.0,8.0,519.0,14.0,465.0,40.0,0.0
PENNSYLVANIA,Hawley,1221.0,1.0,0.0,1.0,0.0,0.0,1.0,0.0,1.0,0.0,0.0
PENNSYLVANIA,Hazleton,30079.0,70.0,0.0,4.0,11.0,55.0,148.0,30.0,90.0,28.0,1.0
PENNSYLVANIA,Hegins Township,3350.0,0.0,0.0,0.0,0.0,0.0,2.0,0.0,2.0,0.0,0.0
PENNSYLVANIA,Heidelberg,1224.0,0.0,0.0,0.0,0.0,0.0,2.0,1.0,0.0,1.0,0.0
PENNSYLVANIA,Hellam Township,10944.0,11.0,0.0,0.0,2.0,9.0,31.0,4.0,21.0,6.0,0.0
PENNSYLVANIA,Hellertown,6115.0,7.0,0.0,0.0,0.0,7.0,36.0,8.0,28.0,0.0,0.0
PENNSYLVANIA,Hemlock Township,4788.0,0.0,0.0,0.0,0.0,0.0,144.0,4.0,135.0,5.0,1.0
PENNSYLVANIA,"Hempfield Township, Mercer County",3626.0,27.0,0.0,2.0,0.0,25.0,76.0,5.0,71.0,0.0,0.0
PENNSYLVANIA,Hermitage,16941.0,16.0,0.0,3.0,3.0,10.0,217.0,22.0,191.0,4.0,5.0
PENNSYLVANIA,Highspire,2704.0,8.0,0.0,0.0,1.0,7.0,40.0,1.0,39.0,0.0,0.0
PENNSYLVANIA,Hilltown Township,17863.0,6.0,0.0,1.0,0.0,5.0,129.0,7.0,115.0,7.0,0.0
PENNSYLVANIA,Hollidaysburg,5463.0,5.0,0.0,0.0,0.0,5.0,30.0,5.0,25.0,0.0,0.0
PENNSYLVANIA,Homer City,1713.0,0.0,0.0,0.0,0.0,0.0,0.0,0.0,0.0,0.0,0.0
PENNSYLVANIA,Homestead,2844.0,22.0,2.0,1.0,3.0,16.0,252.0,7.0,237.0,8.0,2.0
PENNSYLVANIA,Honesdale,4427.0,10.0,0.0,0.0,0.0,10.0,33.0,8.0,24.0,1.0,0.0
PENNSYLVANIA,Honey Brook,1901.0,0.0,0.0,0.0,0.0,0.0,8.0,2.0,6.0,0.0,0.0
PENNSYLVANIA,Hooversville,604.0,0.0,0.0,0.0,0.0,0.0,2.0,1.0,1.0,0.0,0.0
PENNSYLVANIA,Hopewell Township,13248.0,8.0,0.0,3.0,1.0,4.0,61.0,3.0,57.0,1.0,0.0
PENNSYLVANIA,Horsham Township,27268.0,7.0,0.0,1.0,1.0,5.0,228.0,17.0,194.0,17.0,1.0
PENNSYLVANIA,Hughestown,1347.0,0.0,0.0,0.0,0.0,0.0,7.0,0.0,7.0,0.0,0.0
PENNSYLVANIA,Hughesville,2104.0,2.0,0.0,1.0,0.0,1.0,9.0,0.0,9.0,0.0,0.0
PENNSYLVANIA,Hulmeville ,980.0,0.0,0.0,0.0,0.0,0.0,0.0,0.0,0.0,0.0,0.0
PENNSYLVANIA,Hummelstown,4493.0,22.0,0.0,0.0,0.0,22.0,28.0,0.0,28.0,0.0,0.0
PENNSYLVANIA,Huntingdon,6928.0,3.0,0.0,0.0,0.0,3.0,48.0,3.0,43.0,2.0,0.0
PENNSYLVANIA,"Independence Township, Beaver County",2203.0,2.0,0.0,0.0,0.0,2.0,8.0,0.0,7.0,1.0,0.0
PENNSYLVANIA,Indiana,14378.0,12.0,1.0,5.0,0.0,6.0,111.0,16.0,95.0,0.0,0.0
PENNSYLVANIA,Indiana Township,7284.0,4.0,0.0,0.0,0.0,4.0,9.0,1.0,8.0,0.0,0.0
PENNSYLVANIA,Indian Lake,389.0,0.0,0.0,0.0,0.0,0.0,0.0,0.0,0.0,0.0,0.0
PENNSYLVANIA,Ingram,3219.0,1.0,0.0,0.0,1.0,0.0,35.0,1.0,24.0,10.0,0.0
PENNSYLVANIA,Irwin,4602.0,2.0,0.0,0.0,0.0,2.0,4.0,1.0,3.0,0.0,0.0
PENNSYLVANIA,Ivyland,945.0,0.0,0.0,0.0,0.0,0.0,0.0,0.0,0.0,0.0,0.0
PENNSYLVANIA,"Jackson Township, Butler County",6046.0,11.0,0.0,0.0,0.0,11.0,10.0,3.0,7.0,0.0,0.0
PENNSYLVANIA,"Jackson Township, Cambria County",4117.0,0.0,0.0,0.0,0.0,0.0,3.0,0.0,3.0,0.0,0.0
PENNSYLVANIA,"Jackson Township, Luzerne County",4523.0,0.0,0.0,0.0,0.0,0.0,3.0,0.0,3.0,0.0,0.0
PENNSYLVANIA,Jeannette,8534.0,47.0,0.0,1.0,0.0,46.0,52.0,6.0,46.0,0.0,0.0
PENNSYLVANIA,Jefferson Hills Borough,12096.0,19.0,0.0,0.0,1.0,18.0,68.0,2.0,61.0,5.0,1.0
PENNSYLVANIA,"Jefferson Township, Lackawanna County",3890.0,0.0,0.0,0.0,0.0,0.0,0.0,0.0,0.0,0.0,0.0
PENNSYLVANIA,"Jefferson Township, Mercer County",1852.0,0.0,0.0,0.0,0.0,0.0,5.0,0.0,5.0,0.0,0.0
PENNSYLVANIA,"Jefferson Township, Washington County",1115.0,0.0,0.0,0.0,0.0,0.0,0.0,0.0,0.0,0.0,0.0
PENNSYLVANIA,Jenkintown,4693.0,6.0,0.0,0.0,2.0,4.0,47.0,1.0,40.0,6.0,0.0
PENNSYLVANIA,Jennerstown,662.0,0.0,0.0,0.0,0.0,0.0,0.0,0.0,0.0,0.0,0.0
PENNSYLVANIA,Jermyn,2128.0,1.0,0.0,0.0,0.0,1.0,2.0,0.0,2.0,0.0,0.0
PENNSYLVANIA,Jessup,4480.0,7.0,1.0,2.0,0.0,4.0,12.0,1.0,11.0,0.0,0.0
PENNSYLVANIA,Jim Thorpe,4538.0,11.0,0.0,0.0,0.0,11.0,40.0,3.0,36.0,1.0,0.0
PENNSYLVANIA,Johnsonburg,2305.0,0.0,0.0,0.0,0.0,0.0,33.0,5.0,26.0,2.0,0.0
PENNSYLVANIA,Johnstown,20120.0,118.0,6.0,10.0,27.0,75.0,530.0,92.0,407.0,31.0,5.0
PENNSYLVANIA,Kane,3458.0,0.0,0.0,0.0,0.0,0.0,33.0,10.0,23.0,0.0,0.0
PENNSYLVANIA,Kennedy Township,8351.0,30.0,0.0,2.0,3.0,25.0,146.0,3.0,134.0,9.0,0.0
PENNSYLVANIA,Kennett Square,6731.0,17.0,0.0,0.0,1.0,16.0,31.0,4.0,27.0,0.0,0.0
PENNSYLVANIA,Kennett Township,9455.0,3.0,0.0,0.0,0.0,3.0,16.0,0.0,15.0,1.0,1.0
PENNSYLVANIA,Kidder Township,1853.0,3.0,0.0,0.0,0.0,3.0,2.0,0.0,2.0,0.0,0.0
PENNSYLVANIA,Kingston,14233.0,20.0,0.0,1.0,2.0,17.0,207.0,11.0,184.0,12.0,1.0
PENNSYLVANIA,Kingston Township,7136.0,1.0,0.0,1.0,0.0,0.0,16.0,2.0,13.0,1.0,3.0
PENNSYLVANIA,Kiskiminetas Township,5700.0,1.0,0.0,0.0,0.0,1.0,30.0,3.0,25.0,2.0,1.0
PENNSYLVANIA,Kittanning,3877.0,7.0,0.0,0.0,0.0,7.0,22.0,9.0,12.0,1.0,1.0
PENNSYLVANIA,Kline Township,1478.0,0.0,0.0,0.0,0.0,0.0,43.0,3.0,39.0,1.0,0.0
PENNSYLVANIA,Knox,1069.0,0.0,0.0,0.0,0.0,0.0,5.0,1.0,4.0,0.0,0.0
PENNSYLVANIA,Koppel,692.0,0.0,0.0,0.0,0.0,0.0,6.0,2.0,4.0,0.0,0.0
PENNSYLVANIA,Kulpmont,2685.0,1.0,0.0,1.0,0.0,0.0,36.0,7.0,29.0,0.0,2.0
PENNSYLVANIA,Kutztown,4166.0,7.0,0.0,2.0,1.0,4.0,20.0,2.0,17.0,1.0,0.0
PENNSYLVANIA,"Lancaster Township, Butler County",3662.0,0.0,0.0,0.0,0.0,0.0,2.0,0.0,2.0,0.0,0.0
PENNSYLVANIA,Lanesboro,492.0,0.0,0.0,0.0,0.0,0.0,0.0,0.0,0.0,0.0,0.0
PENNSYLVANIA,Langhorne Manor ,1488.0,0.0,0.0,0.0,0.0,0.0,0.0,0.0,0.0,0.0,0.0
PENNSYLVANIA,Lansdale,19027.0,18.0,0.0,1.0,9.0,8.0,192.0,11.0,171.0,10.0,0.0
PENNSYLVANIA,Lansdowne,11071.0,15.0,1.0,0.0,4.0,10.0,178.0,12.0,146.0,20.0,1.0
PENNSYLVANIA,Larksville,4264.0,1.0,0.0,0.0,0.0,1.0,9.0,1.0,7.0,1.0,0.0
PENNSYLVANIA,Latimore Township,2699.0,0.0,0.0,0.0,0.0,0.0,8.0,0.0,7.0,1.0,0.0
PENNSYLVANIA,Latrobe,7877.0,13.0,1.0,0.0,1.0,11.0,59.0,7.0,45.0,7.0,0.0
PENNSYLVANIA,Laureldale,4292.0,5.0,0.0,0.0,1.0,4.0,34.0,4.0,23.0,7.0,0.0
PENNSYLVANIA,Lawrence Park Township,3713.0,8.0,0.0,0.0,0.0,8.0,6.0,2.0,3.0,1.0,0.0
PENNSYLVANIA,"Lawrence Township, Tioga County",2144.0,2.0,0.0,0.0,0.0,2.0,24.0,3.0,17.0,4.0,0.0
PENNSYLVANIA,Lebanon,26241.0,40.0,0.0,5.0,8.0,27.0,295.0,36.0,235.0,24.0,0.0
PENNSYLVANIA,Leechburg,2073.0,2.0,0.0,2.0,0.0,0.0,13.0,1.0,11.0,1.0,0.0
PENNSYLVANIA,Leetsdale,1112.0,0.0,0.0,0.0,0.0,0.0,16.0,2.0,13.0,1.0,0.0
PENNSYLVANIA,Leet Township,1547.0,2.0,0.0,0.0,0.0,2.0,4.0,1.0,3.0,0.0,0.0
PENNSYLVANIA,Lehighton,5259.0,8.0,0.0,3.0,3.0,2.0,61.0,6.0,50.0,5.0,1.0
PENNSYLVANIA,Lehigh Township,1871.0,0.0,0.0,0.0,0.0,0.0,6.0,2.0,3.0,1.0,0.0
PENNSYLVANIA,"Lehigh Township, Northampton County",10731.0,5.0,0.0,0.0,0.0,5.0,49.0,9.0,37.0,3.0,0.0
PENNSYLVANIA,Lehman Township,3428.0,5.0,0.0,0.0,0.0,5.0,12.0,1.0,9.0,2.0,1.0
PENNSYLVANIA,Ligonier Valley Regional,7559.0,5.0,0.0,0.0,0.0,5.0,33.0,3.0,29.0,1.0,0.0
PENNSYLVANIA,Linesville,936.0,1.0,1.0,0.0,0.0,0.0,6.0,1.0,5.0,0.0,0.0
PENNSYLVANIA,Lititz,9820.0,1.0,0.0,0.0,0.0,1.0,43.0,1.0,40.0,2.0,0.0
PENNSYLVANIA,Little Beaver Township ,1195.0,0.0,0.0,0.0,0.0,0.0,0.0,0.0,0.0,0.0,0.0
PENNSYLVANIA,Littlestown,4893.0,2.0,0.0,1.0,0.0,1.0,34.0,2.0,32.0,0.0,0.0
PENNSYLVANIA,Lock Haven,8586.0,24.0,0.0,4.0,1.0,19.0,132.0,19.0,109.0,4.0,0.0
PENNSYLVANIA,Locust Township,2010.0,0.0,0.0,0.0,0.0,0.0,3.0,0.0,3.0,0.0,1.0
PENNSYLVANIA,Logan Township,12101.0,0.0,0.0,0.0,0.0,0.0,168.0,10.0,152.0,6.0,1.0
PENNSYLVANIA,Loretto,1161.0,0.0,0.0,0.0,0.0,0.0,0.0,0.0,0.0,0.0,0.0
PENNSYLVANIA,Lower Allen Township,20469.0,16.0,0.0,8.0,1.0,7.0,308.0,17.0,289.0,2.0,2.0
PENNSYLVANIA,Lower Burrell,11502.0,10.0,0.0,0.0,0.0,10.0,27.0,3.0,21.0,3.0,1.0
PENNSYLVANIA,Lower Chichester Township,3366.0,15.0,0.0,0.0,0.0,15.0,90.0,6.0,73.0,11.0,1.0
PENNSYLVANIA,Lower Frederick Township,4925.0,2.0,0.0,1.0,0.0,1.0,19.0,0.0,16.0,3.0,0.0
PENNSYLVANIA,Lower Gwynedd Township,12255.0,9.0,0.0,0.0,0.0,9.0,164.0,7.0,154.0,3.0,0.0
PENNSYLVANIA,Lower Heidelberg Township,6784.0,1.0,0.0,0.0,1.0,0.0,15.0,2.0,12.0,1.0,0.0
PENNSYLVANIA,Lower Makefield Township,33400.0,10.0,1.0,0.0,0.0,9.0,191.0,18.0,151.0,22.0,1.0
PENNSYLVANIA,Lower Merion Township,64290.0,46.0,2.0,1.0,13.0,30.0,1156.0,47.0,996.0,113.0,0.0
PENNSYLVANIA,Lower Moreland Township,14124.0,12.0,1.0,1.0,3.0,7.0,110.0,7.0,93.0,10.0,1.0
PENNSYLVANIA,Lower Pottsgrove Township,12891.0,14.0,0.0,0.0,3.0,11.0,166.0,8.0,150.0,8.0,1.0
PENNSYLVANIA,Lower Providence Township,25975.0,7.0,0.0,0.0,2.0,5.0,142.0,20.0,111.0,11.0,0.0
PENNSYLVANIA,Lower Salford Township,16255.0,3.0,0.0,0.0,1.0,2.0,59.0,2.0,55.0,2.0,0.0
PENNSYLVANIA,Lower Saucon Township,11003.0,12.0,0.0,0.0,0.0,12.0,71.0,9.0,62.0,0.0,1.0
PENNSYLVANIA,Lower Southampton Township,20374.0,12.0,0.0,1.0,7.0,4.0,227.0,11.0,201.0,15.0,1.0
PENNSYLVANIA,Lower Swatara Township,9885.0,15.0,0.0,0.0,0.0,15.0,39.0,3.0,36.0,0.0,0.0
PENNSYLVANIA,Lower Windsor Township,7598.0,10.0,0.0,1.0,2.0,7.0,36.0,3.0,32.0,1.0,0.0
PENNSYLVANIA,Luzerne,2729.0,3.0,0.0,1.0,0.0,2.0,27.0,4.0,19.0,4.0,0.0
PENNSYLVANIA,Luzerne Township,5127.0,0.0,0.0,0.0,0.0,0.0,0.0,0.0,0.0,0.0,0.0
PENNSYLVANIA,Macungie,3266.0,4.0,0.0,0.0,0.0,4.0,0.0,0.0,0.0,0.0,0.0
PENNSYLVANIA,Mahanoy City,3527.0,22.0,0.0,1.0,1.0,20.0,73.0,22.0,50.0,1.0,0.0
PENNSYLVANIA,"Mahoning Township, Carbon County",4324.0,3.0,0.0,1.0,0.0,2.0,115.0,5.0,106.0,4.0,0.0
PENNSYLVANIA,"Mahoning Township, Lawrence County",2624.0,1.0,0.0,0.0,0.0,1.0,0.0,0.0,0.0,0.0,0.0
PENNSYLVANIA,"Mahoning Township, Montour County",4427.0,8.0,0.0,1.0,0.0,7.0,15.0,1.0,14.0,0.0,0.0
PENNSYLVANIA,Main Township,1278.0,0.0,0.0,0.0,0.0,0.0,2.0,0.0,2.0,0.0,0.0
PENNSYLVANIA,Malvern,3427.0,1.0,0.0,0.0,0.0,1.0,7.0,1.0,6.0,0.0,0.0
PENNSYLVANIA,Manheim,4980.0,14.0,0.0,1.0,2.0,11.0,57.0,11.0,35.0,11.0,0.0
PENNSYLVANIA,Manheim Township,63061.0,47.0,0.0,3.0,6.0,38.0,436.0,23.0,403.0,10.0,2.0
PENNSYLVANIA,Manor,3502.0,1.0,0.0,0.0,0.0,1.0,1.0,0.0,1.0,0.0,0.0
PENNSYLVANIA,"Manor Township, Armstrong County",5111.0,2.0,0.0,1.0,0.0,1.0,17.0,3.0,12.0,2.0,0.0
PENNSYLVANIA,"Manor Township, Lancaster County",22068.0,21.0,0.0,4.0,4.0,13.0,56.0,10.0,40.0,6.0,0.0
PENNSYLVANIA,Mansfield,3138.0,0.0,0.0,0.0,0.0,0.0,8.0,1.0,7.0,0.0,0.0
PENNSYLVANIA,Marcus Hook,2425.0,7.0,0.0,1.0,0.0,6.0,29.0,5.0,21.0,3.0,2.0
PENNSYLVANIA,Marlborough Township,3531.0,0.0,0.0,0.0,0.0,0.0,24.0,4.0,20.0,0.0,0.0
PENNSYLVANIA,Marple Township,24044.0,7.0,0.0,0.0,2.0,5.0,250.0,5.0,235.0,10.0,0.0
PENNSYLVANIA,Mars,1413.0,0.0,0.0,0.0,0.0,0.0,0.0,0.0,0.0,0.0,0.0
PENNSYLVANIA,Martinsburg,1815.0,0.0,0.0,0.0,0.0,0.0,1.0,0.0,1.0,0.0,0.0
PENNSYLVANIA,Marysville,2679.0,3.0,0.0,0.0,0.0,3.0,6.0,0.0,6.0,0.0,0.0
PENNSYLVANIA,Masontown,3123.0,13.0,0.0,0.0,0.0,13.0,30.0,1.0,29.0,0.0,1.0
PENNSYLVANIA,Mayfield,1762.0,0.0,0.0,0.0,0.0,0.0,0.0,0.0,0.0,0.0,0.0
PENNSYLVANIA,McCandless,28350.0,31.0,0.0,1.0,0.0,30.0,197.0,6.0,188.0,3.0,0.0
PENNSYLVANIA,McKeesport,18480.0,313.0,6.0,6.0,30.0,271.0,474.0,109.0,309.0,56.0,10.0
PENNSYLVANIA,McSherrystown,3145.0,7.0,0.0,0.0,1.0,6.0,27.0,4.0,23.0,0.0,0.0
PENNSYLVANIA,Meadville,17363.0,70.0,0.0,0.0,3.0,67.0,266.0,21.0,234.0,11.0,0.0
PENNSYLVANIA,Mechanicsburg,10111.0,6.0,0.0,1.0,0.0,5.0,129.0,17.0,105.0,7.0,1.0
PENNSYLVANIA,Media,5853.0,12.0,0.0,0.0,2.0,10.0,93.0,6.0,83.0,4.0,1.0
PENNSYLVANIA,Mercer,1917.0,1.0,0.0,0.0,0.0,1.0,29.0,1.0,28.0,0.0,0.0
PENNSYLVANIA,Meshoppen,1216.0,5.0,0.0,0.0,0.0,5.0,19.0,5.0,14.0,0.0,0.0
PENNSYLVANIA,Meyersdale,1999.0,0.0,0.0,0.0,0.0,0.0,0.0,0.0,0.0,0.0,0.0
PENNSYLVANIA,Middleburg,1316.0,9.0,0.0,0.0,1.0,8.0,10.0,3.0,7.0,0.0,0.0
PENNSYLVANIA,"Middlesex Township, Butler County",7545.0,0.0,0.0,0.0,0.0,0.0,18.0,0.0,18.0,0.0,0.0
PENNSYLVANIA,"Middlesex Township, Cumberland County",7230.0,16.0,0.0,6.0,1.0,9.0,84.0,3.0,76.0,5.0,0.0
PENNSYLVANIA,Middletown,9629.0,24.0,0.0,0.0,1.0,23.0,51.0,3.0,48.0,0.0,1.0
PENNSYLVANIA,Middletown Township,45516.0,7.0,1.0,1.0,2.0,3.0,204.0,6.0,159.0,39.0,1.0
PENNSYLVANIA,Midland,2357.0,3.0,0.0,0.0,0.0,3.0,24.0,7.0,16.0,1.0,0.0
PENNSYLVANIA,Mifflinburg,3430.0,5.0,0.0,1.0,0.0,4.0,19.0,5.0,14.0,0.0,1.0
PENNSYLVANIA,Mifflin County Regional,17029.0,29.0,0.0,5.0,0.0,24.0,109.0,11.0,95.0,3.0,0.0
PENNSYLVANIA,Milford,1136.0,0.0,0.0,0.0,0.0,0.0,12.0,0.0,12.0,0.0,0.0
PENNSYLVANIA,Millbourne,1198.0,9.0,0.0,0.0,4.0,5.0,28.0,4.0,22.0,2.0,0.0
PENNSYLVANIA,"Millcreek Township, Erie County",52803.0,91.0,0.0,6.0,6.0,79.0,371.0,32.0,326.0,13.0,1.0
PENNSYLVANIA,"Millcreek Township, Lebanon County",5894.0,0.0,0.0,0.0,0.0,0.0,13.0,2.0,11.0,0.0,0.0
PENNSYLVANIA,Millersburg,2515.0,2.0,0.0,0.0,0.0,2.0,12.0,1.0,11.0,0.0,0.0
PENNSYLVANIA,Millersville,9785.0,1.0,0.0,0.0,0.0,1.0,46.0,1.0,43.0,2.0,0.0
PENNSYLVANIA,Mill Hall,5129.0,2.0,0.0,2.0,0.0,0.0,0.0,0.0,0.0,0.0,0.0
PENNSYLVANIA,Millvale,3212.0,6.0,0.0,0.0,0.0,6.0,19.0,2.0,17.0,0.0,0.0
PENNSYLVANIA,Milton,6458.0,17.0,0.0,5.0,0.0,12.0,83.0,16.0,67.0,0.0,2.0
PENNSYLVANIA,Minersville,4408.0,10.0,0.0,0.0,0.0,10.0,11.0,3.0,8.0,0.0,0.0
PENNSYLVANIA,Mohnton,2916.0,1.0,0.0,1.0,0.0,0.0,9.0,0.0,8.0,1.0,0.0
PENNSYLVANIA,Monaca,5447.0,7.0,0.0,1.0,0.0,6.0,40.0,6.0,29.0,5.0,0.0
PENNSYLVANIA,Monessen,6678.0,71.0,0.0,0.0,6.0,65.0,134.0,27.0,95.0,12.0,1.0
PENNSYLVANIA,Monongahela,11507.0,38.0,2.0,0.0,1.0,35.0,28.0,9.0,15.0,4.0,3.0
PENNSYLVANIA,Monroeville,27753.0,34.0,0.0,1.0,6.0,27.0,671.0,27.0,597.0,47.0,3.0
PENNSYLVANIA,Montgomery Township,26069.0,18.0,1.0,0.0,5.0,12.0,408.0,12.0,381.0,15.0,0.0
PENNSYLVANIA,Montoursville,4640.0,3.0,0.0,0.0,0.0,3.0,68.0,1.0,67.0,0.0,0.0
PENNSYLVANIA,Montour Township,2167.0,3.0,0.0,0.0,0.0,3.0,6.0,0.0,6.0,0.0,0.0
PENNSYLVANIA,Montrose,1274.0,0.0,0.0,0.0,0.0,0.0,0.0,0.0,0.0,0.0,0.0
PENNSYLVANIA,Moon Township,26389.0,20.0,1.0,5.0,1.0,13.0,158.0,12.0,138.0,8.0,0.0
PENNSYLVANIA,Moosic,5994.0,29.0,0.0,1.0,0.0,28.0,57.0,2.0,52.0,3.0,0.0
PENNSYLVANIA,Morrisville,9675.0,16.0,1.0,0.0,6.0,9.0,306.0,11.0,238.0,57.0,1.0
PENNSYLVANIA,Morton,2750.0,5.0,0.0,0.0,0.0,5.0,29.0,1.0,26.0,2.0,0.0
PENNSYLVANIA,Moscow,2015.0,0.0,0.0,0.0,0.0,0.0,15.0,0.0,15.0,0.0,0.0
PENNSYLVANIA,Mount Carmel,5605.0,12.0,0.0,0.0,1.0,11.0,57.0,15.0,40.0,2.0,1.0
PENNSYLVANIA,Mount Carmel Township,2437.0,0.0,0.0,0.0,0.0,0.0,6.0,2.0,4.0,0.0,1.0
PENNSYLVANIA,Mount Holly Springs,2016.0,0.0,0.0,0.0,0.0,0.0,1.0,0.0,1.0,0.0,0.0
PENNSYLVANIA,Mount Joy,8349.0,2.0,0.0,0.0,0.0,2.0,34.0,4.0,30.0,0.0,0.0
PENNSYLVANIA,Mount Lebanon,32585.0,20.0,0.0,10.0,3.0,7.0,201.0,10.0,182.0,9.0,2.0
PENNSYLVANIA,Mount Oliver,3221.0,30.0,1.0,2.0,6.0,21.0,100.0,9.0,79.0,12.0,1.0
PENNSYLVANIA,Mount Pleasant,4134.0,0.0,0.0,0.0,0.0,0.0,1.0,1.0,0.0,0.0,0.0
PENNSYLVANIA,Mount Pleasant Township,3349.0,6.0,1.0,1.0,0.0,4.0,12.0,3.0,9.0,0.0,0.0
PENNSYLVANIA,Mount Union,2242.0,2.0,0.0,0.0,0.0,2.0,3.0,0.0,3.0,0.0,0.0
PENNSYLVANIA,Muhlenberg Township,22172.0,14.0,0.0,0.0,3.0,11.0,355.0,18.0,313.0,24.0,1.0
PENNSYLVANIA,Muncy,2384.0,2.0,0.0,0.0,0.0,2.0,21.0,4.0,17.0,0.0,0.0
PENNSYLVANIA,Muncy Township,1186.0,1.0,0.0,0.0,0.0,1.0,22.0,1.0,20.0,1.0,0.0
PENNSYLVANIA,Munhall,10255.0,12.0,0.0,1.0,1.0,10.0,141.0,15.0,111.0,15.0,0.0
PENNSYLVANIA,Murrysville,20674.0,5.0,0.0,0.0,0.0,5.0,48.0,7.0,40.0,1.0,1.0
PENNSYLVANIA,Nanticoke,10616.0,28.0,1.0,4.0,4.0,19.0,156.0,33.0,107.0,16.0,2.0
PENNSYLVANIA,Nanty Glo,2419.0,0.0,0.0,0.0,0.0,0.0,3.0,0.0,3.0,0.0,0.0
PENNSYLVANIA,Narberth,4487.0,0.0,0.0,0.0,0.0,0.0,45.0,1.0,41.0,3.0,0.0
PENNSYLVANIA,Nazareth ,6068.0,3.0,0.0,0.0,0.0,3.0,43.0,4.0,37.0,2.0,0.0
PENNSYLVANIA,Neshannock Township,9614.0,1.0,0.0,0.0,1.0,0.0,20.0,5.0,13.0,2.0,0.0
PENNSYLVANIA,Nesquehoning,3346.0,2.0,0.0,0.0,0.0,2.0,29.0,3.0,26.0,0.0,0.0
PENNSYLVANIA,Nether Providence Township,14449.0,4.0,0.0,0.0,0.0,4.0,78.0,5.0,64.0,9.0,0.0
PENNSYLVANIA,New Beaver,1334.0,0.0,0.0,0.0,0.0,0.0,0.0,0.0,0.0,0.0,0.0
PENNSYLVANIA,New Berlin,782.0,0.0,0.0,0.0,0.0,0.0,0.0,0.0,0.0,0.0,0.0
PENNSYLVANIA,Newberry Township,16123.0,19.0,0.0,1.0,0.0,18.0,158.0,10.0,140.0,8.0,1.0
PENNSYLVANIA,New Britain Township,12260.0,4.0,0.0,1.0,0.0,3.0,62.0,2.0,59.0,1.0,0.0
PENNSYLVANIA,New Castle,21252.0,18.0,2.0,0.0,0.0,16.0,220.0,45.0,152.0,23.0,4.0
PENNSYLVANIA,New Cumberland,7560.0,4.0,0.0,3.0,0.0,1.0,33.0,5.0,23.0,5.0,0.0
PENNSYLVANIA,New Hanover Township,13694.0,5.0,0.0,2.0,0.0,3.0,45.0,10.0,31.0,4.0,3.0
PENNSYLVANIA,New Holland,12898.0,3.0,0.0,0.0,0.0,3.0,98.0,12.0,85.0,1.0,2.0
PENNSYLVANIA,New Hope,2637.0,4.0,0.0,0.0,0.0,4.0,41.0,1.0,39.0,1.0,1.0
PENNSYLVANIA,New Kensington,11832.0,54.0,1.0,3.0,8.0,42.0,284.0,44.0,220.0,20.0,1.0
PENNSYLVANIA,Newport Township,4467.0,5.0,0.0,0.0,1.0,4.0,3.0,0.0,1.0,2.0,0.0
PENNSYLVANIA,New Sewickley Township,6990.0,9.0,0.0,5.0,1.0,3.0,35.0,0.0,32.0,3.0,1.0
PENNSYLVANIA,Newtown,2255.0,0.0,0.0,0.0,0.0,0.0,8.0,0.0,7.0,1.0,0.0
PENNSYLVANIA,"Newtown Township, Bucks County",22933.0,7.0,0.0,0.0,1.0,6.0,120.0,11.0,101.0,8.0,0.0
PENNSYLVANIA,"Newtown Township, Delaware County",15345.0,4.0,0.0,0.0,1.0,3.0,53.0,0.0,49.0,4.0,0.0
PENNSYLVANIA,Newville,1389.0,0.0,0.0,0.0,0.0,0.0,5.0,0.0,5.0,0.0,0.0
PENNSYLVANIA,New Wilmington,2097.0,0.0,0.0,0.0,0.0,0.0,34.0,0.0,34.0,0.0,0.0
PENNSYLVANIA,Norristown,35764.0,161.0,3.0,7.0,77.0,74.0,701.0,74.0,437.0,190.0,8.0
PENNSYLVANIA,Northampton,10414.0,3.0,0.0,0.0,0.0,3.0,38.0,0.0,35.0,3.0,0.0
PENNSYLVANIA,Northampton Township,39879.0,8.0,1.0,1.0,0.0,6.0,117.0,8.0,96.0,13.0,2.0
PENNSYLVANIA,North Beaver ,3938.0,0.0,0.0,0.0,0.0,0.0,1.0,0.0,1.0,0.0,0.0
PENNSYLVANIA,North Belle Vernon,1819.0,0.0,0.0,0.0,0.0,0.0,14.0,3.0,11.0,0.0,0.0
PENNSYLVANIA,North Catasauqua,3030.0,0.0,0.0,0.0,0.0,0.0,16.0,3.0,11.0,2.0,0.0
PENNSYLVANIA,North Cornwall Township,9763.0,10.0,0.0,3.0,0.0,7.0,108.0,6.0,98.0,4.0,0.0
PENNSYLVANIA,North Coventry Township,8388.0,5.0,0.0,0.0,1.0,4.0,111.0,6.0,98.0,7.0,0.0
PENNSYLVANIA,"North East, Erie County",4025.0,9.0,0.0,0.0,1.0,8.0,36.0,5.0,28.0,3.0,0.0
PENNSYLVANIA,Northern Berks Regional,14165.0,8.0,0.0,3.0,1.0,4.0,83.0,13.0,62.0,8.0,0.0
PENNSYLVANIA,Northern Lancaster County Regional,41609.0,16.0,2.0,1.0,2.0,11.0,162.0,15.0,133.0,14.0,1.0
PENNSYLVANIA,Northern Regional,38548.0,16.0,1.0,5.0,1.0,9.0,117.0,8.0,104.0,5.0,0.0
PENNSYLVANIA,Northern York County Regional,90901.0,68.0,2.0,4.0,4.0,58.0,363.0,34.0,307.0,22.0,2.0
PENNSYLVANIA,North Fayette Township,15956.0,14.0,0.0,1.0,0.0,13.0,283.0,5.0,274.0,4.0,0.0
PENNSYLVANIA,North Hopewell Township,3348.0,0.0,0.0,0.0,0.0,0.0,9.0,2.0,7.0,0.0,0.0
PENNSYLVANIA,North Huntingdon Township,31761.0,12.0,0.0,1.0,0.0,11.0,259.0,9.0,240.0,10.0,1.0
PENNSYLVANIA,North Londonderry Township,8965.0,4.0,0.0,2.0,1.0,1.0,40.0,5.0,33.0,2.0,0.0
PENNSYLVANIA,North Middleton Township,12750.0,11.0,0.0,2.0,0.0,9.0,55.0,4.0,50.0,1.0,1.0
PENNSYLVANIA,North Sewickley Township,5414.0,2.0,0.0,0.0,0.0,2.0,6.0,1.0,5.0,0.0,0.0
PENNSYLVANIA,North Strabane Township,17077.0,11.0,0.0,0.0,3.0,8.0,45.0,5.0,36.0,4.0,0.0
PENNSYLVANIA,Northumberland,3817.0,6.0,0.0,3.0,0.0,3.0,42.0,4.0,35.0,3.0,1.0
PENNSYLVANIA,North Union Township,1420.0,0.0,0.0,0.0,0.0,0.0,0.0,0.0,0.0,0.0,0.0
PENNSYLVANIA,North Versailles Township,9587.0,13.0,0.0,1.0,4.0,8.0,153.0,19.0,121.0,13.0,1.0
PENNSYLVANIA,North Wales,3413.0,3.0,0.0,0.0,0.0,3.0,29.0,2.0,27.0,0.0,0.0
PENNSYLVANIA,Northwest Lancaster County Regional,19987.0,7.0,0.0,0.0,1.0,6.0,39.0,4.0,32.0,3.0,0.0
PENNSYLVANIA,North Woodbury,2396.0,0.0,0.0,0.0,0.0,0.0,1.0,0.0,1.0,0.0,0.0
PENNSYLVANIA,Norwood,5874.0,10.0,0.0,1.0,1.0,8.0,29.0,1.0,22.0,6.0,0.0
PENNSYLVANIA,Oakmont,6580.0,1.0,0.0,0.0,1.0,0.0,68.0,3.0,57.0,8.0,0.0
PENNSYLVANIA,O'Hara Township,8875.0,2.0,0.0,0.0,0.0,2.0,18.0,1.0,16.0,1.0,0.0
PENNSYLVANIA,Ohioville,3285.0,1.0,0.0,0.0,0.0,1.0,9.0,1.0,8.0,0.0,0.0
PENNSYLVANIA,Oil City,9303.0,11.0,0.0,3.0,0.0,8.0,73.0,3.0,67.0,3.0,1.0
PENNSYLVANIA,Old Forge,8654.0,12.0,0.0,0.0,1.0,11.0,43.0,5.0,33.0,5.0,0.0
PENNSYLVANIA,Olyphant,5382.0,2.0,0.0,1.0,0.0,1.0,20.0,5.0,14.0,1.0,1.0
PENNSYLVANIA,Orwigsburg,3004.0,1.0,0.0,0.0,0.0,1.0,23.0,1.0,21.0,1.0,0.0
PENNSYLVANIA,Osceola Township,575.0,0.0,0.0,0.0,0.0,0.0,0.0,0.0,0.0,0.0,0.0
PENNSYLVANIA,Otto Township,1457.0,0.0,0.0,0.0,0.0,0.0,8.0,2.0,5.0,1.0,0.0
PENNSYLVANIA,Oxford,5885.0,16.0,0.0,2.0,2.0,12.0,43.0,4.0,26.0,13.0,0.0
PENNSYLVANIA,Palmerton,5623.0,1.0,0.0,0.0,0.0,1.0,39.0,5.0,32.0,2.0,0.0
PENNSYLVANIA,Palmer Township,22423.0,9.0,0.0,2.0,1.0,6.0,297.0,14.0,270.0,13.0,0.0
PENNSYLVANIA,Parker,677.0,0.0,0.0,0.0,0.0,0.0,2.0,2.0,0.0,0.0,0.0
PENNSYLVANIA,Parkesburg,5210.0,5.0,0.0,0.0,2.0,3.0,3.0,0.0,2.0,1.0,1.0
PENNSYLVANIA,Parkside,2297.0,5.0,0.0,1.0,0.0,4.0,27.0,0.0,22.0,5.0,0.0
PENNSYLVANIA,Parks Township,2395.0,0.0,0.0,0.0,0.0,0.0,0.0,0.0,0.0,0.0,0.0
PENNSYLVANIA,Patterson Township,4316.0,3.0,0.0,0.0,0.0,3.0,10.0,1.0,9.0,0.0,0.0
PENNSYLVANIA,Patton Township,15645.0,9.0,0.0,6.0,0.0,3.0,183.0,3.0,179.0,1.0,2.0
PENNSYLVANIA,Penbrook,3234.0,13.0,0.0,1.0,1.0,11.0,28.0,2.0,17.0,9.0,0.0
PENNSYLVANIA,Penndel,2517.0,2.0,0.0,1.0,1.0,0.0,9.0,2.0,4.0,3.0,0.0
PENNSYLVANIA,Penn Hills,39203.0,145.0,1.0,23.0,17.0,104.0,413.0,53.0,292.0,68.0,8.0
PENNSYLVANIA,Pennridge Regional,11231.0,9.0,0.0,4.0,1.0,4.0,56.0,12.0,37.0,7.0,1.0
PENNSYLVANIA,"Penn Township, Butler County",4873.0,1.0,0.0,0.0,1.0,0.0,22.0,0.0,21.0,1.0,0.0
PENNSYLVANIA,"Penn Township, Westmoreland County",20744.0,3.0,0.0,0.0,0.0,3.0,6.0,1.0,4.0,1.0,0.0
PENNSYLVANIA,"Penn Township, York County",18414.0,50.0,0.0,0.0,10.0,40.0,187.0,7.0,168.0,12.0,2.0
PENNSYLVANIA,Perkasie,9323.0,12.0,0.0,1.0,0.0,11.0,54.0,7.0,44.0,3.0,0.0
PENNSYLVANIA,Perryopolis,1599.0,3.0,0.0,1.0,0.0,2.0,0.0,0.0,0.0,0.0,0.0
PENNSYLVANIA,Peters Township,23367.0,35.0,0.0,1.0,0.0,34.0,68.0,6.0,58.0,4.0,0.0
PENNSYLVANIA,Philadelphia,1549259.0,14078.0,262.0,714.0,4233.0,8869.0,70463.0,4942.0,49942.0,15579.0,723.0
PENNSYLVANIA,Phoenixville,20316.0,17.0,0.0,3.0,2.0,12.0,90.0,3.0,81.0,6.0,0.0
PENNSYLVANIA,Pine Creek Township,5839.0,0.0,0.0,0.0,0.0,0.0,6.0,1.0,4.0,1.0,0.0
PENNSYLVANIA,Pine Grove,2065.0,0.0,0.0,0.0,0.0,0.0,1.0,0.0,0.0,1.0,0.0
PENNSYLVANIA,Pitcairn,4644.0,22.0,0.0,2.0,1.0,19.0,32.0,10.0,22.0,0.0,0.0
PENNSYLVANIA,Pittsburgh,317177.0,1355.0,36.0,164.0,394.0,761.0,7232.0,738.0,5406.0,1088.0,72.0
PENNSYLVANIA,Pittston,7657.0,5.0,0.0,2.0,0.0,3.0,38.0,6.0,29.0,3.0,0.0
PENNSYLVANIA,Pittston Township,3227.0,7.0,0.0,1.0,0.0,6.0,108.0,5.0,96.0,7.0,0.0
PENNSYLVANIA,Plains Township,9911.0,6.0,1.0,0.0,0.0,5.0,129.0,6.0,113.0,10.0,1.0
PENNSYLVANIA,Pleasant Hills,8268.0,1.0,0.0,1.0,0.0,0.0,98.0,2.0,89.0,7.0,1.0
PENNSYLVANIA,Plum,26145.0,16.0,0.0,0.0,1.0,15.0,40.0,17.0,22.0,1.0,0.0
PENNSYLVANIA,Plumstead Township,14391.0,3.0,0.0,0.0,0.0,3.0,76.0,10.0,62.0,4.0,0.0
PENNSYLVANIA,Plymouth,5755.0,48.0,0.0,1.0,5.0,42.0,110.0,11.0,97.0,2.0,1.0
PENNSYLVANIA,"Plymouth Township, Montgomery County",18484.0,19.0,0.0,5.0,6.0,8.0,1129.0,38.0,1063.0,28.0,2.0
PENNSYLVANIA,Pocono Mountain Regional,42656.0,81.0,5.0,13.0,1.0,62.0,358.0,41.0,303.0,14.0,6.0
PENNSYLVANIA,Pocono Township,10739.0,16.0,0.0,7.0,0.0,9.0,241.0,20.0,210.0,11.0,1.0
PENNSYLVANIA,Point Marion,1098.0,2.0,0.0,0.0,0.0,2.0,7.0,4.0,3.0,0.0,0.0
PENNSYLVANIA,Point Township,3779.0,2.0,0.0,0.0,0.0,2.0,28.0,2.0,22.0,4.0,0.0
PENNSYLVANIA,Polk,620.0,0.0,0.0,0.0,0.0,0.0,1.0,0.0,1.0,0.0,0.0
PENNSYLVANIA,Portage,2369.0,0.0,0.0,0.0,0.0,0.0,3.0,0.0,3.0,0.0,0.0
PENNSYLVANIA,Port Allegany,2035.0,0.0,0.0,0.0,0.0,0.0,3.0,0.0,3.0,0.0,0.0
PENNSYLVANIA,Portland,479.0,0.0,0.0,0.0,0.0,0.0,0.0,0.0,0.0,0.0,0.0
PENNSYLVANIA,Port Vue,3534.0,0.0,0.0,0.0,0.0,0.0,1.0,1.0,0.0,0.0,0.0
PENNSYLVANIA,Pottstown,23324.0,172.0,0.0,25.0,30.0,117.0,724.0,67.0,607.0,50.0,13.0
PENNSYLVANIA,Pottsville,13361.0,44.0,0.0,8.0,4.0,32.0,180.0,22.0,152.0,6.0,1.0
PENNSYLVANIA,Prospect,1082.0,0.0,0.0,0.0,0.0,0.0,0.0,0.0,0.0,0.0,0.0
PENNSYLVANIA,Prospect Park,6357.0,11.0,0.0,0.0,0.0,11.0,50.0,0.0,45.0,5.0,0.0
PENNSYLVANIA,"Pulaski Township, Lawrence County",3020.0,0.0,0.0,0.0,0.0,0.0,12.0,0.0,12.0,0.0,0.0
PENNSYLVANIA,Punxsutawney,5563.0,9.0,0.0,8.0,0.0,1.0,34.0,3.0,31.0,0.0,1.0
PENNSYLVANIA,Quakertown,9215.0,35.0,0.0,4.0,1.0,30.0,92.0,8.0,79.0,5.0,1.0
PENNSYLVANIA,Quarryville,2866.0,1.0,0.0,0.0,0.0,1.0,18.0,0.0,17.0,1.0,0.0
PENNSYLVANIA,Raccoon Township,2728.0,4.0,0.0,0.0,0.0,4.0,10.0,1.0,9.0,0.0,0.0
PENNSYLVANIA,Radnor Township,33908.0,24.0,0.0,0.0,0.0,24.0,168.0,13.0,137.0,18.0,6.0
PENNSYLVANIA,Ralpho Township,4171.0,0.0,0.0,0.0,0.0,0.0,10.0,1.0,9.0,0.0,1.0
PENNSYLVANIA,Reading,97868.0,330.0,7.0,34.0,98.0,191.0,1404.0,228.0,953.0,223.0,12.0
PENNSYLVANIA,Reading Township,5935.0,1.0,0.0,0.0,0.0,1.0,8.0,0.0,6.0,2.0,0.0
PENNSYLVANIA,Reilly Township,640.0,0.0,0.0,0.0,0.0,0.0,0.0,0.0,0.0,0.0,0.0
PENNSYLVANIA,Renovo,1044.0,7.0,0.0,3.0,0.0,4.0,36.0,6.0,27.0,3.0,1.0
PENNSYLVANIA,Resa Regional,2216.0,1.0,0.0,0.0,0.0,1.0,16.0,2.0,14.0,0.0,0.0
PENNSYLVANIA,Reserve Township,3113.0,2.0,0.0,0.0,1.0,1.0,10.0,2.0,6.0,2.0,0.0
PENNSYLVANIA,Reynoldsville,2479.0,6.0,0.0,6.0,0.0,0.0,6.0,1.0,5.0,0.0,0.0
PENNSYLVANIA,Rice Township,3775.0,6.0,0.0,0.0,0.0,6.0,9.0,0.0,9.0,0.0,0.0
PENNSYLVANIA,"Richland Township, Bucks County",14295.0,10.0,0.0,1.0,3.0,6.0,168.0,7.0,154.0,7.0,1.0
PENNSYLVANIA,"Richland Township, Cambria County",11912.0,12.0,0.0,5.0,1.0,6.0,342.0,7.0,332.0,3.0,1.0
PENNSYLVANIA,Ridgway,3907.0,1.0,0.0,0.0,0.0,1.0,46.0,4.0,40.0,2.0,0.0
PENNSYLVANIA,Ridley Park,7200.0,7.0,0.0,0.0,1.0,6.0,45.0,3.0,27.0,15.0,0.0
PENNSYLVANIA,Ridley Township,30633.0,18.0,0.0,0.0,1.0,17.0,267.0,2.0,233.0,32.0,1.0
PENNSYLVANIA,Riverside,2004.0,0.0,0.0,0.0,0.0,0.0,5.0,3.0,2.0,0.0,0.0
PENNSYLVANIA,Roaring Brook Township,2361.0,0.0,0.0,0.0,0.0,0.0,2.0,1.0,1.0,0.0,1.0
PENNSYLVANIA,Roaring Spring,2294.0,0.0,0.0,0.0,0.0,0.0,5.0,0.0,4.0,1.0,0.0
PENNSYLVANIA,Robeson Township,7711.0,3.0,0.0,0.0,1.0,2.0,33.0,5.0,25.0,3.0,0.0
PENNSYLVANIA,"Robinson Township, Allegheny County",15508.0,11.0,0.0,4.0,0.0,7.0,300.0,5.0,283.0,12.0,0.0
PENNSYLVANIA,Rochester,3917.0,16.0,0.0,1.0,5.0,10.0,125.0,14.0,109.0,2.0,0.0
PENNSYLVANIA,Rockledge,2615.0,1.0,0.0,0.0,1.0,0.0,21.0,3.0,13.0,5.0,1.0
PENNSYLVANIA,Rockwood,822.0,0.0,0.0,0.0,0.0,0.0,0.0,0.0,0.0,0.0,0.0
PENNSYLVANIA,Roseto,1552.0,0.0,0.0,0.0,0.0,0.0,4.0,2.0,2.0,0.0,0.0
PENNSYLVANIA,Ross Township,32076.0,17.0,0.0,8.0,1.0,8.0,837.0,22.0,805.0,10.0,0.0
PENNSYLVANIA,Rostraver Township,11433.0,5.0,0.0,1.0,2.0,2.0,296.0,9.0,284.0,3.0,0.0
PENNSYLVANIA,Royersford,4913.0,7.0,0.0,0.0,2.0,5.0,20.0,1.0,17.0,2.0,0.0
PENNSYLVANIA,Rural Valley,802.0,0.0,0.0,0.0,0.0,0.0,0.0,0.0,0.0,0.0,0.0
PENNSYLVANIA,Rush Township,3495.0,0.0,0.0,0.0,0.0,0.0,9.0,0.0,9.0,0.0,0.0
PENNSYLVANIA,Ryan Township,2853.0,0.0,0.0,0.0,0.0,0.0,0.0,0.0,0.0,0.0,0.0
PENNSYLVANIA,"Sadsbury Township, Chester County",4636.0,4.0,0.0,1.0,0.0,3.0,19.0,1.0,16.0,2.0,0.0
PENNSYLVANIA,"Salem Township, Luzerne County",4049.0,3.0,0.0,0.0,0.0,3.0,23.0,0.0,21.0,2.0,0.0
PENNSYLVANIA,Salisbury Township,13547.0,13.0,0.0,0.0,1.0,12.0,76.0,7.0,64.0,5.0,0.0
PENNSYLVANIA,Saltsburg,764.0,0.0,0.0,0.0,0.0,0.0,1.0,0.0,1.0,0.0,0.0
PENNSYLVANIA,Sandy Lake,628.0,0.0,0.0,0.0,0.0,0.0,4.0,0.0,4.0,0.0,0.0
PENNSYLVANIA,Sandy Township,11554.0,10.0,0.0,1.0,1.0,8.0,91.0,8.0,82.0,1.0,1.0
PENNSYLVANIA,Sankertown,609.0,0.0,0.0,0.0,0.0,0.0,3.0,0.0,3.0,0.0,0.0
PENNSYLVANIA,Saxonburg,1372.0,0.0,0.0,0.0,0.0,0.0,2.0,0.0,2.0,0.0,0.0
PENNSYLVANIA,Saxton,2089.0,2.0,0.0,2.0,0.0,0.0,6.0,0.0,6.0,0.0,0.0
PENNSYLVANIA,Sayre,6444.0,12.0,0.0,0.0,0.0,12.0,26.0,0.0,26.0,0.0,0.0
PENNSYLVANIA,Schuylkill Haven,5263.0,7.0,0.0,0.0,0.0,7.0,43.0,3.0,39.0,1.0,0.0
PENNSYLVANIA,"Schuylkill Township, Chester County",8906.0,1.0,1.0,0.0,0.0,0.0,31.0,2.0,27.0,2.0,0.0
PENNSYLVANIA,Scottdale,4309.0,12.0,0.0,0.0,0.0,12.0,63.0,2.0,61.0,0.0,0.0
PENNSYLVANIA,"Scott Township, Allegheny County",17233.0,14.0,0.0,4.0,0.0,10.0,146.0,12.0,123.0,11.0,1.0
PENNSYLVANIA,"Scott Township, Columbia County",5670.0,3.0,0.0,2.0,0.0,1.0,73.0,1.0,71.0,1.0,0.0
PENNSYLVANIA,"Scott Township, Lackawanna County",4649.0,1.0,0.0,0.0,1.0,0.0,1.0,0.0,1.0,0.0,0.0
PENNSYLVANIA,Scranton,75683.0,213.0,7.0,70.0,24.0,112.0,1018.0,146.0,774.0,98.0,13.0
PENNSYLVANIA,Selinsgrove,5513.0,2.0,0.0,0.0,0.0,2.0,14.0,4.0,10.0,0.0,0.0
PENNSYLVANIA,Sewickley Heights,821.0,0.0,0.0,0.0,0.0,0.0,9.0,0.0,7.0,2.0,0.0
PENNSYLVANIA,Shaler Township,26801.0,13.0,1.0,3.0,1.0,8.0,149.0,15.0,130.0,4.0,1.0
PENNSYLVANIA,Shamokin,6761.0,31.0,0.0,1.0,2.0,28.0,47.0,15.0,32.0,0.0,2.0
PENNSYLVANIA,Shamokin Dam,1636.0,2.0,0.0,1.0,0.0,1.0,9.0,0.0,9.0,0.0,0.0
PENNSYLVANIA,Sharon,12709.0,83.0,6.0,7.0,8.0,62.0,186.0,33.0,147.0,6.0,2.0
PENNSYLVANIA,Sharon Hill,5942.0,14.0,1.0,1.0,5.0,7.0,114.0,8.0,87.0,19.0,0.0
PENNSYLVANIA,Sharpsburg,3025.0,8.0,0.0,0.0,0.0,8.0,22.0,3.0,16.0,3.0,2.0
PENNSYLVANIA,Sharpsville,4114.0,12.0,0.0,1.0,2.0,9.0,26.0,6.0,20.0,0.0,0.0
PENNSYLVANIA,Shenandoah,4248.0,9.0,0.0,1.0,0.0,8.0,58.0,13.0,45.0,0.0,1.0
PENNSYLVANIA,"Shenango Township, Lawrence County",7604.0,2.0,0.0,0.0,0.0,2.0,35.0,2.0,32.0,1.0,0.0
PENNSYLVANIA,"Shenango Township, Mercer County",4205.0,7.0,0.0,0.0,0.0,7.0,17.0,2.0,14.0,1.0,0.0
PENNSYLVANIA,Shillington,5461.0,6.0,0.0,1.0,0.0,5.0,34.0,3.0,26.0,5.0,0.0
PENNSYLVANIA,Shinglehouse,1059.0,0.0,0.0,0.0,0.0,0.0,1.0,0.0,1.0,0.0,0.0
PENNSYLVANIA,Shippensburg,5631.0,6.0,0.0,0.0,0.0,6.0,59.0,4.0,48.0,7.0,1.0
PENNSYLVANIA,Shippingport,152.0,0.0,0.0,0.0,0.0,0.0,1.0,0.0,1.0,0.0,0.0
PENNSYLVANIA,Shiremanstown,1652.0,0.0,0.0,0.0,0.0,0.0,0.0,0.0,0.0,0.0,0.0
PENNSYLVANIA,Silver Lake Township,1493.0,0.0,0.0,0.0,0.0,0.0,4.0,0.0,4.0,0.0,0.0
PENNSYLVANIA,Silver Spring Township,21585.0,12.0,0.0,3.0,4.0,5.0,236.0,10.0,215.0,11.0,1.0
PENNSYLVANIA,Sinking Spring,4274.0,3.0,0.0,0.0,1.0,2.0,24.0,3.0,19.0,2.0,0.0
PENNSYLVANIA,Slate Belt Regional,13575.0,26.0,0.0,4.0,1.0,21.0,92.0,11.0,76.0,5.0,0.0
PENNSYLVANIA,Slatington,4240.0,3.0,1.0,1.0,0.0,1.0,26.0,3.0,22.0,1.0,0.0
PENNSYLVANIA,Slippery Rock,3735.0,0.0,0.0,0.0,0.0,0.0,16.0,2.0,14.0,0.0,0.0
PENNSYLVANIA,Smethport,1370.0,0.0,0.0,0.0,0.0,0.0,0.0,0.0,0.0,0.0,0.0
PENNSYLVANIA,Smith Township,5582.0,0.0,0.0,0.0,0.0,0.0,27.0,3.0,21.0,3.0,0.0
PENNSYLVANIA,Solebury Township,8628.0,1.0,0.0,0.0,0.0,1.0,46.0,4.0,42.0,0.0,0.0
PENNSYLVANIA,Somerset,5852.0,21.0,0.0,0.0,0.0,21.0,26.0,5.0,20.0,1.0,0.0
PENNSYLVANIA,Souderton,7305.0,5.0,0.0,2.0,0.0,3.0,60.0,6.0,48.0,6.0,0.0
PENNSYLVANIA,South Abington Township,12573.0,17.0,0.0,0.0,0.0,17.0,54.0,4.0,48.0,2.0,1.0
PENNSYLVANIA,South Annville Township,3453.0,0.0,0.0,0.0,0.0,0.0,18.0,2.0,16.0,0.0,0.0
PENNSYLVANIA,South Beaver Township,2623.0,0.0,0.0,0.0,0.0,0.0,10.0,2.0,7.0,1.0,0.0
PENNSYLVANIA,South Buffalo Township,2647.0,3.0,0.0,0.0,0.0,3.0,12.0,0.0,12.0,0.0,3.0
PENNSYLVANIA,South Coatesville,1747.0,7.0,0.0,1.0,1.0,5.0,19.0,2.0,14.0,3.0,0.0
PENNSYLVANIA,Southern Armstrong Regional,6761.0,8.0,0.0,0.0,0.0,8.0,7.0,4.0,3.0,0.0,2.0
PENNSYLVANIA,Southern Chester County Regional,15511.0,15.0,1.0,5.0,2.0,7.0,26.0,9.0,15.0,2.0,1.0
PENNSYLVANIA,Southern Clarion County Regional,3121.0,4.0,0.0,1.0,0.0,3.0,14.0,3.0,11.0,0.0,0.0
PENNSYLVANIA,Southern Regional York County,13651.0,10.0,0.0,1.0,1.0,8.0,98.0,6.0,80.0,12.0,1.0
PENNSYLVANIA,South Fayette Township,18472.0,10.0,0.0,1.0,0.0,9.0,50.0,4.0,44.0,2.0,0.0
PENNSYLVANIA,South Greensburg,2102.0,2.0,0.0,0.0,0.0,2.0,31.0,2.0,28.0,1.0,0.0
PENNSYLVANIA,South Heidelberg Township,14489.0,5.0,0.0,0.0,0.0,5.0,57.0,1.0,56.0,0.0,0.0
PENNSYLVANIA,South Heights,374.0,0.0,0.0,0.0,0.0,0.0,0.0,0.0,0.0,0.0,0.0
PENNSYLVANIA,South Lebanon Township,10598.0,0.0,0.0,0.0,0.0,0.0,17.0,1.0,16.0,0.0,0.0
PENNSYLVANIA,South Londonderry Township,8798.0,2.0,0.0,0.0,0.0,2.0,31.0,2.0,27.0,2.0,0.0
PENNSYLVANIA,South Park Township,13630.0,5.0,0.0,1.0,0.0,4.0,57.0,2.0,50.0,5.0,0.0
PENNSYLVANIA,South Pymatuning Township,2576.0,2.0,0.0,1.0,0.0,1.0,16.0,2.0,14.0,0.0,0.0
PENNSYLVANIA,South Strabane Township,9603.0,8.0,0.0,1.0,1.0,6.0,441.0,5.0,427.0,9.0,0.0
PENNSYLVANIA,Southwest Greensburg,2158.0,5.0,0.0,0.0,0.0,5.0,15.0,2.0,12.0,1.0,0.0
PENNSYLVANIA,"Southwest Regional, Fayette County",1466.0,0.0,0.0,0.0,0.0,0.0,6.0,1.0,5.0,0.0,0.0
PENNSYLVANIA,South Williamsport,7304.0,3.0,0.0,0.0,0.0,3.0,47.0,1.0,41.0,5.0,1.0
PENNSYLVANIA,Springdale,3233.0,5.0,0.0,1.0,1.0,3.0,24.0,8.0,15.0,1.0,0.0
PENNSYLVANIA,Springettsbury Township,27604.0,36.0,2.0,9.0,6.0,19.0,540.0,24.0,504.0,12.0,0.0
PENNSYLVANIA,"Springfield Township, Bucks County",5182.0,0.0,0.0,0.0,0.0,0.0,18.0,4.0,10.0,4.0,0.0
PENNSYLVANIA,"Springfield Township, Delaware County",24806.0,25.0,0.0,4.0,5.0,16.0,764.0,2.0,744.0,18.0,0.0
PENNSYLVANIA,"Springfield Township, Montgomery County",21044.0,9.0,1.0,0.0,2.0,6.0,168.0,3.0,141.0,24.0,1.0
PENNSYLVANIA,Spring Garden Township,13649.0,18.0,0.0,2.0,1.0,15.0,160.0,21.0,128.0,11.0,2.0
PENNSYLVANIA,"Spring Township, Berks County",28506.0,21.0,1.0,1.0,1.0,18.0,324.0,15.0,297.0,12.0,0.0
PENNSYLVANIA,"Spring Township, Centre County",8057.0,3.0,0.0,0.0,1.0,2.0,8.0,2.0,6.0,0.0,0.0
PENNSYLVANIA,State College,57580.0,88.0,0.0,43.0,6.0,39.0,440.0,28.0,401.0,11.0,2.0
PENNSYLVANIA,St. Clair Borough,3627.0,3.0,0.0,0.0,0.0,3.0,16.0,2.0,14.0,0.0,0.0
PENNSYLVANIA,Steelton,6322.0,53.0,1.0,1.0,4.0,47.0,93.0,4.0,63.0,26.0,0.0
PENNSYLVANIA,St. Marys City,12293.0,15.0,0.0,2.0,1.0,12.0,76.0,9.0,67.0,0.0,0.0
PENNSYLVANIA,Stoneboro,925.0,0.0,0.0,0.0,0.0,0.0,5.0,0.0,5.0,0.0,0.0
PENNSYLVANIA,Stonycreek Township,2662.0,11.0,0.0,3.0,1.0,7.0,24.0,8.0,16.0,0.0,0.0
PENNSYLVANIA,Stowe Township,6116.0,31.0,2.0,0.0,0.0,29.0,113.0,11.0,83.0,19.0,0.0
PENNSYLVANIA,Strasburg,3088.0,0.0,0.0,0.0,0.0,0.0,8.0,0.0,7.0,1.0,0.0
PENNSYLVANIA,Stroud Area Regional,34162.0,53.0,2.0,1.0,12.0,38.0,749.0,46.0,679.0,24.0,1.0
PENNSYLVANIA,Sugarcreek,4683.0,7.0,0.0,1.0,0.0,6.0,18.0,3.0,15.0,0.0,0.0
PENNSYLVANIA,"Sugarloaf Township, Luzerne County",3979.0,5.0,0.0,0.0,0.0,5.0,27.0,2.0,24.0,1.0,0.0
PENNSYLVANIA,Sugar Notch,998.0,0.0,0.0,0.0,0.0,0.0,1.0,0.0,1.0,0.0,0.0
PENNSYLVANIA,Summerhill Township,2237.0,0.0,0.0,0.0,0.0,0.0,13.0,1.0,12.0,0.0,0.0
PENNSYLVANIA,Summit Hill,3139.0,1.0,0.0,1.0,0.0,0.0,1.0,1.0,0.0,0.0,0.0
PENNSYLVANIA,Summit Township,2088.0,0.0,0.0,0.0,0.0,0.0,0.0,0.0,0.0,0.0,0.0
PENNSYLVANIA,Sunbury,9485.0,5.0,0.0,2.0,0.0,3.0,23.0,1.0,22.0,0.0,1.0
PENNSYLVANIA,"Susquehanna Township, Dauphin County",27762.0,59.0,2.0,8.0,9.0,40.0,289.0,34.0,230.0,25.0,2.0
PENNSYLVANIA,Swarthmore,6535.0,6.0,0.0,0.0,0.0,6.0,43.0,2.0,40.0,1.0,0.0
PENNSYLVANIA,Swatara Township,29394.0,45.0,1.0,4.0,14.0,26.0,812.0,40.0,703.0,69.0,3.0
PENNSYLVANIA,Swissvale,8188.0,26.0,0.0,0.0,6.0,20.0,157.0,12.0,104.0,41.0,3.0
PENNSYLVANIA,Swoyersville,5037.0,8.0,0.0,2.0,0.0,6.0,33.0,5.0,26.0,2.0,0.0
PENNSYLVANIA,Tamaqua,6920.0,11.0,0.0,0.0,1.0,10.0,62.0,7.0,47.0,8.0,0.0
PENNSYLVANIA,Tarentum,7227.0,13.0,0.0,2.0,1.0,10.0,79.0,14.0,61.0,4.0,1.0
PENNSYLVANIA,Tatamy,1480.0,0.0,0.0,0.0,0.0,0.0,1.0,1.0,0.0,0.0,0.0
PENNSYLVANIA,Telford,4886.0,4.0,0.0,0.0,0.0,4.0,33.0,0.0,31.0,2.0,0.0
PENNSYLVANIA,Throop,4115.0,6.0,0.0,1.0,0.0,5.0,18.0,3.0,15.0,0.0,0.0
PENNSYLVANIA,"Tinicum Township, Bucks County",3803.0,4.0,0.0,0.0,0.0,4.0,10.0,3.0,6.0,1.0,0.0
PENNSYLVANIA,"Tinicum Township, Delaware County",3951.0,13.0,0.0,3.0,4.0,6.0,72.0,6.0,60.0,6.0,0.0
PENNSYLVANIA,Titusville,5133.0,15.0,0.0,0.0,1.0,14.0,15.0,5.0,10.0,0.0,0.0
PENNSYLVANIA,Towamencin Township,17925.0,6.0,1.0,0.0,2.0,3.0,106.0,8.0,94.0,4.0,0.0
PENNSYLVANIA,Towanda,2766.0,4.0,0.0,0.0,0.0,4.0,37.0,8.0,29.0,0.0,0.0
PENNSYLVANIA,Tower City,1432.0,0.0,0.0,0.0,0.0,0.0,0.0,0.0,0.0,0.0,0.0
PENNSYLVANIA,Trafford,3220.0,5.0,0.0,0.0,0.0,5.0,23.0,2.0,20.0,1.0,0.0
PENNSYLVANIA,Trainer,1954.0,6.0,0.0,0.0,0.0,6.0,25.0,2.0,22.0,1.0,0.0
PENNSYLVANIA,Troy,1236.0,0.0,0.0,0.0,0.0,0.0,1.0,0.0,1.0,0.0,0.0
PENNSYLVANIA,Tullytown,2241.0,3.0,0.0,1.0,1.0,1.0,37.0,3.0,34.0,0.0,0.0
PENNSYLVANIA,Tulpehocken Township,5642.0,1.0,0.0,0.0,0.0,1.0,1.0,0.0,1.0,0.0,0.0
PENNSYLVANIA,Tunkhannock,1729.0,4.0,0.0,0.0,0.0,4.0,17.0,2.0,13.0,2.0,0.0
PENNSYLVANIA,"Tunkhannock Township, Wyoming County",7050.0,2.0,0.0,1.0,1.0,0.0,38.0,4.0,34.0,0.0,1.0
PENNSYLVANIA,Turtle Creek,4870.0,1.0,0.0,0.0,0.0,1.0,2.0,1.0,0.0,1.0,0.0
PENNSYLVANIA,Tyrone,5282.0,6.0,0.0,2.0,1.0,3.0,68.0,13.0,55.0,0.0,1.0
PENNSYLVANIA,Union City,2846.0,0.0,0.0,0.0,0.0,0.0,18.0,0.0,17.0,1.0,0.0
PENNSYLVANIA,Uniontown,9451.0,81.0,5.0,5.0,9.0,62.0,311.0,32.0,270.0,9.0,2.0
PENNSYLVANIA,"Union Township, Lawrence County",4849.0,9.0,0.0,0.0,2.0,7.0,120.0,14.0,98.0,8.0,0.0
PENNSYLVANIA,"Union Township, Schuylkill County",1233.0,0.0,0.0,0.0,0.0,0.0,0.0,0.0,0.0,0.0,0.0
PENNSYLVANIA,Upland,3028.0,39.0,0.0,1.0,2.0,36.0,29.0,5.0,18.0,6.0,0.0
PENNSYLVANIA,Upper Allen Township,24279.0,19.0,0.0,5.0,1.0,13.0,82.0,11.0,64.0,7.0,0.0
PENNSYLVANIA,Upper Burrell Township,2117.0,1.0,0.0,0.0,0.0,1.0,11.0,0.0,10.0,1.0,0.0
PENNSYLVANIA,Upper Chichester Township,16747.0,28.0,0.0,3.0,3.0,22.0,239.0,27.0,171.0,41.0,0.0
PENNSYLVANIA,Upper Darby Township,84668.0,181.0,4.0,6.0,113.0,58.0,2398.0,55.0,2057.0,286.0,1.0
PENNSYLVANIA,Upper Dublin Township,27382.0,11.0,1.0,2.0,4.0,4.0,215.0,8.0,199.0,8.0,0.0
PENNSYLVANIA,Upper Gwynedd Township,17273.0,5.0,0.0,0.0,1.0,4.0,98.0,11.0,84.0,3.0,1.0
PENNSYLVANIA,Upper Macungie Township,29196.0,6.0,0.0,3.0,0.0,3.0,155.0,13.0,138.0,4.0,0.0
PENNSYLVANIA,Upper Makefield Township,8818.0,0.0,0.0,0.0,0.0,0.0,11.0,1.0,9.0,1.0,0.0
PENNSYLVANIA,Upper Merion Township,36408.0,45.0,0.0,0.0,21.0,24.0,1367.0,26.0,1293.0,48.0,1.0
PENNSYLVANIA,Upper Moreland Township,26020.0,28.0,1.0,4.0,5.0,18.0,550.0,18.0,511.0,21.0,3.0
PENNSYLVANIA,Upper Nazareth Township,8497.0,7.0,0.0,1.0,0.0,6.0,20.0,0.0,20.0,0.0,0.0
PENNSYLVANIA,Upper Pottsgrove Township,6323.0,5.0,0.0,0.0,0.0,5.0,19.0,3.0,14.0,2.0,0.0
PENNSYLVANIA,"Upper Providence Township, Delaware County",10762.0,3.0,0.0,1.0,0.0,2.0,14.0,1.0,12.0,1.0,0.0
PENNSYLVANIA,"Upper Providence Township, Montgomery County",25114.0,13.0,0.0,3.0,1.0,9.0,304.0,8.0,286.0,10.0,1.0
PENNSYLVANIA,Upper Saucon Township,17864.0,4.0,1.0,2.0,0.0,1.0,90.0,10.0,78.0,2.0,0.0
PENNSYLVANIA,Upper Southampton Township,15057.0,9.0,0.0,0.0,2.0,7.0,48.0,5.0,36.0,7.0,1.0
PENNSYLVANIA,Upper St. Clair Township,20399.0,5.0,0.0,0.0,0.0,5.0,245.0,3.0,241.0,1.0,0.0
PENNSYLVANIA,Upper Uwchlan Township,13625.0,0.0,0.0,0.0,0.0,0.0,37.0,2.0,35.0,0.0,0.0
PENNSYLVANIA,Uwchlan Township,19649.0,16.0,0.0,1.0,0.0,15.0,126.0,9.0,114.0,3.0,1.0
PENNSYLVANIA,Valley Township,7965.0,8.0,0.0,0.0,0.0,8.0,25.0,3.0,18.0,4.0,0.0
PENNSYLVANIA,Verona,2366.0,2.0,0.0,1.0,1.0,0.0,80.0,6.0,74.0,0.0,0.0
PENNSYLVANIA,Versailles,1409.0,2.0,1.0,0.0,1.0,0.0,18.0,7.0,10.0,1.0,1.0
PENNSYLVANIA,Walker Township,1008.0,0.0,0.0,0.0,0.0,0.0,0.0,0.0,0.0,0.0,0.0
PENNSYLVANIA,Walnutport,2090.0,0.0,0.0,0.0,0.0,0.0,0.0,0.0,0.0,0.0,0.0
PENNSYLVANIA,Warminster Township,33195.0,20.0,0.0,3.0,6.0,11.0,258.0,8.0,216.0,34.0,0.0
PENNSYLVANIA,Warren,9042.0,47.0,0.0,2.0,0.0,45.0,119.0,5.0,112.0,2.0,0.0
PENNSYLVANIA,Warrington Township,26355.0,6.0,0.0,1.0,3.0,2.0,196.0,6.0,181.0,9.0,0.0
PENNSYLVANIA,"Warwick Township, Bucks County",14703.0,3.0,0.0,2.0,0.0,1.0,54.0,9.0,42.0,3.0,0.0
PENNSYLVANIA,"Washington Township, Fayette County",3659.0,0.0,0.0,0.0,0.0,0.0,18.0,4.0,14.0,0.0,0.0
PENNSYLVANIA,"Washington Township, Franklin County",15574.0,12.0,0.0,1.0,2.0,9.0,189.0,10.0,170.0,9.0,1.0
PENNSYLVANIA,"Washington Township, Northampton County",5153.0,4.0,0.0,0.0,0.0,4.0,30.0,2.0,28.0,0.0,0.0
PENNSYLVANIA,"Washington Township, Westmoreland County",6773.0,0.0,0.0,0.0,0.0,0.0,5.0,0.0,5.0,0.0,0.0
PENNSYLVANIA,Watsontown,2207.0,1.0,0.0,0.0,0.0,1.0,15.0,0.0,14.0,1.0,0.0
PENNSYLVANIA,Waverly Township,1846.0,0.0,0.0,0.0,0.0,0.0,9.0,1.0,8.0,0.0,0.0
PENNSYLVANIA,Waymart,1287.0,0.0,0.0,0.0,0.0,0.0,0.0,0.0,0.0,0.0,0.0
PENNSYLVANIA,Waynesboro,11078.0,15.0,0.0,3.0,0.0,12.0,112.0,16.0,80.0,16.0,1.0
PENNSYLVANIA,Waynesburg,3644.0,5.0,0.0,1.0,0.0,4.0,13.0,4.0,9.0,0.0,2.0
PENNSYLVANIA,Wayne Township,2404.0,0.0,0.0,0.0,0.0,0.0,3.0,0.0,2.0,1.0,0.0
PENNSYLVANIA,Weatherly,2553.0,17.0,1.0,6.0,2.0,8.0,125.0,8.0,107.0,10.0,0.0
PENNSYLVANIA,Weissport,412.0,0.0,0.0,0.0,0.0,0.0,0.0,0.0,0.0,0.0,0.0
PENNSYLVANIA,Wellsboro,3413.0,4.0,0.0,4.0,0.0,0.0,20.0,3.0,16.0,1.0,0.0
PENNSYLVANIA,Wesleyville,3125.0,8.0,0.0,2.0,0.0,6.0,103.0,8.0,95.0,0.0,0.0
PENNSYLVANIA,West Brandywine Township,11756.0,8.0,0.0,0.0,0.0,8.0,45.0,6.0,34.0,5.0,0.0
PENNSYLVANIA,West Brownsville,969.0,0.0,0.0,0.0,0.0,0.0,11.0,0.0,11.0,0.0,0.0
PENNSYLVANIA,West Caln Township,8968.0,8.0,1.0,1.0,0.0,6.0,36.0,2.0,28.0,6.0,0.0
PENNSYLVANIA,West Chester,20004.0,43.0,0.0,4.0,8.0,31.0,250.0,28.0,211.0,11.0,1.0
PENNSYLVANIA,West Conshohocken,1495.0,1.0,0.0,0.0,0.0,1.0,20.0,1.0,19.0,0.0,0.0
PENNSYLVANIA,West Deer Township,12062.0,13.0,0.0,0.0,0.0,13.0,39.0,4.0,35.0,0.0,0.0
PENNSYLVANIA,West Earl Township,12547.0,4.0,0.0,2.0,0.0,2.0,34.0,3.0,31.0,0.0,1.0
PENNSYLVANIA,West Fallowfield Township,2471.0,0.0,0.0,0.0,0.0,0.0,2.0,1.0,1.0,0.0,0.0
PENNSYLVANIA,Westfield,1092.0,0.0,0.0,0.0,0.0,0.0,10.0,1.0,8.0,1.0,0.0
PENNSYLVANIA,West Goshen Township,23889.0,69.0,1.0,0.0,3.0,65.0,251.0,25.0,216.0,10.0,1.0
PENNSYLVANIA,West Hazleton,5171.0,18.0,0.0,0.0,2.0,16.0,31.0,4.0,26.0,1.0,0.0
PENNSYLVANIA,West Hempfield Township,20178.0,11.0,0.0,4.0,0.0,7.0,125.0,11.0,107.0,7.0,0.0
PENNSYLVANIA,West Hills Regional,9795.0,9.0,1.0,2.0,1.0,5.0,101.0,11.0,83.0,7.0,0.0
PENNSYLVANIA,West Homestead,1782.0,9.0,0.0,0.0,1.0,8.0,36.0,6.0,23.0,7.0,0.0
PENNSYLVANIA,West Kittanning,1149.0,0.0,0.0,0.0,0.0,0.0,0.0,0.0,0.0,0.0,0.0
PENNSYLVANIA,West Lampeter Township,17320.0,9.0,0.0,1.0,1.0,7.0,88.0,4.0,84.0,0.0,1.0
PENNSYLVANIA,West Leechburg,1235.0,0.0,0.0,0.0,0.0,0.0,0.0,0.0,0.0,0.0,0.0
PENNSYLVANIA,West Manchester Township,19209.0,16.0,0.0,3.0,1.0,12.0,570.0,5.0,549.0,16.0,1.0
PENNSYLVANIA,West Manheim Township,10755.0,0.0,0.0,0.0,0.0,0.0,52.0,1.0,50.0,1.0,0.0
PENNSYLVANIA,West Mead Township,4917.0,2.0,0.0,0.0,0.0,2.0,0.0,0.0,0.0,0.0,0.0
PENNSYLVANIA,West Mifflin,18705.0,71.0,2.0,7.0,6.0,56.0,494.0,44.0,422.0,28.0,3.0
PENNSYLVANIA,West Newton,2587.0,4.0,0.0,0.0,0.0,4.0,17.0,1.0,14.0,2.0,0.0
PENNSYLVANIA,West Norriton Township,16257.0,19.0,0.0,0.0,3.0,16.0,277.0,10.0,251.0,16.0,0.0
PENNSYLVANIA,West Nottingham Township,2875.0,0.0,0.0,0.0,0.0,0.0,0.0,0.0,0.0,0.0,0.0
PENNSYLVANIA,West Penn Township,4564.0,2.0,0.0,1.0,0.0,1.0,24.0,6.0,17.0,1.0,0.0
PENNSYLVANIA,West Pikeland Township,4039.0,2.0,0.0,1.0,0.0,1.0,8.0,0.0,7.0,1.0,0.0
PENNSYLVANIA,West Pike Run,1514.0,0.0,0.0,0.0,0.0,0.0,0.0,0.0,0.0,0.0,0.0
PENNSYLVANIA,West Pottsgrove Township,3784.0,2.0,0.0,0.0,1.0,1.0,158.0,6.0,145.0,7.0,0.0
PENNSYLVANIA,West Reading,4542.0,20.0,0.0,0.0,1.0,19.0,115.0,8.0,94.0,13.0,0.0
PENNSYLVANIA,West Sadsbury Township,2440.0,3.0,0.0,1.0,0.0,2.0,36.0,0.0,31.0,5.0,0.0
PENNSYLVANIA,West Shore Regional,7894.0,9.0,0.0,1.0,3.0,5.0,68.0,7.0,55.0,6.0,0.0
PENNSYLVANIA,Westtown-East Goshen Regional,29610.0,5.0,2.0,0.0,0.0,3.0,104.0,7.0,95.0,2.0,1.0
PENNSYLVANIA,West View,6359.0,2.0,0.0,0.0,0.0,2.0,61.0,2.0,54.0,5.0,1.0
PENNSYLVANIA,West Vincent Township,6907.0,0.0,0.0,0.0,0.0,0.0,6.0,0.0,4.0,2.0,0.0
PENNSYLVANIA,West Whiteland Township,20960.0,20.0,0.0,5.0,1.0,14.0,258.0,13.0,237.0,8.0,4.0
PENNSYLVANIA,West York,5073.0,16.0,0.0,4.0,2.0,10.0,73.0,5.0,62.0,6.0,1.0
PENNSYLVANIA,Whitehall,14475.0,14.0,0.0,1.0,0.0,13.0,75.0,5.0,54.0,16.0,0.0
PENNSYLVANIA,Whitehall Township,29090.0,62.0,2.0,10.0,6.0,44.0,682.0,46.0,606.0,30.0,2.0
PENNSYLVANIA,White Haven Borough,1183.0,1.0,0.0,0.0,0.0,1.0,22.0,5.0,15.0,2.0,0.0
PENNSYLVANIA,Whitemarsh Township,19963.0,7.0,0.0,0.0,1.0,6.0,142.0,7.0,111.0,24.0,1.0
PENNSYLVANIA,Whitpain Township,20451.0,3.0,0.0,0.0,1.0,2.0,135.0,9.0,115.0,11.0,0.0
PENNSYLVANIA,Wiconisco Township,1152.0,0.0,0.0,0.0,0.0,0.0,0.0,0.0,0.0,0.0,0.0
PENNSYLVANIA,Wilkes-Barre,44254.0,191.0,4.0,19.0,25.0,143.0,689.0,73.0,567.0,49.0,5.0
PENNSYLVANIA,Wilkes-Barre Township,3218.0,8.0,0.0,0.0,3.0,5.0,372.0,9.0,352.0,11.0,1.0
PENNSYLVANIA,Wilkinsburg,13646.0,80.0,2.0,9.0,20.0,49.0,333.0,73.0,165.0,95.0,3.0
PENNSYLVANIA,Williamsburg,1188.0,0.0,0.0,0.0,0.0,0.0,0.0,0.0,0.0,0.0,0.0
PENNSYLVANIA,Willistown Township,11380.0,10.0,0.0,1.0,0.0,9.0,28.0,1.0,26.0,1.0,0.0
PENNSYLVANIA,Wilson,8100.0,8.0,0.0,2.0,2.0,4.0,129.0,11.0,109.0,9.0,1.0
PENNSYLVANIA,Windber,4684.0,35.0,0.0,0.0,0.0,35.0,15.0,0.0,14.0,1.0,0.0
PENNSYLVANIA,Womelsdorf,2883.0,1.0,0.0,0.0,0.0,1.0,2.0,0.0,2.0,0.0,0.0
PENNSYLVANIA,Woodward Township,2440.0,0.0,0.0,0.0,0.0,0.0,2.0,1.0,1.0,0.0,0.0
PENNSYLVANIA,Worthington,572.0,0.0,0.0,0.0,0.0,0.0,0.0,0.0,0.0,0.0,0.0
PENNSYLVANIA,Wright Township,5747.0,1.0,0.0,0.0,0.0,1.0,22.0,1.0,21.0,0.0,0.0
PENNSYLVANIA,Wyoming Area Regional,18059.0,23.0,0.0,0.0,0.0,23.0,94.0,4.0,87.0,3.0,1.0
PENNSYLVANIA,Wyomissing,11141.0,8.0,0.0,0.0,2.0,6.0,200.0,5.0,183.0,12.0,0.0
PENNSYLVANIA,Yardley,2575.0,0.0,0.0,0.0,0.0,0.0,8.0,2.0,6.0,0.0,1.0
PENNSYLVANIA,Yeadon,12319.0,27.0,0.0,0.0,12.0,15.0,232.0,17.0,145.0,70.0,0.0
PENNSYLVANIA,York,44893.0,238.0,5.0,18.0,68.0,147.0,836.0,139.0,601.0,96.0,11.0
PENNSYLVANIA,York County Regional,71232.0,127.0,1.0,5.0,10.0,111.0,364.0,33.0,308.0,23.0,3.0
PENNSYLVANIA,Youngsville,1664.0,1.0,0.0,0.0,0.0,1.0,10.0,2.0,8.0,0.0,0.0
PENNSYLVANIA,Zelienople,3754.0,0.0,0.0,0.0,0.0,0.0,0.0,0.0,0.0,0.0,0.0
PENNSYLVANIA,Zerbe Township,1761.0,0.0,0.0,0.0,0.0,0.0,1.0,1.0,0.0,0.0,0.0
RHODE ISLAND,Barrington,17286.0,13.0,0.0,1.0,0.0,12.0,121.0,8.0,110.0,3.0,0.0
RHODE ISLAND,Bristol,22262.0,6.0,0.0,1.0,0.0,5.0,48.0,3.0,40.0,5.0,0.0
RHODE ISLAND,Burrillville,16728.0,7.0,0.0,2.0,0.0,5.0,51.0,8.0,33.0,10.0,2.0
RHODE ISLAND,Central Falls,22881.0,74.0,0.0,11.0,8.0,55.0,230.0,19.0,162.0,49.0,3.0
RHODE ISLAND,Charlestown,8172.0,12.0,0.0,2.0,1.0,9.0,34.0,6.0,21.0,7.0,0.0
RHODE ISLAND,Coventry,36388.0,25.0,0.0,7.0,0.0,18.0,350.0,22.0,319.0,9.0,5.0
RHODE ISLAND,Cranston,83815.0,78.0,1.0,17.0,13.0,47.0,882.0,69.0,734.0,79.0,11.0
RHODE ISLAND,Cumberland,37213.0,22.0,0.0,8.0,0.0,14.0,199.0,19.0,151.0,29.0,3.0
RHODE ISLAND,East Greenwich,14957.0,5.0,0.0,0.0,2.0,3.0,90.0,5.0,76.0,9.0,0.0
RHODE ISLAND,East Providence,47555.0,35.0,0.0,18.0,4.0,13.0,324.0,29.0,258.0,37.0,2.0
RHODE ISLAND,Foster,4569.0,1.0,0.0,0.0,0.0,1.0,11.0,3.0,7.0,1.0,1.0
RHODE ISLAND,Glocester,10427.0,5.0,0.0,1.0,0.0,4.0,12.0,3.0,9.0,0.0,1.0
RHODE ISLAND,Hopkinton,8527.0,4.0,1.0,2.0,0.0,1.0,29.0,5.0,20.0,4.0,0.0
RHODE ISLAND,Jamestown,5550.0,3.0,0.0,1.0,0.0,2.0,16.0,2.0,14.0,0.0,0.0
RHODE ISLAND,Johnston,30172.0,36.0,0.0,10.0,3.0,23.0,296.0,31.0,200.0,65.0,1.0
RHODE ISLAND,Lincoln,23308.0,20.0,0.0,6.0,1.0,13.0,259.0,18.0,214.0,27.0,0.0
RHODE ISLAND,Little Compton,3592.0,1.0,0.0,1.0,0.0,0.0,22.0,1.0,18.0,3.0,0.0
RHODE ISLAND,Middletown,16680.0,20.0,0.0,5.0,2.0,13.0,132.0,13.0,109.0,10.0,1.0
RHODE ISLAND,Narragansett,14591.0,12.0,1.0,5.0,0.0,6.0,59.0,4.0,52.0,3.0,1.0
RHODE ISLAND,Newport,24957.0,44.0,0.0,13.0,1.0,30.0,372.0,58.0,295.0,19.0,2.0
RHODE ISLAND,North Kingstown,28212.0,18.0,0.0,7.0,0.0,11.0,220.0,13.0,194.0,13.0,2.0
RHODE ISLAND,North Providence,34355.0,36.0,0.0,10.0,5.0,21.0,218.0,15.0,161.0,42.0,3.0
RHODE ISLAND,North Smithfield,12796.0,8.0,0.0,1.0,1.0,6.0,145.0,4.0,134.0,7.0,1.0
RHODE ISLAND,Pawtucket,76400.0,235.0,3.0,43.0,43.0,146.0,1155.0,136.0,834.0,185.0,5.0
RHODE ISLAND,Portsmouth,17579.0,2.0,0.0,1.0,0.0,1.0,61.0,7.0,50.0,4.0,1.0
RHODE ISLAND,Providence,193679.0,536.0,12.0,40.0,108.0,376.0,3211.0,227.0,2576.0,408.0,1.0
RHODE ISLAND,Richmond,8282.0,4.0,0.0,1.0,1.0,2.0,23.0,3.0,16.0,4.0,1.0
RHODE ISLAND,Smithfield,22414.0,8.0,0.0,3.0,1.0,4.0,208.0,9.0,194.0,5.0,2.0
RHODE ISLAND,Tiverton,16175.0,11.0,0.0,2.0,0.0,9.0,110.0,15.0,88.0,7.0,0.0
RHODE ISLAND,Warren,11286.0,13.0,0.0,6.0,0.0,7.0,83.0,12.0,63.0,8.0,1.0
RHODE ISLAND,Warwick,84297.0,67.0,2.0,15.0,8.0,42.0,967.0,85.0,811.0,71.0,7.0
RHODE ISLAND,Westerly,23540.0,15.0,0.0,3.0,0.0,12.0,215.0,12.0,181.0,22.0,0.0
RHODE ISLAND,West Greenwich,6835.0,1.0,0.0,0.0,0.0,1.0,28.0,5.0,20.0,3.0,0.0
RHODE ISLAND,West Warwick,31675.0,63.0,0.0,20.0,5.0,38.0,177.0,28.0,121.0,28.0,6.0
RHODE ISLAND,Woonsocket,43776.0,171.0,2.0,26.0,35.0,108.0,657.0,81.0,495.0,81.0,16.0
SOUTH CAROLINA,Abbeville,4863.0,18.0,0.0,2.0,1.0,15.0,64.0,10.0,50.0,4.0,0.0
SOUTH CAROLINA,Aiken,33221.0,189.0,4.0,19.0,20.0,146.0,1315.0,113.0,1131.0,71.0,4.0
SOUTH CAROLINA,Allendale,2430.0,55.0,0.0,1.0,4.0,50.0,119.0,25.0,83.0,11.0,0.0
SOUTH CAROLINA,Anderson,30150.0,169.0,1.0,17.0,13.0,138.0,1720.0,146.0,1461.0,113.0,15.0
SOUTH CAROLINA,Andrews,2532.0,18.0,0.0,0.0,2.0,16.0,96.0,13.0,80.0,3.0,0.0
SOUTH CAROLINA,Atlantic Beach,430.0,9.0,0.0,0.0,1.0,8.0,17.0,3.0,14.0,0.0,0.0
SOUTH CAROLINA,Aynor,1075.0,0.0,0.0,0.0,0.0,0.0,9.0,1.0,5.0,3.0,0.0
SOUTH CAROLINA,Bamberg,2959.0,51.0,1.0,1.0,3.0,46.0,186.0,37.0,137.0,12.0,1.0
SOUTH CAROLINA,Barnwell,4554.0,55.0,2.0,3.0,4.0,46.0,154.0,19.0,129.0,6.0,0.0
SOUTH CAROLINA,Batesburg-Leesville,5309.0,41.0,0.0,4.0,1.0,36.0,147.0,7.0,134.0,6.0,0.0
SOUTH CAROLINA,Beaufort,13937.0,97.0,1.0,7.0,15.0,74.0,498.0,45.0,429.0,24.0,1.0
SOUTH CAROLINA,Bennettsville,6430.0,64.0,2.0,4.0,7.0,51.0,229.0,30.0,179.0,20.0,1.0
SOUTH CAROLINA,Bishopville,2819.0,23.0,0.0,1.0,2.0,20.0,123.0,20.0,101.0,2.0,0.0
SOUTH CAROLINA,Blacksburg,1921.0,4.0,0.0,1.0,0.0,3.0,42.0,3.0,33.0,6.0,2.0
SOUTH CAROLINA,Blackville,1901.0,18.0,0.0,3.0,1.0,14.0,43.0,24.0,12.0,7.0,0.0
SOUTH CAROLINA,Bluffton,37927.0,45.0,2.0,6.0,8.0,29.0,313.0,26.0,258.0,29.0,1.0
SOUTH CAROLINA,Burnettown,3235.0,1.0,0.0,0.0,0.0,1.0,31.0,5.0,25.0,1.0,0.0
SOUTH CAROLINA,Camden,8651.0,82.0,1.0,4.0,5.0,72.0,334.0,27.0,281.0,26.0,0.0
SOUTH CAROLINA,Cayce,13628.0,100.0,1.0,3.0,6.0,90.0,379.0,55.0,258.0,66.0,0.0
SOUTH CAROLINA,Central,5340.0,3.0,0.0,1.0,0.0,2.0,67.0,4.0,57.0,6.0,0.0
SOUTH CAROLINA,Chapin,1939.0,8.0,0.0,1.0,0.0,7.0,24.0,2.0,21.0,1.0,0.0
SOUTH CAROLINA,Charleston,156898.0,561.0,7.0,44.0,67.0,443.0,3172.0,219.0,2599.0,354.0,16.0
SOUTH CAROLINA,Cheraw,4984.0,58.0,5.0,5.0,5.0,43.0,363.0,48.0,288.0,27.0,1.0
SOUTH CAROLINA,Chesnee,929.0,3.0,0.0,0.0,1.0,2.0,73.0,4.0,68.0,1.0,0.0
SOUTH CAROLINA,Chester,5212.0,81.0,4.0,6.0,4.0,67.0,171.0,30.0,124.0,17.0,0.0
SOUTH CAROLINA,Chesterfield,1364.0,7.0,0.0,0.0,0.0,7.0,37.0,5.0,28.0,4.0,0.0
SOUTH CAROLINA,Clemson,17867.0,29.0,0.0,12.0,2.0,15.0,355.0,32.0,254.0,69.0,0.0
SOUTH CAROLINA,Clinton,7743.0,99.0,2.0,7.0,0.0,90.0,312.0,42.0,244.0,26.0,0.0
SOUTH CAROLINA,Clio,575.0,6.0,0.0,1.0,1.0,4.0,10.0,4.0,6.0,0.0,0.0
SOUTH CAROLINA,Clover,7624.0,11.0,0.0,1.0,0.0,10.0,75.0,9.0,57.0,9.0,0.0
SOUTH CAROLINA,Columbia,144559.0,1113.0,14.0,89.0,157.0,853.0,4673.0,718.0,3407.0,548.0,28.0
SOUTH CAROLINA,Conway,29015.0,129.0,3.0,12.0,8.0,106.0,573.0,30.0,510.0,33.0,2.0
SOUTH CAROLINA,Cowpens,2247.0,8.0,0.0,0.0,0.0,8.0,33.0,12.0,18.0,3.0,1.0
SOUTH CAROLINA,Darlington,6013.0,68.0,1.0,1.0,5.0,61.0,354.0,37.0,264.0,53.0,2.0
SOUTH CAROLINA,Denmark,3077.0,20.0,2.0,0.0,4.0,14.0,89.0,34.0,50.0,5.0,1.0
SOUTH CAROLINA,Dillon,6240.0,148.0,0.0,2.0,5.0,141.0,416.0,64.0,323.0,29.0,4.0
SOUTH CAROLINA,Due West,1216.0,0.0,0.0,0.0,0.0,0.0,6.0,1.0,5.0,0.0,0.0
SOUTH CAROLINA,Duncan,4560.0,19.0,0.0,1.0,2.0,16.0,80.0,5.0,70.0,5.0,0.0
SOUTH CAROLINA,Easley,27617.0,66.0,1.0,7.0,5.0,53.0,496.0,39.0,421.0,36.0,4.0
SOUTH CAROLINA,Edisto Beach,1056.0,0.0,0.0,0.0,0.0,0.0,13.0,1.0,11.0,1.0,0.0
SOUTH CAROLINA,Ehrhardt,438.0,3.0,0.0,0.0,1.0,2.0,12.0,5.0,6.0,1.0,0.0
SOUTH CAROLINA,Elgin,1650.0,7.0,0.0,0.0,0.0,7.0,89.0,1.0,83.0,5.0,0.0
SOUTH CAROLINA,Elloree,544.0,2.0,0.0,0.0,0.0,2.0,18.0,1.0,17.0,0.0,0.0
SOUTH CAROLINA,Estill,1752.0,38.0,2.0,0.0,1.0,35.0,55.0,6.0,39.0,10.0,2.0
SOUTH CAROLINA,Eutawville,234.0,0.0,0.0,0.0,0.0,0.0,20.0,4.0,13.0,3.0,0.0
SOUTH CAROLINA,Florence,40781.0,329.0,6.0,14.0,23.0,286.0,1598.0,125.0,1334.0,139.0,10.0
SOUTH CAROLINA,Folly Beach,2084.0,7.0,0.0,4.0,0.0,3.0,47.0,9.0,36.0,2.0,0.0
SOUTH CAROLINA,Forest Acres,10309.0,30.0,1.0,4.0,5.0,20.0,351.0,22.0,306.0,23.0,1.0
SOUTH CAROLINA,Fort Lawn,976.0,5.0,0.0,2.0,0.0,3.0,31.0,1.0,28.0,2.0,0.0
SOUTH CAROLINA,Fort Mill,37027.0,17.0,0.0,5.0,3.0,9.0,234.0,16.0,205.0,13.0,1.0
SOUTH CAROLINA,Fountain Inn,13996.0,11.0,0.0,0.0,1.0,10.0,137.0,13.0,105.0,19.0,2.0
SOUTH CAROLINA,Gaffney,12399.0,28.0,2.0,7.0,2.0,17.0,518.0,80.0,389.0,49.0,4.0
SOUTH CAROLINA,Gaston,1639.0,6.0,0.0,1.0,1.0,4.0,53.0,10.0,36.0,7.0,0.0
SOUTH CAROLINA,Georgetown,8823.0,75.0,0.0,6.0,4.0,65.0,318.0,34.0,261.0,23.0,3.0
SOUTH CAROLINA,Goose Creek,50294.0,129.0,4.0,18.0,15.0,92.0,737.0,127.0,545.0,65.0,2.0
SOUTH CAROLINA,Greenville,73405.0,473.0,7.0,22.0,47.0,397.0,2546.0,223.0,2098.0,225.0,2.0
SOUTH CAROLINA,Greenwood,22478.0,109.0,3.0,14.0,13.0,79.0,747.0,164.0,569.0,14.0,2.0
SOUTH CAROLINA,Greer,47690.0,164.0,1.0,20.0,10.0,133.0,824.0,60.0,673.0,91.0,3.0
SOUTH CAROLINA,Hampton,2579.0,16.0,0.0,1.0,2.0,13.0,70.0,15.0,50.0,5.0,1.0
SOUTH CAROLINA,Hanahan,22205.0,50.0,0.0,4.0,7.0,39.0,315.0,35.0,237.0,43.0,2.0
SOUTH CAROLINA,Hardeeville,13740.0,22.0,2.0,0.0,5.0,15.0,207.0,45.0,152.0,10.0,0.0
SOUTH CAROLINA,Hartsville,7389.0,129.0,1.0,5.0,10.0,113.0,358.0,33.0,289.0,36.0,6.0
SOUTH CAROLINA,Hemingway,463.0,11.0,0.0,0.0,0.0,11.0,64.0,6.0,57.0,1.0,0.0
SOUTH CAROLINA,Holly Hill,1241.0,10.0,0.0,0.0,1.0,9.0,62.0,13.0,44.0,5.0,0.0
SOUTH CAROLINA,Honea Path,3902.0,27.0,0.0,3.0,1.0,23.0,101.0,17.0,74.0,10.0,6.0
SOUTH CAROLINA,Inman,3334.0,12.0,0.0,2.0,0.0,10.0,49.0,4.0,40.0,5.0,1.0
SOUTH CAROLINA,Irmo,12178.0,29.0,0.0,3.0,4.0,22.0,191.0,13.0,163.0,15.0,0.0
SOUTH CAROLINA,Isle of Palms,4377.0,6.0,0.0,2.0,1.0,3.0,58.0,1.0,52.0,5.0,0.0
SOUTH CAROLINA,Iva,1189.0,3.0,0.0,1.0,1.0,1.0,46.0,3.0,42.0,1.0,0.0
SOUTH CAROLINA,Jamestown,71.0,0.0,0.0,0.0,0.0,0.0,2.0,0.0,2.0,0.0,0.0
SOUTH CAROLINA,Jonesville,812.0,2.0,1.0,0.0,0.0,1.0,11.0,1.0,6.0,4.0,0.0
SOUTH CAROLINA,Kingstree,3021.0,36.0,1.0,4.0,2.0,29.0,229.0,37.0,184.0,8.0,2.0
SOUTH CAROLINA,Lake City,5937.0,107.0,1.0,3.0,4.0,99.0,282.0,51.0,207.0,24.0,2.0
SOUTH CAROLINA,Lake View,758.0,1.0,0.0,0.0,0.0,1.0,12.0,0.0,12.0,0.0,0.0
SOUTH CAROLINA,Lamar,839.0,0.0,0.0,0.0,0.0,0.0,34.0,3.0,29.0,2.0,0.0
SOUTH CAROLINA,Lancaster,9305.0,99.0,4.0,7.0,6.0,82.0,575.0,65.0,485.0,25.0,0.0
SOUTH CAROLINA,Landrum,2769.0,6.0,0.0,1.0,0.0,5.0,29.0,2.0,25.0,2.0,0.0
SOUTH CAROLINA,Lane,448.0,0.0,0.0,0.0,0.0,0.0,0.0,0.0,0.0,0.0,0.0
SOUTH CAROLINA,Latta,1239.0,12.0,0.0,0.0,1.0,11.0,41.0,8.0,29.0,4.0,1.0
SOUTH CAROLINA,Laurens,9263.0,86.0,0.0,4.0,4.0,78.0,278.0,37.0,219.0,22.0,0.0
SOUTH CAROLINA,Lexington,25359.0,30.0,0.0,2.0,0.0,28.0,397.0,24.0,348.0,25.0,1.0
SOUTH CAROLINA,Liberty,3290.0,10.0,0.0,2.0,0.0,8.0,38.0,3.0,31.0,4.0,0.0
SOUTH CAROLINA,Loris,2851.0,12.0,0.0,0.0,2.0,10.0,85.0,13.0,67.0,5.0,0.0
SOUTH CAROLINA,Lyman,6886.0,14.0,0.0,2.0,0.0,12.0,52.0,3.0,47.0,2.0,0.0
SOUTH CAROLINA,Manning,3782.0,39.0,0.0,1.0,5.0,33.0,301.0,33.0,255.0,13.0,0.0
SOUTH CAROLINA,Marion,6123.0,54.0,4.0,3.0,8.0,39.0,325.0,46.0,265.0,14.0,4.0
SOUTH CAROLINA,Mauldin,29180.0,64.0,2.0,6.0,8.0,48.0,403.0,57.0,303.0,43.0,0.0
SOUTH CAROLINA,McBee,793.0,0.0,0.0,0.0,0.0,0.0,0.0,0.0,0.0,0.0,0.0
SOUTH CAROLINA,McColl,1969.0,25.0,0.0,0.0,2.0,23.0,97.0,21.0,74.0,2.0,1.0
SOUTH CAROLINA,McCormick,2035.0,8.0,2.0,0.0,1.0,5.0,41.0,7.0,34.0,0.0,0.0
SOUTH CAROLINA,Moncks Corner,17854.0,60.0,2.0,4.0,6.0,48.0,361.0,82.0,257.0,22.0,1.0
SOUTH CAROLINA,Mount Pleasant,96608.0,124.0,0.0,14.0,21.0,89.0,1132.0,95.0,966.0,71.0,3.0
SOUTH CAROLINA,Mullins,3845.0,61.0,4.0,3.0,6.0,48.0,192.0,43.0,139.0,10.0,0.0
SOUTH CAROLINA,Myrtle Beach,41022.0,456.0,5.0,76.0,71.0,304.0,2320.0,183.0,1975.0,162.0,12.0
SOUTH CAROLINA,Newberry,10926.0,64.0,5.0,4.0,6.0,49.0,340.0,48.0,284.0,8.0,0.0
SOUTH CAROLINA,New Ellenton,2357.0,5.0,0.0,0.0,1.0,4.0,36.0,4.0,27.0,5.0,0.0
SOUTH CAROLINA,Ninety Six,2057.0,5.0,0.0,1.0,0.0,4.0,18.0,3.0,15.0,0.0,0.0
SOUTH CAROLINA,North,671.0,0.0,0.0,0.0,0.0,0.0,31.0,10.0,20.0,1.0,1.0
SOUTH CAROLINA,North Augusta,26377.0,9.0,0.0,1.0,1.0,7.0,108.0,2.0,100.0,6.0,0.0
SOUTH CAROLINA,North Charleston,123511.0,1001.0,21.0,75.0,189.0,716.0,4886.0,400.0,3836.0,650.0,6.0
SOUTH CAROLINA,North Myrtle Beach,20790.0,75.0,0.0,12.0,3.0,60.0,670.0,45.0,576.0,49.0,3.0
SOUTH CAROLINA,Olanta,540.0,0.0,0.0,0.0,0.0,0.0,3.0,0.0,2.0,1.0,0.0
SOUTH CAROLINA,Orangeburg,13320.0,166.0,4.0,3.0,25.0,134.0,827.0,148.0,607.0,72.0,5.0
SOUTH CAROLINA,Pacolet,2543.0,8.0,0.0,2.0,1.0,5.0,34.0,10.0,23.0,1.0,0.0
SOUTH CAROLINA,Pageland,2514.0,49.0,0.0,3.0,1.0,45.0,107.0,15.0,83.0,9.0,0.0
SOUTH CAROLINA,Pamplico,1052.0,8.0,0.0,0.0,0.0,8.0,17.0,6.0,9.0,2.0,0.0
SOUTH CAROLINA,Pelion,624.0,5.0,0.0,0.0,1.0,4.0,42.0,1.0,37.0,4.0,0.0
SOUTH CAROLINA,Pendleton,3711.0,11.0,1.0,2.0,0.0,8.0,59.0,12.0,45.0,2.0,0.0
SOUTH CAROLINA,Pickens,3388.0,10.0,0.0,1.0,0.0,9.0,104.0,8.0,95.0,1.0,0.0
SOUTH CAROLINA,Pine Ridge,2332.0,1.0,0.0,0.0,0.0,1.0,23.0,4.0,16.0,3.0,0.0
SOUTH CAROLINA,Port Royal,16931.0,22.0,0.0,6.0,1.0,15.0,207.0,18.0,180.0,9.0,0.0
SOUTH CAROLINA,Prosperity,1225.0,3.0,0.0,1.0,0.0,2.0,16.0,1.0,15.0,0.0,0.0
SOUTH CAROLINA,Quinby,902.0,0.0,0.0,0.0,0.0,0.0,0.0,0.0,0.0,0.0,0.0
SOUTH CAROLINA,Ridgeland,3751.0,16.0,2.0,0.0,3.0,11.0,92.0,12.0,75.0,5.0,0.0
SOUTH CAROLINA,Ridge Spring,583.0,0.0,0.0,0.0,0.0,0.0,10.0,1.0,8.0,1.0,1.0
SOUTH CAROLINA,Rock Hill,75975.0,335.0,9.0,26.0,30.0,270.0,1784.0,209.0,1373.0,202.0,4.0
SOUTH CAROLINA,Saluda,3054.0,10.0,0.0,1.0,1.0,8.0,47.0,4.0,42.0,1.0,0.0
SOUTH CAROLINA,Santee,806.0,10.0,1.0,0.0,2.0,7.0,49.0,6.0,42.0,1.0,0.0
SOUTH CAROLINA,Seneca,9106.0,56.0,1.0,2.0,2.0,51.0,157.0,29.0,116.0,12.0,0.0
SOUTH CAROLINA,Simpsonville,28952.0,62.0,0.0,13.0,6.0,43.0,755.0,41.0,675.0,39.0,0.0
SOUTH CAROLINA,Society Hill,428.0,0.0,0.0,0.0,0.0,0.0,8.0,1.0,6.0,1.0,0.0
SOUTH CAROLINA,South Congaree,2389.0,5.0,0.0,0.0,4.0,1.0,39.0,4.0,33.0,2.0,0.0
SOUTH CAROLINA,Spartanburg,39186.0,580.0,2.0,34.0,64.0,480.0,2049.0,370.0,1432.0,247.0,20.0
SOUTH CAROLINA,Springdale,2714.0,15.0,0.0,1.0,1.0,13.0,71.0,4.0,59.0,8.0,0.0
SOUTH CAROLINA,St. George,1833.0,16.0,1.0,0.0,5.0,10.0,86.0,9.0,64.0,13.0,0.0
SOUTH CAROLINA,St. Matthews,1822.0,6.0,0.0,0.0,0.0,6.0,26.0,3.0,17.0,6.0,0.0
SOUTH CAROLINA,Sullivan's Island,1930.0,0.0,0.0,0.0,0.0,0.0,22.0,0.0,18.0,4.0,0.0
SOUTH CAROLINA,Summerton,782.0,22.0,0.0,0.0,1.0,21.0,61.0,16.0,45.0,0.0,0.0
SOUTH CAROLINA,Summerville,52148.0,116.0,2.0,9.0,11.0,94.0,922.0,51.0,806.0,65.0,3.0
SOUTH CAROLINA,Sumter,42551.0,467.0,10.0,10.0,28.0,419.0,1577.0,145.0,1223.0,209.0,4.0
SOUTH CAROLINA,Surfside Beach,4377.0,10.0,0.0,0.0,0.0,10.0,81.0,24.0,46.0,11.0,0.0
SOUTH CAROLINA,Swansea,772.0,4.0,1.0,0.0,1.0,2.0,33.0,1.0,32.0,0.0,0.0
SOUTH CAROLINA,Tega Cay,14456.0,4.0,0.0,1.0,1.0,2.0,43.0,3.0,37.0,3.0,1.0
SOUTH CAROLINA,Timmonsville,2106.0,12.0,0.0,0.0,0.0,12.0,47.0,8.0,34.0,5.0,0.0
SOUTH CAROLINA,Travelers Rest,9088.0,24.0,1.0,1.0,3.0,19.0,226.0,7.0,212.0,7.0,1.0
SOUTH CAROLINA,Union,7795.0,76.0,2.0,6.0,10.0,58.0,511.0,98.0,381.0,32.0,2.0
SOUTH CAROLINA,Walhalla,4239.0,10.0,0.0,2.0,0.0,8.0,34.0,4.0,26.0,4.0,0.0
SOUTH CAROLINA,Walterboro,5465.0,55.0,2.0,1.0,6.0,46.0,294.0,24.0,253.0,17.0,3.0
SOUTH CAROLINA,Ware Shoals,1703.0,14.0,0.0,2.0,0.0,12.0,34.0,8.0,24.0,2.0,0.0
SOUTH CAROLINA,Wellford,3723.0,4.0,0.0,0.0,0.0,4.0,34.0,3.0,22.0,9.0,0.0
SOUTH CAROLINA,West Columbia,18591.0,139.0,3.0,9.0,14.0,113.0,825.0,69.0,690.0,66.0,2.0
SOUTH CAROLINA,Westminster,2433.0,5.0,0.0,2.0,0.0,3.0,39.0,5.0,29.0,5.0,1.0
SOUTH CAROLINA,West Union,389.0,3.0,0.0,1.0,0.0,2.0,26.0,0.0,24.0,2.0,0.0
SOUTH CAROLINA,Whitmire,1434.0,0.0,0.0,0.0,0.0,0.0,35.0,11.0,24.0,0.0,0.0
SOUTH CAROLINA,Williamston,4275.0,29.0,0.0,4.0,1.0,24.0,90.0,8.0,74.0,8.0,1.0
SOUTH CAROLINA,Williston,2851.0,16.0,1.0,2.0,2.0,11.0,112.0,22.0,87.0,3.0,2.0
SOUTH CAROLINA,Woodruff,4689.0,18.0,0.0,2.0,0.0,16.0,98.0,13.0,79.0,6.0,0.0
SOUTH CAROLINA,Yemassee,1078.0,6.0,0.0,0.0,5.0,1.0,49.0,6.0,34.0,9.0,0.0
SOUTH CAROLINA,York,9366.0,68.0,1.0,3.0,9.0,55.0,287.0,31.0,238.0,18.0,0.0
SOUTH DAKOTA,Aberdeen,28004.0,75.0,0.0,14.0,0.0,61.0,395.0,70.0,296.0,29.0,0.0
SOUTH DAKOTA,Belle Fourche,5955.0,9.0,0.0,4.0,1.0,4.0,137.0,90.0,42.0,5.0,0.0
SOUTH DAKOTA,Beresford,2079.0,4.0,0.0,1.0,0.0,3.0,23.0,6.0,13.0,4.0,0.0
SOUTH DAKOTA,Box Elder,14589.0,51.0,1.0,10.0,1.0,39.0,174.0,25.0,126.0,23.0,1.0
SOUTH DAKOTA,Brandon,10935.0,8.0,0.0,0.0,0.0,8.0,41.0,5.0,28.0,8.0,0.0
SOUTH DAKOTA,Brookings,24638.0,21.0,0.0,4.0,0.0,17.0,290.0,11.0,261.0,18.0,0.0
SOUTH DAKOTA,Burke,577.0,1.0,0.0,0.0,0.0,1.0,1.0,0.0,0.0,1.0,0.0
SOUTH DAKOTA,Centerville,968.0,5.0,3.0,1.0,0.0,1.0,5.0,1.0,4.0,0.0,0.0
SOUTH DAKOTA,Chamberlain,2497.0,11.0,0.0,2.0,0.0,9.0,39.0,4.0,29.0,6.0,0.0
SOUTH DAKOTA,Clark,1162.0,4.0,0.0,0.0,0.0,4.0,3.0,0.0,3.0,0.0,0.0
SOUTH DAKOTA,Deadwood,1413.0,14.0,0.0,2.0,0.0,12.0,34.0,5.0,28.0,1.0,0.0
SOUTH DAKOTA,Elk Point,2054.0,1.0,0.0,1.0,0.0,0.0,12.0,4.0,8.0,0.0,0.0
SOUTH DAKOTA,Flandreau,2353.0,4.0,0.0,0.0,0.0,4.0,26.0,7.0,16.0,3.0,0.0
SOUTH DAKOTA,Hot Springs,3686.0,7.0,0.0,0.0,0.0,7.0,1.0,1.0,0.0,0.0,0.0
SOUTH DAKOTA,Huron,14740.0,43.0,1.0,7.0,0.0,35.0,223.0,10.0,203.0,10.0,0.0
SOUTH DAKOTA,Jefferson,440.0,0.0,0.0,0.0,0.0,0.0,3.0,1.0,2.0,0.0,0.0
SOUTH DAKOTA,Lead,3054.0,5.0,0.0,0.0,0.0,5.0,12.0,2.0,9.0,1.0,0.0
SOUTH DAKOTA,Lennox,2518.0,2.0,0.0,0.0,0.0,2.0,3.0,0.0,2.0,1.0,0.0
SOUTH DAKOTA,Madison,6069.0,9.0,0.0,5.0,0.0,4.0,48.0,5.0,42.0,1.0,0.0
SOUTH DAKOTA,Miller,1319.0,0.0,0.0,0.0,0.0,0.0,0.0,0.0,0.0,0.0,0.0
SOUTH DAKOTA,Mitchell,15607.0,41.0,1.0,6.0,3.0,31.0,307.0,26.0,249.0,32.0,3.0
SOUTH DAKOTA,Mobridge,3217.0,9.0,0.0,3.0,0.0,6.0,16.0,4.0,12.0,0.0,0.0
SOUTH DAKOTA,North Sioux City,3049.0,6.0,0.0,0.0,2.0,4.0,45.0,0.0,42.0,3.0,0.0
SOUTH DAKOTA,Parkston,1539.0,1.0,0.0,1.0,0.0,0.0,1.0,0.0,1.0,0.0,0.0
SOUTH DAKOTA,Pierre,13822.0,70.0,0.0,10.0,1.0,59.0,275.0,33.0,213.0,29.0,0.0
SOUTH DAKOTA,Rapid City,80957.0,582.0,5.0,110.0,84.0,383.0,3070.0,346.0,2418.0,306.0,3.0
SOUTH DAKOTA,Scotland,785.0,1.0,0.0,0.0,0.0,1.0,0.0,0.0,0.0,0.0,0.0
SOUTH DAKOTA,Sioux Falls,210926.0,1111.0,14.0,59.0,100.0,938.0,6149.0,639.0,4587.0,923.0,25.0
SOUTH DAKOTA,Sisseton,2401.0,5.0,0.0,2.0,0.0,3.0,17.0,5.0,9.0,3.0,0.0
SOUTH DAKOTA,Spearfish,13657.0,36.0,0.0,14.0,2.0,20.0,249.0,23.0,211.0,15.0,0.0
SOUTH DAKOTA,Sturgis,7056.0,16.0,0.0,3.0,0.0,13.0,124.0,13.0,103.0,8.0,0.0
SOUTH DAKOTA,Summerset,3008.0,2.0,0.0,0.0,0.0,2.0,17.0,0.0,17.0,0.0,0.0
SOUTH DAKOTA,Tea,8055.0,11.0,1.0,2.0,0.0,8.0,92.0,9.0,75.0,8.0,0.0
SOUTH DAKOTA,Vermillion,12110.0,22.0,0.0,6.0,0.0,16.0,141.0,6.0,119.0,16.0,0.0
SOUTH DAKOTA,Wagner,1407.0,9.0,0.0,0.0,1.0,8.0,55.0,11.0,41.0,3.0,0.0
SOUTH DAKOTA,Watertown,23417.0,71.0,0.0,15.0,0.0,56.0,240.0,16.0,208.0,16.0,1.0
SOUTH DAKOTA,Whitewood,962.0,2.0,0.0,0.0,0.0,2.0,2.0,0.0,2.0,0.0,0.0
SOUTH DAKOTA,Winner,2914.0,4.0,0.0,0.0,0.0,4.0,27.0,1.0,22.0,4.0,0.0
SOUTH DAKOTA,Yankton,15698.0,43.0,1.0,13.0,1.0,28.0,309.0,13.0,282.0,14.0,3.0
TENNESSEE,Adamsville,2281.0,9.0,0.0,1.0,0.0,8.0,37.0,7.0,25.0,5.0,0.0
TENNESSEE,Alamo,2334.0,6.0,0.0,0.0,0.0,6.0,16.0,6.0,10.0,0.0,0.0
TENNESSEE,Alcoa,14270.0,55.0,0.0,11.0,3.0,41.0,194.0,18.0,156.0,20.0,2.0
TENNESSEE,Algood,4163.0,13.0,0.0,5.0,1.0,7.0,37.0,3.0,30.0,4.0,0.0
TENNESSEE,Ardmore,1230.0,4.0,0.0,1.0,2.0,1.0,47.0,11.0,29.0,7.0,0.0
TENNESSEE,Ashland City,5728.0,6.0,0.0,1.0,0.0,5.0,63.0,8.0,49.0,6.0,0.0
TENNESSEE,Athens,14949.0,93.0,1.0,5.0,7.0,80.0,548.0,65.0,438.0,45.0,2.0
TENNESSEE,Atoka,10777.0,19.0,0.0,0.0,0.0,19.0,56.0,6.0,36.0,14.0,0.0
TENNESSEE,Bartlett,55494.0,139.0,0.0,5.0,9.0,125.0,712.0,51.0,530.0,131.0,4.0
TENNESSEE,Baxter,2068.0,5.0,0.0,0.0,0.0,5.0,16.0,1.0,13.0,2.0,0.0
TENNESSEE,Bean Station,3108.0,1.0,0.0,0.0,0.0,1.0,17.0,0.0,14.0,3.0,0.0
TENNESSEE,Belle Meade,2502.0,0.0,0.0,0.0,0.0,0.0,21.0,1.0,18.0,2.0,0.0
TENNESSEE,Bells,2480.0,4.0,0.0,0.0,0.0,4.0,9.0,2.0,6.0,1.0,0.0
TENNESSEE,Benton,1421.0,3.0,0.0,0.0,0.0,3.0,7.0,1.0,6.0,0.0,0.0
TENNESSEE,Berry Hill,1762.0,7.0,0.0,0.0,0.0,7.0,120.0,7.0,94.0,19.0,0.0
TENNESSEE,Blaine,2158.0,2.0,0.0,0.0,0.0,2.0,18.0,2.0,13.0,3.0,0.0
TENNESSEE,Bluff City,1846.0,8.0,0.0,0.0,0.0,8.0,31.0,0.0,27.0,4.0,0.0
TENNESSEE,Bolivar,5119.0,65.0,0.0,2.0,5.0,58.0,127.0,20.0,87.0,20.0,0.0
TENNESSEE,Brentwood,45208.0,26.0,0.0,5.0,3.0,18.0,330.0,30.0,284.0,16.0,2.0
TENNESSEE,Brighton,2880.0,10.0,1.0,0.0,1.0,8.0,23.0,2.0,16.0,5.0,0.0
TENNESSEE,Bristol,28082.0,102.0,0.0,9.0,6.0,87.0,550.0,87.0,424.0,39.0,2.0
TENNESSEE,Brownsville,9264.0,96.0,0.0,9.0,8.0,79.0,232.0,53.0,166.0,13.0,1.0
TENNESSEE,Camden,3686.0,3.0,0.0,0.0,1.0,2.0,41.0,2.0,38.0,1.0,0.0
TENNESSEE,Carthage,2255.0,12.0,0.0,0.0,0.0,12.0,49.0,2.0,45.0,2.0,0.0
TENNESSEE,Caryville,2189.0,7.0,0.0,0.0,0.0,7.0,17.0,3.0,11.0,3.0,0.0
TENNESSEE,Celina,1393.0,0.0,0.0,0.0,0.0,0.0,12.0,4.0,7.0,1.0,0.0
TENNESSEE,Centerville,3580.0,4.0,0.0,0.0,0.0,4.0,14.0,4.0,9.0,1.0,0.0
TENNESSEE,Chapel Hill,1898.0,0.0,0.0,0.0,0.0,0.0,7.0,4.0,3.0,0.0,0.0
TENNESSEE,Charleston,901.0,4.0,0.0,0.0,0.0,4.0,8.0,1.0,6.0,1.0,0.0
TENNESSEE,Chattanooga,188894.0,1556.0,24.0,172.0,177.0,1183.0,7447.0,717.0,5471.0,1259.0,24.0
TENNESSEE,Church Hill,7311.0,2.0,0.0,2.0,0.0,0.0,20.0,4.0,15.0,1.0,0.0
TENNESSEE,Clarksville,185349.0,760.0,9.0,101.0,43.0,607.0,3025.0,373.0,2314.0,338.0,18.0
TENNESSEE,Cleveland,49482.0,224.0,2.0,9.0,31.0,182.0,1180.0,135.0,971.0,74.0,8.0
TENNESSEE,Clinton,10430.0,47.0,0.0,4.0,3.0,40.0,224.0,23.0,176.0,25.0,1.0
TENNESSEE,Collegedale,11599.0,2.0,0.0,0.0,0.0,2.0,96.0,10.0,80.0,6.0,1.0
TENNESSEE,Collierville,51312.0,77.0,0.0,2.0,8.0,67.0,651.0,49.0,546.0,56.0,1.0
TENNESSEE,Columbia,49374.0,283.0,6.0,26.0,16.0,235.0,1228.0,456.0,693.0,79.0,1.0
TENNESSEE,Cookeville,37248.0,109.0,0.0,21.0,3.0,85.0,619.0,64.0,504.0,51.0,6.0
TENNESSEE,Coopertown,4770.0,6.0,0.0,0.0,0.0,6.0,13.0,5.0,7.0,1.0,0.0
TENNESSEE,Covington,8537.0,95.0,0.0,3.0,5.0,87.0,216.0,38.0,163.0,15.0,5.0
TENNESSEE,Crossville,12842.0,83.0,0.0,11.0,4.0,68.0,332.0,65.0,245.0,22.0,5.0
TENNESSEE,Dandridge,3708.0,8.0,0.0,2.0,4.0,2.0,43.0,5.0,38.0,0.0,0.0
TENNESSEE,Dayton,7465.0,18.0,0.0,0.0,1.0,17.0,107.0,5.0,93.0,9.0,1.0
TENNESSEE,Decatur,1651.0,5.0,0.0,1.0,0.0,4.0,38.0,6.0,28.0,4.0,1.0
TENNESSEE,Decherd,2468.0,13.0,0.0,2.0,0.0,11.0,48.0,9.0,31.0,8.0,1.0
TENNESSEE,Dickson,16980.0,79.0,1.0,8.0,0.0,70.0,395.0,18.0,339.0,38.0,2.0
TENNESSEE,Dresden,2935.0,4.0,0.0,2.0,0.0,2.0,25.0,3.0,19.0,3.0,0.0
TENNESSEE,Dunlap,5959.0,10.0,0.0,0.0,0.0,10.0,62.0,9.0,47.0,6.0,0.0
TENNESSEE,Dyer,2326.0,10.0,0.0,0.0,0.0,10.0,18.0,4.0,14.0,0.0,0.0
TENNESSEE,Dyersburg,15917.0,200.0,3.0,13.0,9.0,175.0,757.0,150.0,560.0,47.0,3.0
TENNESSEE,East Ridge,21886.0,90.0,1.0,15.0,4.0,70.0,437.0,33.0,370.0,34.0,2.0
TENNESSEE,Elizabethton,14228.0,21.0,0.0,1.0,1.0,19.0,222.0,19.0,192.0,11.0,0.0
TENNESSEE,Englewood,1578.0,1.0,0.0,0.0,0.0,1.0,7.0,2.0,3.0,2.0,0.0
TENNESSEE,Erin,1179.0,0.0,0.0,0.0,0.0,0.0,4.0,0.0,3.0,1.0,0.0
TENNESSEE,Estill Springs,2271.0,12.0,0.0,2.0,1.0,9.0,13.0,4.0,8.0,1.0,0.0
TENNESSEE,Etowah,3720.0,6.0,0.0,1.0,0.0,5.0,15.0,3.0,6.0,6.0,0.0
TENNESSEE,Fairview,10496.0,13.0,0.0,5.0,0.0,8.0,49.0,2.0,41.0,6.0,0.0
TENNESSEE,Fayetteville,7042.0,81.0,0.0,2.0,4.0,75.0,118.0,14.0,97.0,7.0,0.0
TENNESSEE,Franklin,90077.0,119.0,1.0,12.0,6.0,100.0,849.0,36.0,747.0,66.0,1.0
TENNESSEE,Gallatin,52346.0,109.0,1.0,8.0,7.0,93.0,392.0,26.0,329.0,37.0,0.0
TENNESSEE,Gatlinburg,3752.0,18.0,0.0,4.0,0.0,14.0,111.0,13.0,90.0,8.0,0.0
TENNESSEE,Germantown,39938.0,67.0,0.0,8.0,4.0,55.0,470.0,17.0,396.0,57.0,8.0
TENNESSEE,Goodlettsville,17312.0,22.0,1.0,2.0,3.0,16.0,155.0,24.0,96.0,35.0,1.0
TENNESSEE,Gordonsville,1383.0,6.0,0.0,1.0,0.0,5.0,8.0,2.0,6.0,0.0,0.0
TENNESSEE,Greenbrier,6949.0,11.0,0.0,2.0,0.0,9.0,32.0,5.0,20.0,7.0,0.0
TENNESSEE,Greeneville,15866.0,41.0,0.0,3.0,0.0,38.0,301.0,47.0,226.0,28.0,1.0
TENNESSEE,Greenfield,2013.0,10.0,0.0,0.0,0.0,10.0,15.0,3.0,9.0,3.0,0.0
TENNESSEE,Halls,2037.0,5.0,1.0,0.0,0.0,4.0,26.0,5.0,20.0,1.0,1.0
TENNESSEE,Harriman,6246.0,30.0,0.0,4.0,3.0,23.0,224.0,11.0,200.0,13.0,3.0
TENNESSEE,Henderson,6441.0,12.0,0.0,1.0,1.0,10.0,38.0,3.0,34.0,1.0,1.0
TENNESSEE,Hendersonville,64126.0,79.0,2.0,2.0,1.0,74.0,458.0,33.0,394.0,31.0,2.0
TENNESSEE,Hohenwald,3956.0,11.0,0.0,0.0,0.0,11.0,54.0,8.0,46.0,0.0,0.0
TENNESSEE,Humboldt,7828.0,45.0,0.0,6.0,3.0,36.0,127.0,26.0,94.0,7.0,3.0
TENNESSEE,Huntingdon,4527.0,6.0,0.0,0.0,0.0,6.0,36.0,1.0,34.0,1.0,0.0
TENNESSEE,Jacksboro,2275.0,0.0,0.0,0.0,0.0,0.0,45.0,1.0,44.0,0.0,0.0
TENNESSEE,Jackson,68286.0,649.0,17.0,24.0,68.0,540.0,2158.0,306.0,1663.0,189.0,8.0
TENNESSEE,Jamestown,2096.0,12.0,0.0,1.0,1.0,10.0,75.0,9.0,63.0,3.0,0.0
TENNESSEE,Jasper,3623.0,9.0,0.0,0.0,0.0,9.0,22.0,4.0,16.0,2.0,0.0
TENNESSEE,Jefferson City,8877.0,26.0,0.0,2.0,1.0,23.0,172.0,18.0,145.0,9.0,0.0
TENNESSEE,Johnson City,74093.0,298.0,4.0,56.0,25.0,213.0,1706.0,151.0,1426.0,129.0,5.0
TENNESSEE,Jonesborough,6684.0,10.0,0.0,3.0,0.0,7.0,89.0,9.0,64.0,16.0,0.0
TENNESSEE,Kimball,1626.0,1.0,0.0,0.0,1.0,0.0,56.0,2.0,53.0,1.0,0.0
TENNESSEE,Kingsport,57138.0,252.0,2.0,27.0,21.0,202.0,1691.0,180.0,1338.0,173.0,8.0
TENNESSEE,Kingston,6306.0,8.0,0.0,0.0,1.0,7.0,19.0,2.0,12.0,5.0,0.0
TENNESSEE,Knoxville,200457.0,1484.0,22.0,130.0,164.0,1168.0,5455.0,659.0,4037.0,759.0,9.0
TENNESSEE,Lafayette,5923.0,7.0,0.0,2.0,0.0,5.0,102.0,4.0,96.0,2.0,0.0
TENNESSEE,La Follette,7187.0,23.0,0.0,0.0,1.0,22.0,63.0,8.0,42.0,13.0,0.0
TENNESSEE,La Vergne,39897.0,190.0,2.0,15.0,14.0,159.0,732.0,75.0,555.0,102.0,0.0
TENNESSEE,Lawrenceburg,12110.0,39.0,0.0,1.0,4.0,34.0,179.0,37.0,123.0,19.0,1.0
TENNESSEE,Lebanon,51653.0,178.0,3.0,19.0,5.0,151.0,534.0,70.0,415.0,49.0,3.0
TENNESSEE,Lenoir City,12354.0,43.0,1.0,3.0,2.0,37.0,198.0,23.0,158.0,17.0,0.0
TENNESSEE,Lewisburg,13406.0,96.0,1.0,2.0,5.0,88.0,259.0,23.0,211.0,25.0,1.0
TENNESSEE,Lexington,8000.0,33.0,0.0,1.0,0.0,32.0,159.0,21.0,130.0,8.0,2.0
TENNESSEE,Livingston,4081.0,13.0,0.0,1.0,0.0,12.0,26.0,2.0,19.0,5.0,0.0
TENNESSEE,Loudon,6876.0,11.0,0.0,0.0,0.0,11.0,37.0,6.0,22.0,9.0,0.0
TENNESSEE,Madisonville,5379.0,20.0,0.0,3.0,0.0,17.0,119.0,16.0,96.0,7.0,1.0
TENNESSEE,Manchester,13626.0,89.0,1.0,17.0,4.0,67.0,335.0,35.0,284.0,16.0,3.0
TENNESSEE,Martin,11059.0,33.0,0.0,1.0,1.0,31.0,120.0,14.0,101.0,5.0,0.0
TENNESSEE,Maryville,32583.0,43.0,0.0,7.0,2.0,34.0,165.0,15.0,133.0,17.0,4.0
TENNESSEE,Maynardville,2619.0,5.0,0.0,1.0,1.0,3.0,47.0,3.0,36.0,8.0,0.0
TENNESSEE,McEwen,1740.0,7.0,0.0,0.0,0.0,7.0,18.0,1.0,16.0,1.0,0.0
TENNESSEE,McKenzie,5603.0,16.0,0.0,0.0,0.0,16.0,40.0,8.0,30.0,2.0,1.0
TENNESSEE,McMinnville,13787.0,88.0,0.0,11.0,1.0,76.0,230.0,28.0,189.0,13.0,0.0
TENNESSEE,Medina,5654.0,10.0,0.0,0.0,0.0,10.0,13.0,2.0,10.0,1.0,0.0
TENNESSEE,Memphis,613207.0,15338.0,249.0,429.0,2138.0,12522.0,42305.0,5616.0,26978.0,9711.0,343.0
TENNESSEE,Metropolitan Nashville Police Department,698987.0,7857.0,102.0,503.0,1083.0,6169.0,31521.0,3093.0,23377.0,5051.0,54.0
TENNESSEE,Milan,8331.0,47.0,0.0,2.0,0.0,45.0,166.0,35.0,120.0,11.0,1.0
TENNESSEE,Millersville,6295.0,15.0,0.0,1.0,0.0,14.0,29.0,0.0,24.0,5.0,0.0
TENNESSEE,Millington,11785.0,71.0,1.0,4.0,4.0,62.0,448.0,55.0,325.0,68.0,1.0
TENNESSEE,Monterey,2745.0,10.0,0.0,0.0,0.0,10.0,36.0,5.0,25.0,6.0,0.0
TENNESSEE,Morristown,32660.0,250.0,1.0,15.0,11.0,223.0,807.0,82.0,638.0,87.0,5.0
TENNESSEE,Mosheim,2563.0,13.0,0.0,0.0,0.0,13.0,68.0,7.0,54.0,7.0,0.0
TENNESSEE,Mountain City,2478.0,2.0,0.0,0.0,0.0,2.0,22.0,6.0,16.0,0.0,1.0
TENNESSEE,Mount Juliet,44049.0,70.0,0.0,5.0,1.0,64.0,425.0,14.0,384.0,27.0,1.0
TENNESSEE,Mount Pleasant,4830.0,13.0,1.0,2.0,0.0,10.0,36.0,5.0,23.0,8.0,0.0
TENNESSEE,Munford,6901.0,31.0,1.0,2.0,0.0,28.0,43.0,6.0,33.0,4.0,1.0
TENNESSEE,Murfreesboro,169520.0,712.0,5.0,88.0,50.0,569.0,3428.0,277.0,2812.0,339.0,3.0
TENNESSEE,Newbern,3254.0,12.0,0.0,0.0,0.0,12.0,29.0,6.0,19.0,4.0,0.0
TENNESSEE,Newport,7010.0,48.0,0.0,3.0,1.0,44.0,302.0,26.0,259.0,17.0,2.0
TENNESSEE,New Tazewell,2812.0,1.0,0.0,0.0,0.0,1.0,35.0,7.0,27.0,1.0,0.0
TENNESSEE,Nolensville,15930.0,8.0,0.0,1.0,0.0,7.0,33.0,9.0,21.0,3.0,1.0
TENNESSEE,Oakland,11026.0,8.0,1.0,0.0,0.0,7.0,56.0,5.0,42.0,9.0,0.0
TENNESSEE,Oak Ridge,34071.0,99.0,0.0,18.0,3.0,78.0,435.0,71.0,343.0,21.0,4.0
TENNESSEE,Oliver Springs,3430.0,2.0,0.0,0.0,0.0,2.0,52.0,6.0,40.0,6.0,0.0
TENNESSEE,Oneida,3823.0,14.0,0.0,1.0,1.0,12.0,53.0,6.0,43.0,4.0,1.0
TENNESSEE,Paris,10360.0,17.0,0.0,1.0,0.0,16.0,175.0,17.0,152.0,6.0,1.0
TENNESSEE,Parsons,2116.0,20.0,0.0,4.0,0.0,16.0,28.0,3.0,22.0,3.0,0.0
TENNESSEE,Pigeon Forge,6344.0,50.0,1.0,12.0,1.0,36.0,201.0,14.0,173.0,14.0,0.0
TENNESSEE,Pikeville,1899.0,2.0,0.0,2.0,0.0,0.0,28.0,11.0,15.0,2.0,1.0
TENNESSEE,Plainview,2213.0,2.0,0.0,0.0,1.0,1.0,15.0,2.0,10.0,3.0,0.0
TENNESSEE,Pleasant View,5709.0,2.0,0.0,1.0,0.0,1.0,17.0,3.0,10.0,4.0,0.0
TENNESSEE,Portland,13703.0,51.0,0.0,5.0,0.0,46.0,63.0,12.0,43.0,8.0,2.0
TENNESSEE,Pulaski,8243.0,38.0,0.0,2.0,0.0,36.0,195.0,15.0,171.0,9.0,0.0
TENNESSEE,Red Bank,12113.0,48.0,0.0,0.0,1.0,47.0,142.0,17.0,102.0,23.0,1.0
TENNESSEE,Red Boiling Springs,1217.0,11.0,0.0,0.0,0.0,11.0,4.0,2.0,2.0,0.0,0.0
TENNESSEE,Ripley,7575.0,132.0,1.0,5.0,3.0,123.0,163.0,32.0,112.0,19.0,2.0
TENNESSEE,Rockwood,5698.0,33.0,0.0,4.0,0.0,29.0,118.0,17.0,79.0,22.0,3.0
TENNESSEE,Rocky Top,1642.0,25.0,0.0,0.0,1.0,24.0,59.0,8.0,47.0,4.0,0.0
TENNESSEE,Rogersville,4623.0,7.0,0.0,1.0,2.0,4.0,77.0,7.0,57.0,13.0,2.0
TENNESSEE,Savannah,7344.0,51.0,0.0,3.0,0.0,48.0,184.0,35.0,139.0,10.0,1.0
TENNESSEE,Selmer,4490.0,39.0,3.0,2.0,1.0,33.0,84.0,15.0,61.0,8.0,0.0
TENNESSEE,Sevierville,18084.0,79.0,0.0,16.0,1.0,62.0,574.0,30.0,504.0,40.0,1.0
TENNESSEE,Shelbyville,25655.0,111.0,1.0,13.0,3.0,94.0,490.0,45.0,401.0,44.0,2.0
TENNESSEE,Signal Mountain,8935.0,8.0,0.0,0.0,0.0,8.0,39.0,1.0,37.0,1.0,0.0
TENNESSEE,Smithville,5514.0,22.0,0.0,1.0,0.0,21.0,69.0,7.0,52.0,10.0,0.0
TENNESSEE,Smyrna,58791.0,164.0,1.0,17.0,20.0,126.0,1403.0,97.0,1098.0,208.0,2.0
TENNESSEE,Soddy-Daisy,13281.0,22.0,0.0,4.0,0.0,18.0,79.0,15.0,62.0,2.0,0.0
TENNESSEE,Somerville,3559.0,17.0,0.0,2.0,0.0,15.0,35.0,6.0,26.0,3.0,0.0
TENNESSEE,South Carthage,1611.0,2.0,0.0,0.0,0.0,2.0,5.0,1.0,4.0,0.0,0.0
TENNESSEE,South Fulton,2183.0,11.0,0.0,1.0,0.0,10.0,32.0,8.0,17.0,7.0,1.0
TENNESSEE,South Pittsburg,2937.0,4.0,0.0,0.0,0.0,4.0,7.0,0.0,5.0,2.0,0.0
TENNESSEE,Sparta,4887.0,6.0,0.0,1.0,0.0,5.0,110.0,9.0,96.0,5.0,2.0
TENNESSEE,Spencer,1566.0,2.0,0.0,0.0,0.0,2.0,10.0,2.0,7.0,1.0,0.0
TENNESSEE,Spring City,1950.0,0.0,0.0,0.0,0.0,0.0,12.0,0.0,10.0,2.0,0.0
TENNESSEE,Springfield,19729.0,77.0,5.0,1.0,3.0,68.0,181.0,7.0,152.0,22.0,0.0
TENNESSEE,Spring Hill,59921.0,98.0,0.0,4.0,5.0,89.0,299.0,54.0,224.0,21.0,0.0
TENNESSEE,Sweetwater,6696.0,23.0,1.0,1.0,1.0,20.0,92.0,12.0,76.0,4.0,2.0
TENNESSEE,Tazewell,2357.0,7.0,0.0,0.0,2.0,5.0,30.0,2.0,23.0,5.0,0.0
TENNESSEE,Tellico Plains,781.0,8.0,0.0,0.0,0.0,8.0,37.0,3.0,33.0,1.0,0.0
TENNESSEE,Tiptonville,3279.0,5.0,1.0,0.0,0.0,4.0,47.0,11.0,33.0,3.0,1.0
TENNESSEE,Tracy City,1446.0,7.0,0.0,0.0,2.0,5.0,21.0,4.0,15.0,2.0,1.0
TENNESSEE,Tullahoma,21208.0,83.0,1.0,13.0,1.0,68.0,354.0,29.0,304.0,21.0,2.0
TENNESSEE,Tusculum,3390.0,0.0,0.0,0.0,0.0,0.0,10.0,1.0,9.0,0.0,0.0
TENNESSEE,Unicoi,3816.0,5.0,0.0,0.0,0.0,5.0,26.0,0.0,24.0,2.0,0.0
TENNESSEE,Union City,10887.0,76.0,0.0,6.0,2.0,68.0,264.0,27.0,211.0,26.0,4.0
TENNESSEE,Vonore,1694.0,10.0,0.0,0.0,0.0,10.0,27.0,3.0,21.0,3.0,0.0
TENNESSEE,Watertown,1622.0,3.0,0.0,0.0,0.0,3.0,20.0,2.0,12.0,6.0,0.0
TENNESSEE,Waverly,4266.0,8.0,0.0,0.0,0.0,8.0,16.0,0.0,15.0,1.0,1.0
TENNESSEE,Westmoreland,2803.0,1.0,0.0,1.0,0.0,0.0,6.0,1.0,4.0,1.0,0.0
TENNESSEE,White Bluff,4262.0,14.0,0.0,0.0,0.0,14.0,41.0,9.0,26.0,6.0,0.0
TENNESSEE,White House,16177.0,38.0,0.0,1.0,0.0,37.0,119.0,9.0,98.0,12.0,0.0
TENNESSEE,White Pine,2579.0,2.0,0.0,0.0,0.0,2.0,27.0,4.0,22.0,1.0,0.0
TENNESSEE,Whiteville,4559.0,2.0,0.0,0.0,0.0,2.0,12.0,4.0,6.0,2.0,0.0
TENNESSEE,Whitwell,1602.0,4.0,0.0,0.0,0.0,4.0,20.0,7.0,10.0,3.0,0.0
TENNESSEE,Winchester,10177.0,38.0,0.0,2.0,2.0,34.0,264.0,23.0,234.0,7.0,1.0
TENNESSEE,Woodbury,2893.0,2.0,0.0,0.0,0.0,2.0,26.0,0.0,24.0,2.0,1.0
TEXAS,Abernathy,2799.0,4.0,0.0,1.0,0.0,3.0,3.0,0.0,1.0,2.0,0.0
TEXAS,Abilene,130275.0,553.0,6.0,92.0,60.0,395.0,2297.0,417.0,1700.0,180.0,7.0
TEXAS,Addison,17367.0,63.0,1.0,8.0,13.0,41.0,955.0,68.0,616.0,271.0,1.0
TEXAS,Alamo,20734.0,186.0,1.0,21.0,5.0,159.0,724.0,63.0,611.0,50.0,1.0
TEXAS,Alamo Heights,7497.0,8.0,0.0,2.0,2.0,4.0,220.0,9.0,189.0,22.0,0.0
TEXAS,Alba,508.0,3.0,0.0,0.0,0.0,3.0,4.0,1.0,3.0,0.0,0.0
TEXAS,Alice,17487.0,97.0,0.0,13.0,6.0,78.0,560.0,136.0,391.0,33.0,6.0
TEXAS,Allen,113737.0,121.0,0.0,27.0,11.0,83.0,999.0,71.0,827.0,101.0,1.0
TEXAS,Alma,420.0,0.0,0.0,0.0,0.0,0.0,6.0,3.0,0.0,3.0,0.0
TEXAS,Alpine,6036.0,9.0,0.0,0.0,0.0,9.0,3.0,3.0,0.0,0.0,0.0
TEXAS,Alto,1063.0,3.0,0.0,2.0,0.0,1.0,14.0,2.0,9.0,3.0,0.0
TEXAS,Alton,22140.0,185.0,3.0,5.0,4.0,173.0,241.0,39.0,177.0,25.0,1.0
TEXAS,Alvarado,6729.0,24.0,1.0,3.0,1.0,19.0,80.0,18.0,53.0,9.0,0.0
TEXAS,Alvin,29144.0,67.0,3.0,16.0,9.0,39.0,476.0,46.0,394.0,36.0,1.0
TEXAS,Amarillo,203039.0,1402.0,17.0,150.0,176.0,1059.0,5392.0,767.0,4096.0,529.0,58.0
TEXAS,Andrews,13499.0,51.0,0.0,15.0,1.0,35.0,160.0,15.0,128.0,17.0,0.0
TEXAS,Angleton,20474.0,52.0,2.0,13.0,4.0,33.0,195.0,42.0,136.0,17.0,1.0
TEXAS,Anna,32053.0,53.0,0.0,6.0,5.0,42.0,226.0,43.0,154.0,29.0,0.0
TEXAS,Anson,2306.0,0.0,0.0,0.0,0.0,0.0,1.0,0.0,0.0,1.0,0.0
TEXAS,Anthony,3661.0,14.0,0.0,1.0,1.0,12.0,73.0,12.0,50.0,11.0,0.0
TEXAS,Anton,912.0,0.0,0.0,0.0,0.0,0.0,0.0,0.0,0.0,0.0,0.0
TEXAS,Aransas Pass,9015.0,26.0,0.0,7.0,1.0,18.0,165.0,42.0,108.0,15.0,1.0
TEXAS,Archer City,1638.0,0.0,0.0,0.0,0.0,0.0,7.0,1.0,6.0,0.0,0.0
TEXAS,Arcola,2442.0,14.0,0.0,2.0,0.0,12.0,35.0,10.0,16.0,9.0,0.0
TEXAS,Argyle,6423.0,8.0,0.0,0.0,0.0,8.0,26.0,3.0,19.0,4.0,0.0
TEXAS,Arlington,399840.0,1931.0,17.0,285.0,240.0,1389.0,9647.0,1055.0,6948.0,1644.0,10.0
TEXAS,Arp,998.0,3.0,0.0,0.0,0.0,3.0,5.0,0.0,4.0,1.0,0.0
TEXAS,Athens,13718.0,58.0,0.0,4.0,6.0,48.0,193.0,34.0,152.0,7.0,0.0
TEXAS,Atlanta,5418.0,15.0,0.0,4.0,0.0,11.0,52.0,12.0,33.0,7.0,0.0
TEXAS,Aubrey,9572.0,35.0,1.0,4.0,5.0,25.0,146.0,30.0,107.0,9.0,0.0
TEXAS,Austin,984613.0,4597.0,65.0,666.0,841.0,3025.0,31920.0,4383.0,21643.0,5894.0,151.0
TEXAS,Azle,14961.0,35.0,1.0,8.0,3.0,23.0,246.0,33.0,191.0,22.0,0.0
TEXAS,Balch Springs,26819.0,112.0,0.0,11.0,29.0,72.0,755.0,89.0,491.0,175.0,1.0
TEXAS,Balcones Heights,2671.0,46.0,1.0,4.0,2.0,39.0,350.0,18.0,270.0,62.0,3.0
TEXAS,Ballinger,3565.0,6.0,0.0,3.0,0.0,3.0,22.0,11.0,10.0,1.0,0.0
TEXAS,Bandera,896.0,1.0,0.0,0.0,0.0,1.0,12.0,2.0,10.0,0.0,0.0
TEXAS,Bangs,1544.0,3.0,0.0,1.0,0.0,2.0,2.0,1.0,1.0,0.0,0.0
TEXAS,Bastrop,12388.0,54.0,1.0,11.0,2.0,40.0,400.0,21.0,332.0,47.0,0.0
TEXAS,Bay City,17405.0,101.0,0.0,10.0,9.0,82.0,495.0,57.0,415.0,23.0,0.0
TEXAS,Bayou Vista,1766.0,1.0,0.0,1.0,0.0,0.0,8.0,3.0,4.0,1.0,0.0
TEXAS,Baytown,83639.0,368.0,6.0,64.0,54.0,244.0,2343.0,326.0,1641.0,376.0,6.0
TEXAS,Beaumont,111320.0,1266.0,14.0,106.0,172.0,974.0,3676.0,875.0,2527.0,274.0,12.0
TEXAS,Bedford,47900.0,69.0,2.0,10.0,12.0,45.0,741.0,75.0,558.0,108.0,3.0
TEXAS,Bee Cave,8449.0,13.0,0.0,1.0,0.0,12.0,225.0,19.0,192.0,14.0,0.0
TEXAS,Beeville,13069.0,48.0,0.0,3.0,4.0,41.0,361.0,271.0,78.0,12.0,5.0
TEXAS,Bellaire,16959.0,40.0,0.0,4.0,14.0,22.0,403.0,37.0,330.0,36.0,1.0
TEXAS,Bellmead,10657.0,49.0,1.0,6.0,14.0,28.0,339.0,37.0,263.0,39.0,1.0
TEXAS,Bells,1521.0,0.0,0.0,0.0,0.0,0.0,4.0,0.0,4.0,0.0,0.0
TEXAS,Bellville,4222.0,15.0,0.0,0.0,0.0,15.0,44.0,8.0,28.0,8.0,0.0
TEXAS,Belton,25888.0,24.0,0.0,13.0,0.0,11.0,503.0,60.0,393.0,50.0,3.0
TEXAS,Benbrook,24292.0,29.0,0.0,9.0,3.0,17.0,479.0,32.0,405.0,42.0,1.0
TEXAS,Bertram,2225.0,3.0,0.0,2.0,0.0,1.0,5.0,0.0,4.0,1.0,0.0
TEXAS,Beverly Hills,1865.0,19.0,0.0,2.0,1.0,16.0,44.0,7.0,31.0,6.0,0.0
TEXAS,Big Sandy,1335.0,6.0,0.0,1.0,0.0,5.0,10.0,1.0,8.0,1.0,0.0
TEXAS,Big Spring,21249.0,162.0,3.0,13.0,10.0,136.0,592.0,129.0,399.0,64.0,2.0
TEXAS,Bishop,3052.0,3.0,0.0,1.0,0.0,2.0,15.0,6.0,9.0,0.0,0.0
TEXAS,Blanco,2122.0,7.0,0.0,2.0,0.0,5.0,20.0,7.0,8.0,5.0,0.0
TEXAS,Blooming Grove,874.0,0.0,0.0,0.0,0.0,0.0,0.0,0.0,0.0,0.0,0.0
TEXAS,Blue Mound,2281.0,3.0,0.0,2.0,0.0,1.0,17.0,6.0,9.0,2.0,0.0
TEXAS,Boerne,23165.0,25.0,0.0,5.0,2.0,18.0,273.0,74.0,162.0,37.0,1.0
TEXAS,Bogata,1102.0,0.0,0.0,0.0,0.0,0.0,0.0,0.0,0.0,0.0,0.0
TEXAS,Bonham,11031.0,11.0,0.0,4.0,0.0,7.0,76.0,16.0,53.0,7.0,1.0
TEXAS,Borger,11983.0,48.0,0.0,11.0,1.0,36.0,232.0,75.0,132.0,25.0,1.0
TEXAS,Bovina,1637.0,0.0,0.0,0.0,0.0,0.0,7.0,1.0,5.0,1.0,0.0
TEXAS,Bowie,6149.0,20.0,0.0,7.0,0.0,13.0,108.0,42.0,57.0,9.0,0.0
TEXAS,Boyd,1886.0,3.0,0.0,0.0,0.0,3.0,9.0,1.0,6.0,2.0,0.0
TEXAS,Brady,4926.0,8.0,0.0,2.0,1.0,5.0,46.0,15.0,25.0,6.0,0.0
TEXAS,Brazoria,2848.0,6.0,0.0,2.0,0.0,4.0,35.0,7.0,26.0,2.0,0.0
TEXAS,Breckenridge,5126.0,24.0,1.0,1.0,0.0,22.0,74.0,13.0,56.0,5.0,0.0
TEXAS,Bremond,877.0,4.0,0.0,1.0,0.0,3.0,5.0,3.0,1.0,1.0,0.0
TEXAS,Brenham,19775.0,105.0,0.0,11.0,1.0,93.0,403.0,40.0,335.0,28.0,2.0
TEXAS,Bridge City,9704.0,11.0,0.0,4.0,1.0,6.0,55.0,8.0,39.0,8.0,0.0
TEXAS,Bridgeport,6719.0,18.0,1.0,3.0,0.0,14.0,47.0,9.0,37.0,1.0,0.0
TEXAS,Brookshire,5866.0,31.0,2.0,4.0,4.0,21.0,83.0,10.0,57.0,16.0,1.0
TEXAS,Brownfield,8569.0,38.0,1.0,2.0,1.0,34.0,107.0,25.0,74.0,8.0,0.0
TEXAS,Brownsboro,1320.0,5.0,0.0,0.0,1.0,4.0,5.0,2.0,3.0,0.0,0.0
TEXAS,Brownsville,191221.0,872.0,4.0,59.0,116.0,693.0,3713.0,368.0,2554.0,791.0,12.0
TEXAS,Brownwood,18782.0,68.0,2.0,16.0,3.0,47.0,422.0,79.0,316.0,27.0,0.0
TEXAS,Bruceville-Eddy,1462.0,5.0,2.0,0.0,0.0,3.0,7.0,3.0,2.0,2.0,0.0
TEXAS,Bryan,91450.0,352.0,1.0,47.0,27.0,277.0,1324.0,149.0,1090.0,85.0,2.0
TEXAS,Buda,16289.0,22.0,0.0,7.0,3.0,12.0,266.0,20.0,220.0,26.0,0.0
TEXAS,Buffalo,1885.0,2.0,0.0,1.0,0.0,1.0,40.0,15.0,22.0,3.0,0.0
TEXAS,Bullard,5241.0,3.0,2.0,0.0,0.0,1.0,16.0,3.0,12.0,1.0,1.0
TEXAS,Bulverde,7431.0,11.0,0.0,1.0,0.0,10.0,150.0,19.0,120.0,11.0,0.0
TEXAS,Burkburnett,11128.0,25.0,0.0,9.0,1.0,15.0,87.0,15.0,55.0,17.0,1.0
TEXAS,Burleson,57868.0,99.0,1.0,26.0,10.0,62.0,630.0,44.0,492.0,94.0,3.0
TEXAS,Burnet,7101.0,9.0,0.0,3.0,0.0,6.0,34.0,7.0,22.0,5.0,0.0
TEXAS,Cactus,3107.0,12.0,0.0,8.0,0.0,4.0,19.0,6.0,11.0,2.0,0.0
TEXAS,Caddo Mills,5920.0,7.0,0.0,1.0,1.0,5.0,30.0,15.0,13.0,2.0,0.0
TEXAS,Caldwell,4778.0,6.0,0.0,1.0,2.0,3.0,23.0,5.0,15.0,3.0,0.0
TEXAS,Calvert,974.0,10.0,0.0,0.0,0.0,10.0,25.0,9.0,13.0,3.0,0.0
TEXAS,Cameron,5579.0,13.0,0.0,2.0,0.0,11.0,51.0,28.0,12.0,11.0,0.0
TEXAS,Canton,4905.0,3.0,0.0,1.0,0.0,2.0,80.0,8.0,68.0,4.0,0.0
TEXAS,Canyon,16609.0,9.0,1.0,1.0,1.0,6.0,112.0,13.0,94.0,5.0,0.0
TEXAS,Carrollton,133471.0,183.0,1.0,17.0,30.0,135.0,1756.0,203.0,1283.0,270.0,6.0
TEXAS,Carthage,6616.0,40.0,0.0,4.0,1.0,35.0,120.0,7.0,109.0,4.0,2.0
TEXAS,Castle Hills,3885.0,9.0,0.0,0.0,3.0,6.0,155.0,14.0,111.0,30.0,1.0
TEXAS,Castroville,3204.0,7.0,0.0,1.0,0.0,6.0,49.0,6.0,41.0,2.0,0.0
TEXAS,Cedar Hill,48911.0,88.0,3.0,16.0,18.0,51.0,867.0,66.0,666.0,135.0,1.0
TEXAS,Cedar Park,77351.0,74.0,3.0,29.0,8.0,34.0,927.0,55.0,796.0,76.0,3.0
TEXAS,Celina,25021.0,31.0,1.0,10.0,0.0,20.0,336.0,95.0,232.0,9.0,0.0
TEXAS,Center,5153.0,26.0,2.0,0.0,1.0,23.0,126.0,31.0,88.0,7.0,1.0
TEXAS,Chandler,3747.0,3.0,0.0,1.0,0.0,2.0,11.0,0.0,11.0,0.0,0.0
TEXAS,Childress,5783.0,9.0,1.0,1.0,1.0,6.0,30.0,8.0,19.0,3.0,0.0
TEXAS,Chillicothe,538.0,0.0,0.0,0.0,0.0,0.0,0.0,0.0,0.0,0.0,0.0
TEXAS,China Grove,1128.0,0.0,0.0,0.0,0.0,0.0,29.0,11.0,7.0,11.0,0.0
TEXAS,Cibolo,37640.0,56.0,1.0,17.0,2.0,36.0,318.0,53.0,225.0,40.0,2.0
TEXAS,Cisco,4042.0,3.0,0.0,0.0,0.0,3.0,32.0,8.0,22.0,2.0,0.0
TEXAS,Clarksville,2886.0,1.0,0.0,0.0,0.0,1.0,4.0,2.0,2.0,0.0,0.0
TEXAS,Clear Lake Shores,1300.0,2.0,0.0,0.0,0.0,2.0,46.0,1.0,43.0,2.0,0.0
TEXAS,Cleburne,37953.0,105.0,3.0,25.0,10.0,67.0,447.0,59.0,354.0,34.0,0.0
TEXAS,Cleveland,9718.0,47.0,0.0,4.0,6.0,37.0,192.0,25.0,151.0,16.0,1.0
TEXAS,Clifton,3553.0,1.0,0.0,1.0,0.0,0.0,8.0,2.0,6.0,0.0,0.0
TEXAS,Clute,10733.0,38.0,0.0,9.0,4.0,25.0,190.0,65.0,97.0,28.0,1.0
TEXAS,Clyde,4042.0,2.0,0.0,1.0,0.0,1.0,32.0,8.0,21.0,3.0,1.0
TEXAS,Cockrell Hill,3638.0,13.0,0.0,0.0,2.0,11.0,95.0,8.0,73.0,14.0,0.0
TEXAS,Coleman,3985.0,3.0,0.0,0.0,0.0,3.0,23.0,18.0,3.0,2.0,0.0
TEXAS,College Station,126702.0,216.0,3.0,75.0,15.0,123.0,1397.0,205.0,1068.0,124.0,1.0
TEXAS,Colleyville,25630.0,10.0,1.0,1.0,0.0,8.0,138.0,4.0,127.0,7.0,0.0
TEXAS,Collinsville,2076.0,0.0,0.0,0.0,0.0,0.0,0.0,0.0,0.0,0.0,0.0
TEXAS,Colorado City,3984.0,9.0,0.0,0.0,0.0,9.0,38.0,11.0,24.0,3.0,0.0
TEXAS,Columbus,3815.0,6.0,1.0,0.0,1.0,4.0,33.0,5.0,25.0,3.0,1.0
TEXAS,Comanche,4320.0,18.0,0.0,3.0,0.0,15.0,68.0,17.0,48.0,3.0,1.0
TEXAS,Combes,3177.0,4.0,0.0,0.0,0.0,4.0,40.0,4.0,32.0,4.0,0.0
TEXAS,Commerce,9594.0,41.0,0.0,8.0,0.0,33.0,111.0,15.0,85.0,11.0,1.0
TEXAS,Conroe,114592.0,279.0,1.0,74.0,41.0,163.0,1872.0,161.0,1561.0,150.0,2.0
TEXAS,Converse,31189.0,115.0,1.0,12.0,6.0,96.0,469.0,56.0,354.0,59.0,1.0
TEXAS,Coppell,41549.0,43.0,0.0,8.0,6.0,29.0,343.0,22.0,301.0,20.0,0.0
TEXAS,Copperas Cove,39379.0,130.0,1.0,53.0,10.0,66.0,529.0,65.0,434.0,30.0,0.0
TEXAS,Corinth,24056.0,8.0,0.0,0.0,0.0,8.0,170.0,32.0,122.0,16.0,0.0
TEXAS,Corpus Christi,316108.0,2730.0,27.0,235.0,366.0,2102.0,9519.0,1651.0,6634.0,1234.0,64.0
TEXAS,Corrigan,1423.0,11.0,0.0,1.0,1.0,9.0,8.0,2.0,5.0,1.0,1.0
TEXAS,Corsicana,25849.0,121.0,1.0,30.0,12.0,78.0,584.0,118.0,421.0,45.0,6.0
TEXAS,Cottonwood Shores,1691.0,0.0,0.0,0.0,0.0,0.0,4.0,2.0,2.0,0.0,0.0
TEXAS,Crandall,5420.0,50.0,0.0,7.0,8.0,35.0,172.0,68.0,79.0,25.0,0.0
TEXAS,Crane,3326.0,2.0,0.0,0.0,0.0,2.0,9.0,2.0,7.0,0.0,0.0
TEXAS,Crockett,6274.0,10.0,1.0,1.0,3.0,5.0,93.0,15.0,71.0,7.0,1.0
TEXAS,Crosbyton,1417.0,11.0,0.0,0.0,1.0,10.0,14.0,5.0,9.0,0.0,0.0
TEXAS,Cross Roads,2036.0,1.0,0.0,0.0,0.0,1.0,52.0,3.0,49.0,0.0,0.0
TEXAS,Crowell,746.0,0.0,0.0,0.0,0.0,0.0,0.0,0.0,0.0,0.0,0.0
TEXAS,Crowley,20490.0,40.0,2.0,6.0,5.0,27.0,306.0,45.0,235.0,26.0,2.0
TEXAS,Cuero,8223.0,68.0,0.0,2.0,0.0,66.0,127.0,20.0,98.0,9.0,4.0
TEXAS,Cuney,116.0,0.0,0.0,0.0,0.0,0.0,1.0,0.0,1.0,0.0,0.0
TEXAS,Daingerfield,2499.0,17.0,0.0,0.0,2.0,15.0,77.0,10.0,61.0,6.0,0.0
TEXAS,Dalhart,8328.0,14.0,0.0,4.0,0.0,10.0,69.0,11.0,53.0,5.0,0.0
TEXAS,Dallas,1321502.0,8698.0,180.0,475.0,2227.0,5816.0,44295.0,6133.0,23619.0,14543.0,149.0
TEXAS,Dalworthington Gardens,2270.0,1.0,0.0,1.0,0.0,0.0,10.0,0.0,10.0,0.0,0.0
TEXAS,Danbury,1677.0,2.0,0.0,1.0,1.0,0.0,2.0,0.0,2.0,0.0,0.0
TEXAS,Dawson,817.0,0.0,0.0,0.0,0.0,0.0,1.0,1.0,0.0,0.0,0.0
TEXAS,Dayton,9997.0,13.0,0.0,2.0,2.0,9.0,212.0,35.0,148.0,29.0,1.0
TEXAS,Decatur,8529.0,12.0,0.0,5.0,0.0,7.0,154.0,7.0,141.0,6.0,0.0
TEXAS,Deer Park,32792.0,44.0,0.0,13.0,6.0,25.0,413.0,37.0,339.0,37.0,1.0
TEXAS,De Kalb,1442.0,0.0,0.0,0.0,0.0,0.0,1.0,0.0,1.0,0.0,0.0
TEXAS,Del Rio,34532.0,59.0,1.0,15.0,8.0,35.0,443.0,111.0,297.0,35.0,3.0
TEXAS,Denison,26977.0,47.0,3.0,10.0,4.0,30.0,220.0,48.0,120.0,52.0,1.0
TEXAS,Denton,164565.0,336.0,7.0,95.0,43.0,191.0,2871.0,219.0,2420.0,232.0,9.0
TEXAS,Denver City,4252.0,8.0,0.0,1.0,0.0,7.0,25.0,9.0,9.0,7.0,0.0
TEXAS,DeSoto,56488.0,184.0,1.0,27.0,32.0,124.0,928.0,99.0,641.0,188.0,2.0
TEXAS,Devine,4665.0,6.0,0.0,0.0,0.0,6.0,69.0,3.0,64.0,2.0,1.0
TEXAS,Diboll,4584.0,17.0,1.0,7.0,0.0,9.0,35.0,8.0,17.0,10.0,0.0
TEXAS,Dickinson,21962.0,47.0,1.0,18.0,3.0,25.0,232.0,58.0,151.0,23.0,0.0
TEXAS,Dilley,3353.0,6.0,0.0,0.0,1.0,5.0,20.0,9.0,7.0,4.0,0.0
TEXAS,Dimmitt,4044.0,6.0,0.0,1.0,0.0,5.0,8.0,5.0,2.0,1.0,0.0
TEXAS,Donna,16781.0,295.0,0.0,18.0,12.0,265.0,722.0,78.0,570.0,74.0,3.0
TEXAS,Dublin,3440.0,4.0,0.0,3.0,1.0,0.0,3.0,1.0,2.0,0.0,0.0
TEXAS,Dumas,14245.0,22.0,0.0,5.0,0.0,17.0,228.0,16.0,201.0,11.0,0.0
TEXAS,Duncanville,38939.0,120.0,3.0,9.0,32.0,76.0,887.0,173.0,495.0,219.0,1.0
TEXAS,Eagle Lake,3530.0,8.0,0.0,1.0,0.0,7.0,22.0,3.0,18.0,1.0,2.0
TEXAS,Eagle Pass,28323.0,43.0,0.0,7.0,5.0,31.0,535.0,105.0,370.0,60.0,3.0
TEXAS,Early,3253.0,13.0,0.0,2.0,0.0,11.0,41.0,10.0,29.0,2.0,0.0
TEXAS,Eastland,3656.0,13.0,0.0,4.0,0.0,9.0,49.0,4.0,44.0,1.0,1.0
TEXAS,East Mountain,974.0,0.0,0.0,0.0,0.0,0.0,1.0,0.0,1.0,0.0,0.0
TEXAS,Ector,793.0,2.0,0.0,0.0,1.0,1.0,1.0,0.0,0.0,1.0,0.0
TEXAS,Edcouch,2655.0,5.0,0.0,0.0,0.0,5.0,6.0,2.0,3.0,1.0,0.0
TEXAS,Edgewood,1763.0,0.0,0.0,0.0,0.0,0.0,0.0,0.0,0.0,0.0,0.0
TEXAS,Edinburg,107552.0,290.0,2.0,92.0,23.0,173.0,1890.0,137.0,1579.0,174.0,6.0
TEXAS,Edna,6017.0,20.0,1.0,4.0,0.0,15.0,24.0,3.0,20.0,1.0,1.0
TEXAS,El Campo,11972.0,61.0,1.0,14.0,4.0,42.0,216.0,24.0,185.0,7.0,0.0
TEXAS,Electra,2264.0,6.0,0.0,0.0,1.0,5.0,25.0,4.0,15.0,6.0,1.0
TEXAS,Elgin,13276.0,23.0,1.0,6.0,6.0,10.0,195.0,37.0,131.0,27.0,0.0
TEXAS,Elmendorf,2606.0,2.0,0.0,0.0,1.0,1.0,43.0,7.0,20.0,16.0,1.0
TEXAS,El Paso,678860.0,1890.0,20.0,4.0,252.0,1614.0,10142.0,952.0,7280.0,1910.0,69.0
TEXAS,Elsa,5702.0,17.0,0.0,2.0,0.0,15.0,172.0,28.0,142.0,2.0,0.0
TEXAS,Emory,1407.0,3.0,0.0,2.0,0.0,1.0,21.0,9.0,10.0,2.0,0.0
TEXAS,Encinal,515.0,2.0,0.0,0.0,0.0,2.0,6.0,0.0,0.0,6.0,0.0
TEXAS,Ennis,24979.0,44.0,1.0,4.0,7.0,32.0,381.0,47.0,262.0,72.0,2.0
TEXAS,Estelline,124.0,0.0,0.0,0.0,0.0,0.0,0.0,0.0,0.0,0.0,0.0
TEXAS,Euless,59230.0,111.0,1.0,21.0,27.0,62.0,1247.0,108.0,990.0,149.0,5.0
TEXAS,Eustace,1161.0,1.0,0.0,0.0,0.0,1.0,1.0,0.0,0.0,1.0,0.0
TEXAS,Everman,5877.0,23.0,0.0,1.0,3.0,19.0,103.0,16.0,68.0,19.0,0.0
TEXAS,Fairfield,3014.0,11.0,1.0,0.0,0.0,10.0,38.0,5.0,32.0,1.0,0.0
TEXAS,Fair Oaks Ranch,11955.0,0.0,0.0,0.0,0.0,0.0,74.0,14.0,49.0,11.0,0.0
TEXAS,Fairview,10915.0,8.0,0.0,3.0,1.0,4.0,101.0,7.0,89.0,5.0,0.0
TEXAS,Falfurrias,4367.0,11.0,0.0,0.0,0.0,11.0,28.0,8.0,17.0,3.0,0.0
TEXAS,Farmers Branch,37725.0,76.0,1.0,12.0,12.0,51.0,961.0,102.0,632.0,227.0,2.0
TEXAS,Farmersville,4377.0,6.0,0.0,3.0,0.0,3.0,64.0,19.0,43.0,2.0,1.0
TEXAS,Farwell,1366.0,0.0,0.0,0.0,0.0,0.0,12.0,4.0,7.0,1.0,0.0
TEXAS,Fate,27141.0,16.0,0.0,6.0,0.0,10.0,131.0,23.0,97.0,11.0,0.0
TEXAS,Ferris,3586.0,15.0,0.0,0.0,1.0,14.0,48.0,9.0,29.0,10.0,0.0
TEXAS,Flatonia,1386.0,5.0,0.0,0.0,2.0,3.0,9.0,4.0,4.0,1.0,0.0
TEXAS,Florence,1209.0,0.0,0.0,0.0,0.0,0.0,1.0,0.0,1.0,0.0,0.0
TEXAS,Floresville,8690.0,13.0,0.0,4.0,0.0,9.0,123.0,31.0,78.0,14.0,0.0
TEXAS,Flower Mound,80455.0,46.0,0.0,11.0,3.0,32.0,469.0,35.0,401.0,33.0,0.0
TEXAS,Floydada,2473.0,13.0,0.0,2.0,1.0,10.0,27.0,9.0,16.0,2.0,0.0
TEXAS,Forest Hill,14230.0,25.0,0.0,4.0,9.0,12.0,223.0,40.0,103.0,80.0,0.0
TEXAS,Forney,40484.0,63.0,2.0,5.0,6.0,50.0,264.0,44.0,171.0,49.0,0.0
TEXAS,Fort Stockton,7999.0,13.0,0.0,6.0,1.0,6.0,20.0,8.0,9.0,3.0,0.0
TEXAS,Fort Worth,997476.0,4572.0,74.0,551.0,724.0,3223.0,26930.0,3437.0,18372.0,5121.0,130.0
TEXAS,Franklin,1771.0,1.0,0.0,0.0,0.0,1.0,7.0,2.0,3.0,2.0,0.0
TEXAS,Frankston,1108.0,3.0,0.0,0.0,0.0,3.0,14.0,1.0,13.0,0.0,0.0
TEXAS,Fredericksburg,11721.0,10.0,0.0,1.0,0.0,9.0,65.0,12.0,45.0,8.0,0.0
TEXAS,Freeport,10506.0,50.0,1.0,6.0,1.0,42.0,150.0,10.0,140.0,0.0,3.0
TEXAS,Friendswood,40763.0,41.0,0.0,18.0,3.0,20.0,222.0,21.0,175.0,26.0,0.0
TEXAS,Friona,4023.0,2.0,0.0,0.0,0.0,2.0,1.0,1.0,0.0,0.0,0.0
TEXAS,Frisco,232961.0,235.0,3.0,55.0,29.0,148.0,2336.0,159.0,2019.0,158.0,7.0
TEXAS,Fulshear,26048.0,15.0,0.0,0.0,1.0,14.0,95.0,16.0,79.0,0.0,0.0
TEXAS,Fulton,1615.0,9.0,0.0,1.0,1.0,7.0,10.0,0.0,7.0,3.0,1.0
TEXAS,Gainesville,18348.0,30.0,0.0,6.0,2.0,22.0,298.0,39.0,227.0,32.0,1.0
TEXAS,Galena Park,10136.0,11.0,0.0,2.0,3.0,6.0,80.0,5.0,54.0,21.0,0.0
TEXAS,Galveston,53100.0,285.0,3.0,80.0,57.0,145.0,1264.0,139.0,984.0,141.0,0.0
TEXAS,Ganado,2017.0,0.0,0.0,0.0,0.0,0.0,8.0,1.0,6.0,1.0,0.0
TEXAS,Garden Ridge,4411.0,6.0,0.0,0.0,0.0,6.0,39.0,1.0,30.0,8.0,0.0
TEXAS,Garland,246255.0,573.0,12.0,65.0,149.0,347.0,4896.0,747.0,3161.0,988.0,11.0
TEXAS,Garrett,873.0,0.0,0.0,0.0,0.0,0.0,3.0,1.0,1.0,1.0,0.0
TEXAS,Garrison,828.0,1.0,0.0,1.0,0.0,0.0,2.0,1.0,1.0,0.0,0.0
TEXAS,Gatesville,16153.0,24.0,0.0,5.0,1.0,18.0,140.0,26.0,100.0,14.0,2.0
TEXAS,Georgetown,89481.0,171.0,0.0,41.0,7.0,123.0,1047.0,202.0,774.0,71.0,1.0
TEXAS,George West,2166.0,2.0,0.0,0.0,0.0,2.0,29.0,9.0,16.0,4.0,0.0
TEXAS,Giddings,5345.0,18.0,1.0,7.0,0.0,10.0,53.0,6.0,43.0,4.0,0.0
TEXAS,Gilmer,5184.0,12.0,1.0,0.0,2.0,9.0,134.0,11.0,115.0,8.0,0.0
TEXAS,Gladewater,6313.0,25.0,1.0,10.0,1.0,13.0,85.0,11.0,61.0,13.0,0.0
TEXAS,Glenn Heights,20025.0,47.0,0.0,3.0,6.0,38.0,169.0,29.0,116.0,24.0,1.0
TEXAS,Godley,4777.0,7.0,0.0,1.0,0.0,6.0,26.0,6.0,18.0,2.0,0.0
TEXAS,Gonzales,7239.0,101.0,0.0,8.0,2.0,91.0,144.0,17.0,114.0,13.0,2.0
TEXAS,Graham,8853.0,15.0,1.0,5.0,0.0,9.0,55.0,7.0,40.0,8.0,0.0
TEXAS,Granbury,13199.0,30.0,0.0,9.0,1.0,20.0,463.0,12.0,431.0,20.0,0.0
TEXAS,Grand Prairie,206122.0,456.0,4.0,41.0,58.0,353.0,3300.0,323.0,2366.0,611.0,7.0
TEXAS,Grand Saline,3304.0,15.0,0.0,3.0,0.0,12.0,23.0,8.0,12.0,3.0,0.0
TEXAS,Granger,1196.0,3.0,0.0,0.0,0.0,3.0,8.0,1.0,6.0,1.0,0.0
TEXAS,Granite Shoals,5555.0,6.0,0.0,2.0,0.0,4.0,16.0,2.0,12.0,2.0,0.0
TEXAS,Grapeland,1494.0,2.0,0.0,1.0,0.0,1.0,6.0,3.0,2.0,1.0,0.0
TEXAS,Grapevine,50983.0,91.0,1.0,17.0,4.0,69.0,1053.0,72.0,784.0,197.0,0.0
TEXAS,Greenville,34343.0,73.0,2.0,24.0,8.0,39.0,416.0,40.0,321.0,55.0,0.0
TEXAS,Gregory,1720.0,1.0,0.0,0.0,0.0,1.0,8.0,7.0,0.0,1.0,0.0
TEXAS,Groesbeck,3603.0,10.0,0.0,2.0,0.0,8.0,44.0,21.0,22.0,1.0,0.0
TEXAS,Groves,16590.0,61.0,1.0,9.0,6.0,45.0,172.0,35.0,123.0,14.0,0.0
TEXAS,Gun Barrel City,7043.0,12.0,0.0,0.0,2.0,10.0,194.0,31.0,139.0,24.0,0.0
TEXAS,Gunter,2607.0,2.0,0.0,1.0,0.0,1.0,11.0,0.0,11.0,0.0,0.0
TEXAS,Hale Center,1978.0,1.0,0.0,0.0,0.0,1.0,11.0,1.0,8.0,2.0,0.0
TEXAS,Hallettsville,2766.0,10.0,0.0,0.0,1.0,9.0,30.0,2.0,26.0,2.0,0.0
TEXAS,Hallsville,4997.0,2.0,0.0,1.0,1.0,0.0,27.0,13.0,11.0,3.0,0.0
TEXAS,Haltom City,45059.0,124.0,1.0,16.0,16.0,91.0,811.0,137.0,569.0,105.0,3.0
TEXAS,Harker Heights,34858.0,47.0,0.0,15.0,5.0,27.0,345.0,63.0,252.0,30.0,0.0
TEXAS,Harlingen,71388.0,184.0,1.0,11.0,29.0,143.0,1941.0,246.0,1475.0,220.0,12.0
TEXAS,Haskell,3043.0,2.0,0.0,1.0,0.0,1.0,14.0,0.0,7.0,7.0,0.0
TEXAS,Hawkins,1445.0,3.0,0.0,0.0,0.0,3.0,13.0,7.0,4.0,2.0,0.0
TEXAS,Hawley,573.0,0.0,0.0,0.0,0.0,0.0,0.0,0.0,0.0,0.0,0.0
TEXAS,Hearne,4536.0,17.0,0.0,1.0,2.0,14.0,18.0,6.0,8.0,4.0,0.0
TEXAS,Heath,11784.0,12.0,0.0,7.0,1.0,4.0,52.0,8.0,42.0,2.0,0.0
TEXAS,Hedwig Village,2307.0,3.0,0.0,0.0,1.0,2.0,105.0,7.0,91.0,7.0,0.0
TEXAS,Helotes,10247.0,3.0,0.0,0.0,0.0,3.0,110.0,33.0,69.0,8.0,0.0
TEXAS,Hemphill,1034.0,2.0,0.0,0.0,0.0,2.0,2.0,1.0,0.0,1.0,0.0
TEXAS,Hempstead,6921.0,30.0,1.0,4.0,5.0,20.0,104.0,11.0,76.0,17.0,0.0
TEXAS,Henderson,13531.0,67.0,1.0,11.0,6.0,49.0,361.0,59.0,280.0,22.0,1.0
TEXAS,Hereford,14696.0,35.0,1.0,9.0,3.0,22.0,130.0,27.0,94.0,9.0,2.0
TEXAS,Hewitt,16903.0,26.0,0.0,13.0,0.0,13.0,188.0,22.0,153.0,13.0,0.0
TEXAS,Hickory Creek,6035.0,6.0,0.0,2.0,2.0,2.0,50.0,8.0,39.0,3.0,0.0
TEXAS,Hico,1503.0,3.0,0.0,0.0,0.0,3.0,1.0,0.0,0.0,1.0,0.0
TEXAS,Hidalgo,14910.0,20.0,2.0,5.0,2.0,11.0,217.0,20.0,179.0,18.0,2.0
TEXAS,Highland Park,8706.0,5.0,0.0,0.0,2.0,3.0,214.0,26.0,166.0,22.0,0.0
TEXAS,Highland Village,16150.0,12.0,0.0,7.0,2.0,3.0,173.0,8.0,161.0,4.0,0.0
TEXAS,Hill Country Village,948.0,0.0,0.0,0.0,0.0,0.0,24.0,4.0,18.0,2.0,0.0
TEXAS,Hillsboro,8874.0,12.0,0.0,8.0,1.0,3.0,165.0,31.0,125.0,9.0,0.0
TEXAS,Hitchcock,7847.0,26.0,0.0,2.0,1.0,23.0,139.0,45.0,85.0,9.0,1.0
TEXAS,Holiday Lakes,1075.0,2.0,0.0,1.0,0.0,1.0,6.0,1.0,5.0,0.0,1.0
TEXAS,Holland,1138.0,0.0,0.0,0.0,0.0,0.0,3.0,2.0,1.0,0.0,0.0
TEXAS,Hollywood Park,3055.0,3.0,0.0,0.0,1.0,2.0,45.0,2.0,31.0,12.0,0.0
TEXAS,Hondo,8948.0,21.0,1.0,1.0,3.0,16.0,147.0,27.0,107.0,13.0,2.0
TEXAS,Honey Grove,1789.0,3.0,0.0,1.0,0.0,2.0,9.0,7.0,1.0,1.0,0.0
TEXAS,Hooks,2472.0,5.0,0.0,2.0,2.0,1.0,31.0,12.0,15.0,4.0,0.0
TEXAS,Horizon City,24703.0,21.0,1.0,2.0,1.0,17.0,162.0,9.0,134.0,19.0,1.0
TEXAS,Horseshoe Bay,5351.0,2.0,0.0,2.0,0.0,0.0,42.0,13.0,28.0,1.0,0.0
TEXAS,Houston,2319160.0,26628.0,320.0,1693.0,6355.0,18260.0,99572.0,14953.0,68315.0,16304.0,228.0
TEXAS,Howe,3692.0,3.0,0.0,1.0,1.0,1.0,6.0,1.0,4.0,1.0,0.0
TEXAS,Hudson,5305.0,6.0,0.0,1.0,0.0,5.0,14.0,6.0,6.0,2.0,0.0
TEXAS,Hudson Oaks,2747.0,5.0,0.0,0.0,0.0,5.0,79.0,7.0,59.0,13.0,0.0
TEXAS,Hughes Springs,1540.0,1.0,0.0,0.0,0.0,1.0,8.0,7.0,0.0,1.0,0.0
TEXAS,Humble,16076.0,158.0,2.0,25.0,29.0,102.0,1659.0,106.0,1269.0,284.0,3.0
TEXAS,Huntington,2076.0,3.0,0.0,0.0,0.0,3.0,6.0,5.0,1.0,0.0,0.0
TEXAS,Huntsville,49446.0,254.0,3.0,17.0,25.0,209.0,757.0,95.0,589.0,73.0,8.0
TEXAS,Hurst,38973.0,138.0,1.0,28.0,20.0,89.0,872.0,87.0,669.0,116.0,1.0
TEXAS,Hutchins,6441.0,32.0,0.0,3.0,8.0,21.0,224.0,24.0,131.0,69.0,0.0
TEXAS,Hutto,43212.0,25.0,0.0,8.0,2.0,15.0,447.0,114.0,312.0,21.0,0.0
TEXAS,Idalou,2079.0,3.0,0.0,0.0,0.0,3.0,20.0,14.0,6.0,0.0,0.0
TEXAS,Indian Lake,876.0,0.0,0.0,0.0,0.0,0.0,0.0,0.0,0.0,0.0,0.0
TEXAS,Ingleside,10330.0,59.0,0.0,10.0,2.0,47.0,166.0,36.0,113.0,17.0,1.0
TEXAS,Ingram,1866.0,5.0,1.0,0.0,0.0,4.0,7.0,4.0,2.0,1.0,0.0
TEXAS,Iowa Colony,13478.0,13.0,0.0,3.0,1.0,9.0,80.0,31.0,48.0,1.0,0.0
TEXAS,Iowa Park,6589.0,7.0,0.0,1.0,0.0,6.0,45.0,20.0,19.0,6.0,0.0
TEXAS,Irving,257460.0,709.0,19.0,138.0,147.0,405.0,5661.0,644.0,3918.0,1099.0,9.0
TEXAS,Italy,2122.0,6.0,0.0,0.0,0.0,6.0,16.0,6.0,9.0,1.0,0.0
TEXAS,Jacinto City,9154.0,11.0,3.0,0.0,3.0,5.0,222.0,12.0,163.0,47.0,0.0
TEXAS,Jacksboro,4233.0,9.0,1.0,3.0,0.0,5.0,24.0,3.0,19.0,2.0,0.0
TEXAS,Jacksonville,14552.0,59.0,2.0,10.0,4.0,43.0,275.0,47.0,212.0,16.0,1.0
TEXAS,Jamaica Beach,1075.0,0.0,0.0,0.0,0.0,0.0,6.0,2.0,4.0,0.0,0.0
TEXAS,Jarrell,5240.0,7.0,0.0,2.0,2.0,3.0,64.0,13.0,43.0,8.0,0.0
TEXAS,Jasper,7672.0,25.0,0.0,3.0,4.0,18.0,167.0,35.0,116.0,16.0,1.0
TEXAS,Jefferson,1841.0,5.0,1.0,1.0,0.0,3.0,48.0,25.0,16.0,7.0,1.0
TEXAS,Jersey Village,7559.0,11.0,0.0,0.0,3.0,8.0,249.0,9.0,181.0,59.0,0.0
TEXAS,Jonestown,2670.0,6.0,0.0,3.0,1.0,2.0,49.0,19.0,22.0,8.0,0.0
TEXAS,Josephine,4873.0,9.0,0.0,3.0,0.0,6.0,43.0,15.0,28.0,0.0,1.0
TEXAS,Joshua,9246.0,6.0,0.0,2.0,0.0,4.0,65.0,3.0,55.0,7.0,0.0
TEXAS,Junction,2558.0,6.0,0.0,1.0,1.0,4.0,7.0,3.0,3.0,1.0,0.0
TEXAS,Justin,6450.0,5.0,0.0,1.0,1.0,3.0,52.0,1.0,44.0,7.0,0.0
TEXAS,Karnes City,3112.0,6.0,0.0,0.0,1.0,5.0,19.0,4.0,14.0,1.0,0.0
TEXAS,Katy,27814.0,63.0,0.0,13.0,17.0,33.0,905.0,69.0,757.0,79.0,1.0
TEXAS,Kaufman,9898.0,12.0,0.0,4.0,1.0,7.0,147.0,15.0,123.0,9.0,0.0
TEXAS,Keene,7010.0,10.0,0.0,4.0,0.0,6.0,35.0,6.0,22.0,7.0,1.0
TEXAS,Keller,46523.0,36.0,0.0,14.0,3.0,19.0,305.0,29.0,263.0,13.0,1.0
TEXAS,Kemah,2920.0,7.0,0.0,4.0,0.0,3.0,99.0,22.0,68.0,9.0,0.0
TEXAS,Kemp,1424.0,2.0,0.0,0.0,1.0,1.0,22.0,9.0,7.0,6.0,0.0
TEXAS,Kempner,1311.0,0.0,0.0,0.0,0.0,0.0,4.0,3.0,1.0,0.0,0.0
TEXAS,Kenedy,3375.0,11.0,1.0,2.0,0.0,8.0,63.0,13.0,42.0,8.0,3.0
TEXAS,Kennedale,10635.0,18.0,1.0,4.0,2.0,11.0,35.0,6.0,25.0,4.0,0.0
TEXAS,Kerens,1492.0,2.0,0.0,1.0,0.0,1.0,12.0,2.0,5.0,5.0,0.0
TEXAS,Kermit,5860.0,9.0,0.0,1.0,2.0,6.0,28.0,12.0,12.0,4.0,1.0
TEXAS,Kerrville,25131.0,37.0,1.0,7.0,2.0,27.0,146.0,18.0,114.0,14.0,0.0
TEXAS,Kilgore,13572.0,46.0,1.0,7.0,3.0,35.0,298.0,37.0,237.0,24.0,1.0
TEXAS,Killeen,161667.0,853.0,20.0,111.0,88.0,634.0,2235.0,507.0,1268.0,460.0,5.0
TEXAS,Kingsville,24334.0,62.0,1.0,9.0,3.0,49.0,430.0,80.0,316.0,34.0,2.0
TEXAS,Kirby,8003.0,66.0,0.0,2.0,2.0,62.0,119.0,14.0,74.0,31.0,0.0
TEXAS,Knox City,1041.0,0.0,0.0,0.0,0.0,0.0,7.0,3.0,4.0,0.0,0.0
TEXAS,Kountze,2192.0,0.0,0.0,0.0,0.0,0.0,19.0,10.0,6.0,3.0,0.0
TEXAS,Krum,6902.0,6.0,0.0,1.0,0.0,5.0,28.0,4.0,24.0,0.0,1.0
TEXAS,Kyle,69069.0,137.0,1.0,24.0,13.0,99.0,569.0,64.0,457.0,48.0,0.0
TEXAS,Lacy-Lakeview,7341.0,31.0,0.0,6.0,3.0,22.0,112.0,18.0,89.0,5.0,0.0
TEXAS,La Feria,6732.0,28.0,0.0,4.0,0.0,24.0,107.0,25.0,70.0,12.0,2.0
TEXAS,Lago Vista,10376.0,13.0,0.0,5.0,0.0,8.0,45.0,7.0,30.0,8.0,1.0
TEXAS,La Grange,4593.0,17.0,0.0,2.0,1.0,14.0,54.0,4.0,44.0,6.0,0.0
TEXAS,La Grulla,1207.0,5.0,0.0,0.0,0.0,5.0,2.0,0.0,1.0,1.0,0.0
TEXAS,Laguna Vista,3805.0,2.0,0.0,0.0,0.0,2.0,24.0,1.0,21.0,2.0,0.0
TEXAS,La Joya,4993.0,6.0,0.0,0.0,1.0,5.0,56.0,15.0,41.0,0.0,0.0
TEXAS,Lake Dallas,7982.0,8.0,1.0,0.0,1.0,6.0,46.0,12.0,29.0,5.0,0.0
TEXAS,Lake Jackson,27644.0,72.0,3.0,14.0,5.0,50.0,481.0,40.0,403.0,38.0,1.0
TEXAS,Lakeport,993.0,0.0,0.0,0.0,0.0,0.0,2.0,1.0,0.0,1.0,0.0
TEXAS,Lakeside,1582.0,1.0,0.0,0.0,0.0,1.0,6.0,0.0,3.0,3.0,0.0
TEXAS,"Lakeview, Harrison County",6628.0,8.0,0.0,4.0,0.0,4.0,44.0,2.0,39.0,3.0,0.0
TEXAS,Lakeway,19170.0,15.0,0.0,3.0,2.0,10.0,234.0,24.0,191.0,19.0,1.0
TEXAS,Lake Worth,4589.0,26.0,0.0,1.0,3.0,22.0,388.0,18.0,337.0,33.0,2.0
TEXAS,La Marque,20004.0,108.0,2.0,18.0,15.0,73.0,452.0,72.0,332.0,48.0,0.0
TEXAS,Lamesa,8131.0,28.0,0.0,9.0,2.0,17.0,116.0,37.0,66.0,13.0,4.0
TEXAS,Lampasas,8045.0,32.0,2.0,6.0,2.0,22.0,240.0,25.0,205.0,10.0,0.0
TEXAS,Lancaster,40486.0,166.0,6.0,16.0,28.0,116.0,1266.0,353.0,697.0,216.0,5.0
TEXAS,La Porte,37572.0,65.0,2.0,7.0,4.0,52.0,360.0,34.0,287.0,39.0,0.0
TEXAS,Laredo,258311.0,945.0,6.0,123.0,126.0,690.0,3784.0,515.0,2843.0,426.0,47.0
TEXAS,La Vernia,1533.0,1.0,0.0,1.0,0.0,0.0,24.0,2.0,19.0,3.0,0.0
TEXAS,La Villa,3160.0,6.0,0.0,0.0,0.0,6.0,35.0,5.0,29.0,1.0,0.0
TEXAS,Lavon,8864.0,20.0,0.0,5.0,2.0,13.0,148.0,38.0,107.0,3.0,0.0
TEXAS,League City,116881.0,121.0,4.0,33.0,9.0,75.0,1356.0,204.0,1050.0,102.0,1.0
TEXAS,Leander,87740.0,61.0,0.0,47.0,1.0,13.0,867.0,129.0,675.0,63.0,4.0
TEXAS,Leon Valley,11269.0,52.0,0.0,5.0,10.0,37.0,576.0,44.0,426.0,106.0,1.0
TEXAS,Levelland,12499.0,53.0,1.0,1.0,0.0,51.0,118.0,29.0,84.0,5.0,0.0
TEXAS,Lewisville,136046.0,255.0,4.0,56.0,23.0,172.0,2064.0,179.0,1509.0,376.0,5.0
TEXAS,Lexington,1312.0,0.0,0.0,0.0,0.0,0.0,3.0,1.0,1.0,1.0,0.0
TEXAS,Liberty,8937.0,26.0,1.0,4.0,1.0,20.0,188.0,23.0,157.0,8.0,0.0
TEXAS,Liberty Hill,7147.0,13.0,0.0,4.0,0.0,9.0,44.0,16.0,23.0,5.0,0.0
TEXAS,Lindale,7217.0,13.0,0.0,4.0,0.0,9.0,111.0,4.0,102.0,5.0,0.0
TEXAS,Linden,1810.0,3.0,0.0,0.0,0.0,3.0,112.0,109.0,3.0,0.0,2.0
TEXAS,Little Elm,62837.0,84.0,2.0,23.0,13.0,46.0,266.0,27.0,201.0,38.0,0.0
TEXAS,Littlefield,5711.0,14.0,0.0,0.0,0.0,14.0,52.0,17.0,29.0,6.0,2.0
TEXAS,Live Oak,16044.0,23.0,0.0,13.0,1.0,9.0,605.0,35.0,491.0,79.0,1.0
TEXAS,Liverpool,547.0,0.0,0.0,0.0,0.0,0.0,6.0,1.0,5.0,0.0,0.0
TEXAS,Livingston,5753.0,27.0,0.0,6.0,1.0,20.0,190.0,6.0,161.0,23.0,0.0
TEXAS,Llano,3576.0,7.0,0.0,1.0,1.0,5.0,37.0,12.0,21.0,4.0,1.0
TEXAS,Lockhart,15654.0,29.0,0.0,4.0,4.0,21.0,238.0,46.0,147.0,45.0,0.0
TEXAS,Log Cabin,838.0,1.0,0.0,0.0,0.0,1.0,0.0,0.0,0.0,0.0,0.0
TEXAS,Lometa,816.0,0.0,0.0,0.0,0.0,0.0,0.0,0.0,0.0,0.0,0.0
TEXAS,Longview,83771.0,284.0,9.0,54.0,42.0,179.0,1969.0,264.0,1532.0,173.0,2.0
TEXAS,Lorena,1810.0,5.0,0.0,0.0,0.0,5.0,23.0,4.0,17.0,2.0,1.0
TEXAS,Los Fresnos,8439.0,67.0,0.0,5.0,2.0,60.0,136.0,8.0,116.0,12.0,0.0
TEXAS,Lubbock,269900.0,2216.0,14.0,208.0,312.0,1682.0,7095.0,1452.0,4920.0,723.0,63.0
TEXAS,Lufkin,34218.0,181.0,2.0,31.0,26.0,122.0,751.0,109.0,564.0,78.0,5.0
TEXAS,Luling,5813.0,18.0,0.0,6.0,0.0,12.0,68.0,6.0,50.0,12.0,0.0
TEXAS,Lumberton,14304.0,7.0,0.0,2.0,0.0,5.0,70.0,9.0,55.0,6.0,0.0
TEXAS,Lyford,2195.0,0.0,0.0,0.0,0.0,0.0,5.0,1.0,4.0,0.0,0.0
TEXAS,Lytle,3269.0,1.0,0.0,0.0,0.0,1.0,97.0,21.0,55.0,21.0,0.0
TEXAS,Madisonville,4664.0,13.0,1.0,3.0,2.0,7.0,31.0,3.0,25.0,3.0,0.0
TEXAS,Magnolia,3993.0,2.0,0.0,1.0,0.0,1.0,19.0,2.0,10.0,7.0,0.0
TEXAS,Manor,22879.0,30.0,1.0,7.0,3.0,19.0,363.0,39.0,269.0,55.0,2.0
TEXAS,Mansfield,80569.0,75.0,2.0,14.0,8.0,51.0,1113.0,89.0,901.0,123.0,0.0
TEXAS,Manvel,20555.0,18.0,0.0,3.0,1.0,14.0,222.0,91.0,119.0,12.0,1.0
TEXAS,Marble Falls,7746.0,25.0,0.0,8.0,3.0,14.0,146.0,24.0,115.0,7.0,1.0
TEXAS,Marfa,1639.0,3.0,0.0,0.0,0.0,3.0,5.0,0.0,5.0,0.0,0.0
TEXAS,Marion,1084.0,0.0,0.0,0.0,0.0,0.0,4.0,1.0,3.0,0.0,0.0
TEXAS,Marlin,5604.0,13.0,0.0,0.0,5.0,8.0,54.0,23.0,23.0,8.0,0.0
TEXAS,Marshall,24382.0,84.0,2.0,14.0,7.0,61.0,384.0,72.0,257.0,55.0,1.0
TEXAS,Martindale,1258.0,0.0,0.0,0.0,0.0,0.0,2.0,0.0,2.0,0.0,0.0
TEXAS,Mathis,4274.0,16.0,1.0,4.0,0.0,11.0,54.0,13.0,33.0,8.0,2.0
TEXAS,Maypearl,980.0,0.0,0.0,0.0,0.0,0.0,3.0,1.0,1.0,1.0,0.0
TEXAS,McAllen,148017.0,222.0,4.0,58.0,35.0,125.0,2717.0,94.0,2523.0,100.0,9.0
TEXAS,McKinney,219132.0,257.0,6.0,59.0,28.0,164.0,1787.0,187.0,1439.0,161.0,8.0
TEXAS,Meadows Place,4544.0,3.0,0.0,0.0,2.0,1.0,118.0,17.0,97.0,4.0,0.0
TEXAS,Melissa,27831.0,10.0,0.0,2.0,0.0,8.0,95.0,17.0,69.0,9.0,1.0
TEXAS,Memorial Villages,11170.0,1.0,0.0,0.0,1.0,0.0,55.0,11.0,37.0,7.0,0.0
TEXAS,Memphis,2038.0,2.0,0.0,1.0,1.0,0.0,6.0,2.0,3.0,1.0,0.0
TEXAS,Mercedes,16893.0,68.0,0.0,16.0,5.0,47.0,542.0,30.0,460.0,52.0,7.0
TEXAS,Meridian,1442.0,3.0,0.0,1.0,0.0,2.0,3.0,2.0,1.0,0.0,0.0
TEXAS,Merkel,2420.0,4.0,0.0,2.0,0.0,2.0,15.0,10.0,3.0,2.0,0.0
TEXAS,Mesquite,148803.0,746.0,6.0,60.0,120.0,560.0,4429.0,583.0,2924.0,922.0,8.0
TEXAS,Mexia,6848.0,30.0,0.0,4.0,3.0,23.0,72.0,26.0,43.0,3.0,0.0
TEXAS,Midland,140303.0,512.0,7.0,94.0,33.0,378.0,2262.0,321.0,1645.0,296.0,3.0
TEXAS,Midlothian,43497.0,52.0,1.0,8.0,3.0,40.0,417.0,30.0,349.0,38.0,0.0
TEXAS,Miles,939.0,1.0,0.0,0.0,0.0,1.0,0.0,0.0,0.0,0.0,0.0
TEXAS,Mineola,5204.0,9.0,0.0,2.0,0.0,7.0,93.0,14.0,76.0,3.0,0.0
TEXAS,Mineral Wells,15669.0,48.0,0.0,13.0,4.0,31.0,425.0,110.0,276.0,39.0,1.0
TEXAS,Mission,87777.0,166.0,4.0,31.0,14.0,117.0,1008.0,99.0,859.0,50.0,1.0
TEXAS,Missouri City,77571.0,110.0,2.0,27.0,20.0,61.0,814.0,76.0,672.0,66.0,0.0
TEXAS,Monahans,7140.0,26.0,0.0,9.0,1.0,16.0,99.0,16.0,72.0,11.0,1.0
TEXAS,Mont Belvieu,10271.0,26.0,0.0,6.0,1.0,19.0,127.0,18.0,89.0,20.0,0.0
TEXAS,Montgomery,3083.0,2.0,0.0,0.0,0.0,2.0,40.0,5.0,32.0,3.0,0.0
TEXAS,Morgan's Point,266.0,0.0,0.0,0.0,0.0,0.0,5.0,1.0,3.0,1.0,0.0
TEXAS,Morgan's Point Resort,4809.0,1.0,0.0,1.0,0.0,0.0,26.0,8.0,11.0,7.0,0.0
TEXAS,Moulton,859.0,0.0,0.0,0.0,0.0,0.0,1.0,0.0,0.0,1.0,0.0
TEXAS,Mount Enterprise,512.0,1.0,0.0,1.0,0.0,0.0,0.0,0.0,0.0,0.0,0.0
TEXAS,Mount Pleasant,16038.0,36.0,1.0,8.0,7.0,20.0,294.0,30.0,228.0,36.0,5.0
TEXAS,Mount Vernon,2578.0,5.0,0.0,0.0,1.0,4.0,11.0,2.0,3.0,6.0,0.0
TEXAS,Muleshoe,4918.0,7.0,0.0,0.0,0.0,7.0,17.0,8.0,9.0,0.0,0.0
TEXAS,Murphy,20867.0,9.0,0.0,2.0,2.0,5.0,99.0,4.0,90.0,5.0,1.0
TEXAS,Nacogdoches,32177.0,76.0,2.0,22.0,11.0,41.0,468.0,54.0,395.0,19.0,2.0
TEXAS,Nassau Bay,5045.0,24.0,0.0,9.0,0.0,15.0,62.0,8.0,43.0,11.0,0.0
TEXAS,Natalia,1383.0,1.0,0.0,0.0,0.0,1.0,7.0,2.0,3.0,2.0,0.0
TEXAS,Navasota,9425.0,74.0,0.0,11.0,7.0,56.0,167.0,29.0,119.0,19.0,0.0
TEXAS,Nederland,17891.0,41.0,0.0,6.0,4.0,31.0,217.0,36.0,159.0,22.0,1.0
TEXAS,Needville,3088.0,2.0,0.0,0.0,0.0,2.0,15.0,2.0,11.0,2.0,0.0
TEXAS,New Boston,4524.0,39.0,3.0,1.0,4.0,31.0,153.0,16.0,130.0,7.0,0.0
TEXAS,New Braunfels,118268.0,185.0,2.0,20.0,15.0,148.0,1518.0,150.0,1243.0,125.0,3.0
TEXAS,New Deal,737.0,1.0,0.0,0.0,0.0,1.0,1.0,0.0,1.0,0.0,0.0
TEXAS,New London,988.0,0.0,0.0,0.0,0.0,0.0,12.0,4.0,6.0,2.0,0.0
TEXAS,Newton,1551.0,4.0,0.0,2.0,0.0,2.0,20.0,6.0,9.0,5.0,0.0
TEXAS,Nixon,2399.0,7.0,0.0,2.0,0.0,5.0,25.0,7.0,15.0,3.0,1.0
TEXAS,Nolanville,7392.0,10.0,2.0,1.0,0.0,7.0,49.0,19.0,25.0,5.0,0.0
TEXAS,Northeast,4054.0,2.0,0.0,1.0,0.0,1.0,4.0,0.0,2.0,2.0,0.0
TEXAS,Northlake,11357.0,16.0,0.0,1.0,0.0,15.0,164.0,15.0,129.0,20.0,0.0
TEXAS,North Richland Hills,70780.0,158.0,3.0,28.0,16.0,111.0,1580.0,168.0,1269.0,143.0,0.0
TEXAS,Oak Ridge North,2942.0,2.0,0.0,0.0,2.0,0.0,73.0,1.0,66.0,6.0,0.0
TEXAS,Odessa,116039.0,367.0,4.0,62.0,45.0,256.0,2138.0,255.0,1588.0,295.0,0.0
TEXAS,Olmos Park,2155.0,1.0,0.0,0.0,0.0,1.0,16.0,7.0,6.0,3.0,0.0
TEXAS,Olney,3022.0,6.0,0.0,1.0,0.0,5.0,6.0,2.0,2.0,2.0,0.0
TEXAS,Onalaska,3272.0,15.0,0.0,7.0,4.0,4.0,42.0,9.0,25.0,8.0,0.0
TEXAS,Orange,19050.0,86.0,4.0,18.0,9.0,55.0,227.0,69.0,119.0,39.0,1.0
TEXAS,Ore City,1196.0,0.0,0.0,0.0,0.0,0.0,0.0,0.0,0.0,0.0,0.0
TEXAS,Overton,2329.0,4.0,0.0,2.0,0.0,2.0,18.0,4.0,14.0,0.0,0.0
TEXAS,Ovilla,4851.0,4.0,0.0,1.0,1.0,2.0,17.0,4.0,12.0,1.0,0.0
TEXAS,Oyster Creek,1222.0,2.0,0.0,0.0,0.0,2.0,28.0,12.0,11.0,5.0,0.0
TEXAS,Palacios,4366.0,15.0,0.0,1.0,2.0,12.0,51.0,11.0,33.0,7.0,1.0
TEXAS,Palestine,19648.0,82.0,0.0,25.0,5.0,52.0,284.0,25.0,222.0,37.0,2.0
TEXAS,Palmer,2604.0,1.0,0.0,0.0,0.0,1.0,7.0,1.0,3.0,3.0,0.0
TEXAS,Palmhurst,2588.0,2.0,0.0,0.0,2.0,0.0,200.0,4.0,195.0,1.0,0.0
TEXAS,Palmview,15887.0,76.0,0.0,3.0,3.0,70.0,232.0,43.0,165.0,24.0,0.0
TEXAS,Pampa,16445.0,91.0,1.0,12.0,6.0,72.0,312.0,61.0,235.0,16.0,1.0
TEXAS,Pantego,2456.0,7.0,0.0,1.0,2.0,4.0,63.0,6.0,47.0,10.0,0.0
TEXAS,Paris,25126.0,156.0,0.0,30.0,14.0,112.0,680.0,90.0,551.0,39.0,2.0
TEXAS,Parker,6432.0,2.0,0.0,0.0,0.0,2.0,23.0,5.0,17.0,1.0,0.0
TEXAS,Pasadena,145199.0,822.0,6.0,101.0,107.0,608.0,3415.0,366.0,2436.0,613.0,13.0
TEXAS,Patton Village,1969.0,2.0,0.0,0.0,0.0,2.0,2.0,0.0,2.0,0.0,0.0
TEXAS,Payne Springs,754.0,0.0,0.0,0.0,0.0,0.0,9.0,4.0,4.0,1.0,0.0
TEXAS,Pearland,128322.0,123.0,3.0,31.0,19.0,70.0,1848.0,185.0,1547.0,116.0,2.0
TEXAS,Pearsall,9002.0,23.0,0.0,3.0,1.0,19.0,78.0,25.0,49.0,4.0,2.0
TEXAS,Pecos,9154.0,64.0,1.0,3.0,1.0,59.0,72.0,20.0,45.0,7.0,0.0
TEXAS,Pelican Bay,2757.0,6.0,0.0,0.0,0.0,6.0,8.0,3.0,5.0,0.0,0.0
TEXAS,Penitas,6292.0,8.0,0.0,2.0,1.0,5.0,67.0,11.0,52.0,4.0,0.0
TEXAS,Perryton,8148.0,19.0,0.0,1.0,1.0,17.0,18.0,5.0,10.0,3.0,0.0
TEXAS,Pflugerville,65243.0,127.0,1.0,34.0,22.0,70.0,1053.0,82.0,855.0,116.0,2.0
TEXAS,Pharr,80604.0,179.0,1.0,40.0,22.0,116.0,916.0,137.0,696.0,83.0,3.0
TEXAS,Pilot Point,6489.0,5.0,0.0,1.0,0.0,4.0,43.0,14.0,21.0,8.0,0.0
TEXAS,Pinehurst,2227.0,14.0,0.0,3.0,1.0,10.0,19.0,4.0,14.0,1.0,0.0
TEXAS,Pineland,905.0,4.0,0.0,0.0,0.0,4.0,2.0,2.0,0.0,0.0,0.0
TEXAS,Pittsburg,4582.0,21.0,0.0,2.0,0.0,19.0,35.0,10.0,19.0,6.0,0.0
TEXAS,Plainview,19186.0,71.0,0.0,13.0,2.0,56.0,323.0,51.0,249.0,23.0,0.0
TEXAS,Plano,291463.0,442.0,3.0,97.0,78.0,264.0,4274.0,468.0,3391.0,415.0,9.0
TEXAS,Pleasanton,11371.0,22.0,0.0,4.0,2.0,16.0,235.0,11.0,209.0,15.0,0.0
TEXAS,Plum Grove,1619.0,2.0,0.0,0.0,0.0,2.0,8.0,3.0,2.0,3.0,1.0
TEXAS,Point Comfort,550.0,0.0,0.0,0.0,0.0,0.0,0.0,0.0,0.0,0.0,0.0
TEXAS,Ponder,2865.0,0.0,0.0,0.0,0.0,0.0,7.0,1.0,6.0,0.0,0.0
TEXAS,Port Aransas,3639.0,13.0,0.0,4.0,0.0,9.0,183.0,12.0,148.0,23.0,1.0
TEXAS,Port Arthur,55397.0,398.0,6.0,38.0,60.0,294.0,853.0,230.0,506.0,117.0,1.0
TEXAS,Port Isabel,5150.0,19.0,0.0,2.0,1.0,16.0,197.0,11.0,176.0,10.0,0.0
TEXAS,Portland,20506.0,32.0,0.0,13.0,1.0,18.0,173.0,14.0,150.0,9.0,0.0
TEXAS,Port Lavaca,11112.0,33.0,2.0,7.0,3.0,21.0,140.0,23.0,104.0,13.0,0.0
TEXAS,Port Mansfield,257.0,1.0,0.0,0.0,0.0,1.0,18.0,0.0,18.0,0.0,0.0
TEXAS,Port Neches,13561.0,31.0,1.0,7.0,2.0,21.0,90.0,16.0,64.0,10.0,0.0
TEXAS,Poteet,3057.0,1.0,0.0,0.0,1.0,0.0,54.0,28.0,21.0,5.0,0.0
TEXAS,Poth,2018.0,0.0,0.0,0.0,0.0,0.0,6.0,2.0,4.0,0.0,0.0
TEXAS,Pottsboro,2882.0,4.0,0.0,2.0,0.0,2.0,19.0,10.0,8.0,1.0,0.0
TEXAS,Prairie View ,8579.0,18.0,0.0,1.0,2.0,15.0,61.0,24.0,27.0,10.0,0.0
TEXAS,Premont,2385.0,8.0,0.0,0.0,0.0,8.0,12.0,10.0,1.0,1.0,0.0
TEXAS,Presidio,3055.0,1.0,0.0,0.0,0.0,1.0,2.0,0.0,0.0,2.0,0.0
TEXAS,Princeton,26650.0,73.0,1.0,10.0,5.0,57.0,225.0,66.0,145.0,14.0,0.0
TEXAS,Prosper,46065.0,25.0,0.0,8.0,0.0,17.0,460.0,50.0,384.0,26.0,2.0
TEXAS,Queen City,1399.0,4.0,0.0,2.0,0.0,2.0,15.0,2.0,10.0,3.0,1.0
TEXAS,Quinlan,1577.0,2.0,0.0,0.0,0.0,2.0,18.0,5.0,11.0,2.0,0.0
TEXAS,Quitman,2037.0,4.0,0.0,0.0,1.0,3.0,11.0,3.0,7.0,1.0,0.0
TEXAS,Rancho Viejo,2854.0,3.0,0.0,0.0,0.0,3.0,13.0,1.0,12.0,0.0,0.0
TEXAS,Ranger,2275.0,1.0,0.0,0.0,0.0,1.0,7.0,1.0,3.0,3.0,0.0
TEXAS,Ransom Canyon,1149.0,0.0,0.0,0.0,0.0,0.0,0.0,0.0,0.0,0.0,0.0
TEXAS,Raymondville,10100.0,89.0,1.0,11.0,6.0,71.0,199.0,51.0,138.0,10.0,1.0
TEXAS,Red Oak,20300.0,38.0,0.0,1.0,6.0,31.0,424.0,37.0,218.0,169.0,0.0
TEXAS,Refugio,2771.0,6.0,0.0,0.0,2.0,4.0,23.0,7.0,11.0,5.0,0.0
TEXAS,"Reno, Lamar County",3572.0,7.0,0.0,0.0,0.0,7.0,39.0,8.0,29.0,2.0,0.0
TEXAS,"Reno, Parker County",3572.0,5.0,0.0,0.0,0.0,5.0,23.0,6.0,14.0,3.0,1.0
TEXAS,Rhome,1917.0,3.0,0.0,0.0,0.0,3.0,24.0,7.0,11.0,6.0,0.0
TEXAS,Rice,1237.0,1.0,0.0,0.0,0.0,1.0,12.0,4.0,8.0,0.0,0.0
TEXAS,Richardson,117962.0,173.0,2.0,10.0,45.0,116.0,2163.0,260.0,1528.0,375.0,4.0
TEXAS,Richland Hills,8235.0,19.0,1.0,7.0,1.0,10.0,203.0,26.0,141.0,36.0,0.0
TEXAS,Richmond,13279.0,33.0,0.0,7.0,7.0,19.0,364.0,35.0,320.0,9.0,0.0
TEXAS,Richwood,4790.0,9.0,0.0,1.0,0.0,8.0,26.0,3.0,20.0,3.0,0.0
TEXAS,Rio Grande City,15320.0,29.0,0.0,1.0,0.0,28.0,266.0,47.0,190.0,29.0,1.0
TEXAS,Rio Hondo,2397.0,10.0,1.0,1.0,0.0,8.0,31.0,3.0,23.0,5.0,0.0
TEXAS,River Oaks,7286.0,16.0,0.0,6.0,5.0,5.0,87.0,17.0,52.0,18.0,3.0
TEXAS,Roanoke,11174.0,12.0,0.0,1.0,1.0,10.0,137.0,18.0,103.0,16.0,1.0
TEXAS,Robinson,13165.0,16.0,0.0,1.0,1.0,14.0,66.0,14.0,47.0,5.0,0.0
TEXAS,Robstown,10401.0,41.0,0.0,3.0,9.0,29.0,276.0,75.0,175.0,26.0,2.0
TEXAS,Rockdale,5676.0,46.0,1.0,8.0,0.0,37.0,56.0,9.0,41.0,6.0,0.0
TEXAS,Rockport,11200.0,29.0,0.0,7.0,2.0,20.0,197.0,36.0,147.0,14.0,1.0
TEXAS,Rockwall,54765.0,80.0,1.0,9.0,8.0,62.0,752.0,64.0,641.0,47.0,0.0
TEXAS,Rollingwood,1409.0,0.0,0.0,0.0,0.0,0.0,19.0,2.0,12.0,5.0,0.0
TEXAS,Roma,11552.0,30.0,0.0,2.0,2.0,26.0,79.0,8.0,58.0,13.0,0.0
TEXAS,Roman Forest,2512.0,9.0,0.0,3.0,0.0,6.0,92.0,12.0,72.0,8.0,0.0
TEXAS,Roscoe,1206.0,1.0,0.0,0.0,0.0,1.0,1.0,1.0,0.0,0.0,0.0
TEXAS,Rosebud,1354.0,0.0,0.0,0.0,0.0,0.0,0.0,0.0,0.0,0.0,0.0
TEXAS,Rose City,346.0,2.0,0.0,1.0,0.0,1.0,12.0,4.0,5.0,3.0,0.0
TEXAS,Rosenberg,42035.0,100.0,0.0,28.0,8.0,64.0,623.0,58.0,494.0,71.0,1.0
TEXAS,Round Rock,133868.0,175.0,2.0,39.0,23.0,111.0,2598.0,228.0,2181.0,189.0,3.0
TEXAS,Rowlett,69135.0,105.0,0.0,18.0,11.0,76.0,902.0,73.0,745.0,84.0,3.0
TEXAS,Royse City,29149.0,30.0,0.0,15.0,4.0,11.0,262.0,37.0,205.0,20.0,0.0
TEXAS,Runaway Bay,2161.0,1.0,0.0,0.0,1.0,0.0,10.0,5.0,5.0,0.0,0.0
TEXAS,Rusk,5387.0,6.0,0.0,0.0,0.0,6.0,52.0,21.0,31.0,0.0,0.0
TEXAS,Sabinal,1381.0,2.0,0.0,0.0,0.0,2.0,4.0,1.0,1.0,2.0,0.0
TEXAS,Sachse,34574.0,25.0,1.0,9.0,1.0,14.0,255.0,71.0,161.0,23.0,0.0
TEXAS,Saginaw,25534.0,66.0,0.0,17.0,4.0,45.0,352.0,29.0,277.0,46.0,2.0
TEXAS,Salado,2393.0,0.0,0.0,0.0,0.0,0.0,2.0,0.0,2.0,0.0,0.0
TEXAS,San Angelo,98996.0,216.0,4.0,24.0,20.0,168.0,2461.0,384.0,1947.0,130.0,5.0
TEXAS,San Antonio,1514458.0,8998.0,127.0,1267.0,1641.0,5963.0,70023.0,7505.0,49853.0,12665.0,177.0
TEXAS,San Augustine,1851.0,6.0,0.0,0.0,0.0,6.0,12.0,5.0,4.0,3.0,1.0
TEXAS,San Benito,24382.0,64.0,1.0,0.0,8.0,55.0,707.0,68.0,573.0,66.0,1.0
TEXAS,Sanger,10153.0,10.0,0.0,2.0,1.0,7.0,114.0,35.0,67.0,12.0,1.0
TEXAS,San Juan,36819.0,57.0,3.0,0.0,11.0,43.0,522.0,84.0,408.0,30.0,2.0
TEXAS,San Marcos,72723.0,261.0,0.0,70.0,27.0,164.0,1642.0,194.0,1164.0,284.0,2.0
TEXAS,San Saba,3116.0,1.0,0.0,0.0,0.0,1.0,8.0,2.0,4.0,2.0,0.0
TEXAS,Sansom Park Village,5282.0,28.0,2.0,6.0,3.0,17.0,97.0,19.0,60.0,18.0,0.0
TEXAS,Santa Anna,1036.0,2.0,0.0,0.0,1.0,1.0,2.0,2.0,0.0,0.0,0.0
TEXAS,Santa Fe,13055.0,11.0,0.0,1.0,0.0,10.0,96.0,31.0,53.0,12.0,0.0
TEXAS,Savoy,766.0,0.0,0.0,0.0,0.0,0.0,0.0,0.0,0.0,0.0,0.0
TEXAS,Schertz,43611.0,67.0,0.0,9.0,6.0,52.0,387.0,53.0,277.0,57.0,1.0
TEXAS,Schulenburg,2832.0,18.0,0.0,0.0,1.0,17.0,26.0,3.0,16.0,7.0,3.0
TEXAS,Seabrook,13687.0,31.0,1.0,19.0,1.0,10.0,178.0,29.0,131.0,18.0,3.0
TEXAS,Seadrift,1013.0,0.0,0.0,0.0,0.0,0.0,3.0,0.0,3.0,0.0,0.0
TEXAS,Seagoville,20329.0,22.0,1.0,6.0,7.0,8.0,310.0,62.0,155.0,93.0,1.0
TEXAS,Sealy,7387.0,13.0,0.0,2.0,3.0,8.0,66.0,9.0,47.0,10.0,0.0
TEXAS,Seguin,38505.0,105.0,0.0,19.0,13.0,73.0,637.0,92.0,496.0,49.0,3.0
TEXAS,Selma,11855.0,28.0,0.0,4.0,0.0,24.0,263.0,19.0,214.0,30.0,0.0
TEXAS,Seminole,7289.0,13.0,0.0,0.0,1.0,12.0,63.0,9.0,44.0,10.0,0.0
TEXAS,Seven Points,1502.0,3.0,0.0,0.0,1.0,2.0,18.0,3.0,10.0,5.0,0.0
TEXAS,Seymour,2573.0,7.0,1.0,0.0,0.0,6.0,4.0,0.0,4.0,0.0,0.0
TEXAS,Shallowater,2919.0,6.0,0.0,0.0,0.0,6.0,7.0,2.0,3.0,2.0,0.0
TEXAS,Shavano Park,3786.0,3.0,1.0,0.0,0.0,2.0,43.0,5.0,33.0,5.0,0.0
TEXAS,Shenandoah,3907.0,12.0,0.0,3.0,2.0,7.0,204.0,11.0,135.0,58.0,0.0
TEXAS,Shepherd,1977.0,1.0,0.0,0.0,0.0,1.0,10.0,3.0,7.0,0.0,0.0
TEXAS,Sherman,48711.0,172.0,1.0,34.0,18.0,119.0,932.0,291.0,555.0,86.0,7.0
TEXAS,Shiner,2176.0,0.0,0.0,0.0,0.0,0.0,15.0,4.0,8.0,3.0,0.0
TEXAS,Shoreacres,1499.0,1.0,1.0,0.0,0.0,0.0,6.0,1.0,4.0,1.0,0.0
TEXAS,Silsbee,6722.0,13.0,0.0,1.0,1.0,11.0,48.0,8.0,33.0,7.0,0.0
TEXAS,Sinton,5573.0,14.0,0.0,2.0,0.0,12.0,89.0,10.0,76.0,3.0,4.0
TEXAS,Slaton,5620.0,29.0,0.0,1.0,0.0,28.0,65.0,16.0,38.0,11.0,2.0
TEXAS,Smiley,490.0,0.0,0.0,0.0,0.0,0.0,0.0,0.0,0.0,0.0,0.0
TEXAS,Smithville,4186.0,4.0,0.0,2.0,0.0,2.0,23.0,4.0,18.0,1.0,2.0
TEXAS,Snyder,11106.0,97.0,0.0,8.0,0.0,89.0,162.0,27.0,121.0,14.0,0.0
TEXAS,Socorro,39522.0,56.0,1.0,5.0,6.0,44.0,321.0,44.0,201.0,76.0,0.0
TEXAS,Somerset,1822.0,3.0,0.0,0.0,0.0,3.0,14.0,1.0,11.0,2.0,0.0
TEXAS,Somerville,1457.0,1.0,0.0,0.0,0.0,1.0,10.0,3.0,6.0,1.0,0.0
TEXAS,Sonora,2359.0,5.0,0.0,0.0,0.0,5.0,6.0,1.0,3.0,2.0,0.0
TEXAS,Sour Lake,1877.0,4.0,0.0,1.0,0.0,3.0,11.0,3.0,7.0,1.0,0.0
TEXAS,South Houston,15696.0,109.0,1.0,14.0,25.0,69.0,342.0,43.0,201.0,98.0,2.0
TEXAS,Southlake,31095.0,10.0,0.0,2.0,1.0,7.0,311.0,22.0,272.0,17.0,1.0
TEXAS,Southmayd,1114.0,0.0,0.0,0.0,0.0,0.0,0.0,0.0,0.0,0.0,0.0
TEXAS,South Padre Island,2030.0,29.0,0.0,13.0,2.0,14.0,240.0,33.0,176.0,31.0,0.0
TEXAS,Southside Place,1861.0,1.0,0.0,0.0,0.0,1.0,20.0,0.0,19.0,1.0,0.0
TEXAS,Spearman,3002.0,0.0,0.0,0.0,0.0,0.0,0.0,0.0,0.0,0.0,0.0
TEXAS,Splendora,2054.0,7.0,0.0,2.0,1.0,4.0,28.0,7.0,17.0,4.0,0.0
TEXAS,Springtown,4625.0,11.0,0.0,0.0,2.0,9.0,42.0,4.0,31.0,7.0,2.0
TEXAS,Spring Valley,4288.0,1.0,0.0,1.0,0.0,0.0,68.0,6.0,49.0,13.0,0.0
TEXAS,Stafford,17242.0,55.0,0.0,2.0,13.0,40.0,552.0,54.0,428.0,70.0,0.0
TEXAS,Stamford,2958.0,3.0,0.0,1.0,0.0,2.0,18.0,3.0,13.0,2.0,0.0
TEXAS,Stanton,2649.0,4.0,0.0,0.0,0.0,4.0,38.0,12.0,23.0,3.0,1.0
TEXAS,Stephenville,22231.0,40.0,2.0,14.0,2.0,22.0,258.0,22.0,219.0,17.0,1.0
TEXAS,Stratford,1868.0,1.0,0.0,0.0,0.0,1.0,7.0,1.0,2.0,4.0,0.0
TEXAS,Sudan,929.0,6.0,0.0,0.0,0.0,6.0,3.0,2.0,1.0,0.0,0.0
TEXAS,Sugar Land,107757.0,84.0,1.0,9.0,25.0,49.0,1491.0,128.0,1260.0,103.0,1.0
TEXAS,Sulphur Springs,16772.0,28.0,0.0,10.0,6.0,12.0,125.0,13.0,100.0,12.0,0.0
TEXAS,Sunnyvale,8851.0,10.0,0.0,1.0,0.0,9.0,103.0,8.0,72.0,23.0,0.0
TEXAS,Sunray,1711.0,0.0,0.0,0.0,0.0,0.0,16.0,4.0,12.0,0.0,0.0
TEXAS,Sunrise Beach Village,807.0,0.0,0.0,0.0,0.0,0.0,4.0,2.0,1.0,1.0,0.0
TEXAS,Sunset Valley,607.0,3.0,0.0,0.0,1.0,2.0,267.0,7.0,232.0,28.0,0.0
TEXAS,Surfside Beach,709.0,1.0,0.0,0.0,0.0,1.0,3.0,1.0,2.0,0.0,0.0
TEXAS,Sweeny,3555.0,7.0,0.0,5.0,0.0,2.0,21.0,3.0,17.0,1.0,0.0
TEXAS,Sweetwater,10180.0,51.0,2.0,12.0,5.0,32.0,114.0,27.0,77.0,10.0,4.0
TEXAS,Taft,2952.0,4.0,0.0,0.0,1.0,3.0,25.0,5.0,18.0,2.0,0.0
TEXAS,Tahoka,2444.0,4.0,0.0,0.0,0.0,4.0,6.0,2.0,3.0,1.0,0.0
TEXAS,Tatum,1389.0,0.0,0.0,0.0,0.0,0.0,2.0,1.0,1.0,0.0,0.0
TEXAS,Taylor,17648.0,42.0,0.0,6.0,3.0,33.0,364.0,61.0,262.0,41.0,0.0
TEXAS,Teague,3587.0,9.0,0.0,3.0,1.0,5.0,33.0,6.0,25.0,2.0,2.0
TEXAS,Temple,96862.0,307.0,11.0,71.0,36.0,189.0,2288.0,353.0,1594.0,341.0,15.0
TEXAS,Tenaha,1021.0,0.0,0.0,0.0,0.0,0.0,0.0,0.0,0.0,0.0,0.0
TEXAS,Terrell,22930.0,70.0,0.0,5.0,4.0,61.0,357.0,43.0,264.0,50.0,0.0
TEXAS,Terrell Hills,5063.0,2.0,0.0,0.0,1.0,1.0,87.0,6.0,72.0,9.0,0.0
TEXAS,Texarkana,35581.0,138.0,0.0,23.0,17.0,98.0,891.0,78.0,752.0,61.0,2.0
TEXAS,Texas City,58130.0,197.0,5.0,55.0,21.0,116.0,1288.0,198.0,989.0,101.0,1.0
TEXAS,The Colony,45708.0,87.0,1.0,18.0,8.0,60.0,630.0,60.0,507.0,63.0,0.0
TEXAS,Thorndale,1399.0,0.0,0.0,0.0,0.0,0.0,0.0,0.0,0.0,0.0,0.0
TEXAS,Thrall,880.0,0.0,0.0,0.0,0.0,0.0,5.0,1.0,4.0,0.0,0.0
TEXAS,Three Rivers,1700.0,2.0,0.0,0.0,0.0,2.0,1.0,0.0,0.0,1.0,0.0
TEXAS,Tioga,1327.0,0.0,0.0,0.0,0.0,0.0,0.0,0.0,0.0,0.0,0.0
TEXAS,Todd Mission,133.0,0.0,0.0,0.0,0.0,0.0,3.0,0.0,2.0,1.0,0.0
TEXAS,Tolar,1335.0,0.0,0.0,0.0,0.0,0.0,4.0,0.0,3.0,1.0,0.0
TEXAS,Tomball,14885.0,40.0,1.0,7.0,2.0,30.0,293.0,21.0,236.0,36.0,3.0
TEXAS,Tom Bean,953.0,0.0,0.0,0.0,0.0,0.0,0.0,0.0,0.0,0.0,0.0
TEXAS,Tool,2335.0,2.0,0.0,0.0,0.0,2.0,4.0,2.0,0.0,2.0,0.0
TEXAS,Trenton,839.0,5.0,0.0,0.0,0.0,5.0,5.0,1.0,2.0,2.0,0.0
TEXAS,Trophy Club,13644.0,2.0,0.0,0.0,0.0,2.0,54.0,4.0,47.0,3.0,0.0
TEXAS,Troy,3476.0,5.0,0.0,2.0,0.0,3.0,19.0,3.0,14.0,2.0,0.0
TEXAS,Tulia,4391.0,20.0,0.0,5.0,1.0,14.0,87.0,16.0,62.0,9.0,1.0
TEXAS,Tye,1232.0,1.0,0.0,0.0,0.0,1.0,11.0,5.0,4.0,2.0,0.0
TEXAS,Tyler,111714.0,437.0,9.0,93.0,46.0,289.0,2138.0,206.0,1779.0,153.0,0.0
TEXAS,Universal City,20121.0,52.0,1.0,13.0,9.0,29.0,423.0,51.0,320.0,52.0,1.0
TEXAS,University Park,25241.0,16.0,0.0,1.0,3.0,12.0,362.0,47.0,269.0,46.0,0.0
TEXAS,Uvalde,15509.0,61.0,0.0,9.0,6.0,46.0,285.0,42.0,229.0,14.0,1.0
TEXAS,Valley Mills,1315.0,1.0,0.0,0.0,0.0,1.0,3.0,0.0,3.0,0.0,0.0
TEXAS,Van,2928.0,3.0,0.0,0.0,0.0,3.0,28.0,5.0,21.0,2.0,0.0
TEXAS,Van Alstyne,7796.0,2.0,0.0,1.0,0.0,1.0,56.0,9.0,46.0,1.0,0.0
TEXAS,Vega,887.0,0.0,0.0,0.0,0.0,0.0,0.0,0.0,0.0,0.0,0.0
TEXAS,Venus,8911.0,9.0,0.0,2.0,0.0,7.0,35.0,8.0,21.0,6.0,0.0
TEXAS,Vernon,9704.0,43.0,2.0,13.0,0.0,28.0,191.0,27.0,144.0,20.0,1.0
TEXAS,Victoria,65893.0,239.0,3.0,37.0,25.0,174.0,1265.0,194.0,983.0,88.0,3.0
TEXAS,Vidor,9736.0,22.0,0.0,9.0,2.0,11.0,127.0,47.0,66.0,14.0,0.0
TEXAS,Waco,146270.0,623.0,8.0,133.0,84.0,398.0,3110.0,431.0,2379.0,300.0,8.0
TEXAS,Waelder,963.0,1.0,0.0,1.0,0.0,0.0,1.0,0.0,0.0,1.0,0.0
TEXAS,Wake Village,5766.0,9.0,0.0,2.0,4.0,3.0,51.0,16.0,33.0,2.0,1.0
TEXAS,Waller,3627.0,15.0,0.0,2.0,3.0,10.0,68.0,26.0,29.0,13.0,0.0
TEXAS,Wallis,1365.0,5.0,0.0,1.0,0.0,4.0,18.0,6.0,9.0,3.0,0.0
TEXAS,Watauga,22717.0,26.0,0.0,6.0,8.0,12.0,194.0,29.0,133.0,32.0,0.0
TEXAS,Waxahachie,49223.0,110.0,2.0,25.0,5.0,78.0,773.0,60.0,633.0,80.0,1.0
TEXAS,Weatherford,40765.0,70.0,1.0,20.0,4.0,45.0,628.0,57.0,529.0,42.0,0.0
TEXAS,Webster,12094.0,65.0,2.0,12.0,10.0,41.0,725.0,115.0,534.0,76.0,0.0
TEXAS,Weimar,2180.0,8.0,0.0,1.0,2.0,5.0,20.0,4.0,14.0,2.0,0.0
TEXAS,Weslaco,43898.0,205.0,0.0,31.0,42.0,132.0,1514.0,92.0,1321.0,101.0,6.0
TEXAS,West,2597.0,3.0,0.0,0.0,0.0,3.0,8.0,6.0,1.0,1.0,0.0
TEXAS,West Columbia,3610.0,10.0,0.0,0.0,0.0,10.0,53.0,11.0,38.0,4.0,0.0
TEXAS,West Lake Hills,3102.0,3.0,0.0,0.0,0.0,3.0,88.0,10.0,70.0,8.0,0.0
TEXAS,West Orange,3417.0,11.0,0.0,3.0,1.0,7.0,78.0,16.0,61.0,1.0,1.0
TEXAS,Westover Hills,634.0,0.0,0.0,0.0,0.0,0.0,2.0,1.0,1.0,0.0,0.0
TEXAS,West University Place,14720.0,8.0,0.0,0.0,6.0,2.0,146.0,8.0,128.0,10.0,0.0
TEXAS,Westworth,2686.0,15.0,0.0,3.0,3.0,9.0,122.0,9.0,110.0,3.0,0.0
TEXAS,Wharton,8782.0,31.0,0.0,1.0,6.0,24.0,165.0,32.0,125.0,8.0,0.0
TEXAS,Whitehouse,10034.0,7.0,0.0,2.0,1.0,4.0,38.0,4.0,31.0,3.0,0.0
TEXAS,White Oak,6222.0,5.0,0.0,2.0,0.0,3.0,50.0,3.0,38.0,9.0,0.0
TEXAS,Whitesboro,4215.0,6.0,0.0,2.0,1.0,3.0,32.0,14.0,16.0,2.0,0.0
TEXAS,White Settlement,17917.0,46.0,0.0,10.0,10.0,26.0,350.0,52.0,259.0,39.0,1.0
TEXAS,Whitewright,1793.0,5.0,0.0,2.0,0.0,3.0,4.0,2.0,2.0,0.0,0.0
TEXAS,Whitney,2121.0,6.0,0.0,2.0,1.0,3.0,19.0,2.0,17.0,0.0,0.0
TEXAS,Wichita Falls,102762.0,360.0,9.0,65.0,61.0,225.0,2691.0,457.0,1982.0,252.0,2.0
TEXAS,Willis,7146.0,23.0,0.0,3.0,3.0,17.0,159.0,17.0,128.0,14.0,1.0
TEXAS,Willow Park,7305.0,15.0,0.0,3.0,0.0,12.0,82.0,31.0,43.0,8.0,0.0
TEXAS,Wills Point,4058.0,7.0,0.0,0.0,0.0,7.0,16.0,2.0,9.0,5.0,0.0
TEXAS,Wilmer,6771.0,23.0,0.0,0.0,2.0,21.0,135.0,34.0,76.0,25.0,0.0
TEXAS,Windcrest,5723.0,19.0,0.0,1.0,5.0,13.0,640.0,24.0,582.0,34.0,2.0
TEXAS,Wink,864.0,1.0,0.0,0.0,0.0,1.0,4.0,0.0,1.0,3.0,0.0
TEXAS,Winters,2307.0,4.0,0.0,1.0,0.0,3.0,8.0,1.0,7.0,0.0,0.0
TEXAS,Wolfforth,7906.0,20.0,0.0,3.0,0.0,17.0,35.0,4.0,24.0,7.0,0.0
TEXAS,Woodbranch,1603.0,0.0,0.0,0.0,0.0,0.0,0.0,0.0,0.0,0.0,0.0
TEXAS,Woodsboro,1265.0,0.0,0.0,0.0,0.0,0.0,1.0,0.0,1.0,0.0,0.0
TEXAS,Woodville,2403.0,1.0,0.0,0.0,0.0,1.0,17.0,3.0,11.0,3.0,1.0
TEXAS,Woodway,9768.0,12.0,1.0,1.0,0.0,10.0,92.0,2.0,85.0,5.0,1.0
TEXAS,Wortham,1041.0,5.0,0.0,0.0,0.0,5.0,7.0,5.0,0.0,2.0,0.0
TEXAS,Wylie,62210.0,41.0,3.0,13.0,10.0,15.0,535.0,40.0,465.0,30.0,4.0
TEXAS,Yoakum,5848.0,16.0,0.0,1.0,1.0,14.0,42.0,15.0,22.0,5.0,0.0
TEXAS,Zavalla,614.0,2.0,0.0,1.0,0.0,1.0,5.0,1.0,4.0,0.0,0.0
UTAH,American Fork/Cedar Hills,50121.0,60.0,3.0,28.0,6.0,23.0,731.0,52.0,635.0,44.0,1.0
UTAH,Bluffdale,19714.0,37.0,0.0,10.0,0.0,27.0,99.0,16.0,64.0,19.0,0.0
UTAH,Brian Head,160.0,1.0,0.0,0.0,0.0,1.0,10.0,0.0,9.0,1.0,0.0
UTAH,Cedar City,41556.0,61.0,1.0,18.0,2.0,40.0,421.0,44.0,343.0,34.0,0.0
UTAH,Centerville,16398.0,13.0,0.0,3.0,1.0,9.0,235.0,13.0,208.0,14.0,2.0
UTAH,Clearfield,35374.0,112.0,1.0,17.0,8.0,86.0,409.0,54.0,328.0,27.0,0.0
UTAH,Clinton,23630.0,21.0,2.0,1.0,1.0,17.0,182.0,28.0,144.0,10.0,0.0
UTAH,Cottonwood Heights,31778.0,28.0,1.0,6.0,9.0,12.0,513.0,40.0,433.0,40.0,1.0
UTAH,Draper,49166.0,84.0,1.0,36.0,8.0,39.0,542.0,63.0,439.0,40.0,4.0
UTAH,Enoch,8644.0,7.0,0.0,2.0,0.0,5.0,12.0,1.0,9.0,2.0,1.0
UTAH,Ephraim,6279.0,0.0,0.0,0.0,0.0,0.0,36.0,5.0,30.0,1.0,0.0
UTAH,Farmington,26187.0,16.0,0.0,6.0,3.0,7.0,277.0,23.0,243.0,11.0,1.0
UTAH,Grantsville,16216.0,46.0,0.0,8.0,6.0,32.0,85.0,11.0,70.0,4.0,1.0
UTAH,Harrisville,6725.0,8.0,0.0,2.0,1.0,5.0,159.0,12.0,143.0,4.0,0.0
UTAH,Heber,19082.0,41.0,0.0,2.0,0.0,39.0,173.0,21.0,143.0,9.0,2.0
UTAH,Helper,2126.0,10.0,0.0,1.0,0.0,9.0,20.0,4.0,15.0,1.0,0.0
UTAH,Herriman,61387.0,72.0,1.0,20.0,1.0,50.0,367.0,47.0,282.0,38.0,3.0
UTAH,Hildale,1270.0,3.0,0.0,2.0,0.0,1.0,12.0,3.0,9.0,0.0,0.0
UTAH,Hurricane,25362.0,52.0,0.0,10.0,2.0,40.0,265.0,67.0,188.0,10.0,0.0
UTAH,Kanab,5433.0,1.0,0.0,1.0,0.0,0.0,36.0,6.0,28.0,2.0,0.0
UTAH,Kaysville,32915.0,32.0,0.0,6.0,1.0,25.0,175.0,13.0,152.0,10.0,3.0
UTAH,La Verkin,4566.0,1.0,0.0,0.0,0.0,1.0,93.0,5.0,87.0,1.0,0.0
UTAH,Layton,84017.0,109.0,1.0,36.0,6.0,66.0,1131.0,103.0,970.0,58.0,4.0
UTAH,Lehi,95189.0,84.0,3.0,37.0,4.0,40.0,515.0,48.0,416.0,51.0,4.0
UTAH,Lindon,11819.0,9.0,0.0,1.0,4.0,4.0,228.0,14.0,205.0,9.0,0.0
UTAH,Logan,56083.0,77.0,0.0,27.0,4.0,46.0,634.0,79.0,511.0,44.0,2.0
UTAH,Lone Peak,30812.0,9.0,0.0,3.0,0.0,6.0,52.0,11.0,32.0,9.0,0.0
UTAH,Mantua,1377.0,0.0,0.0,0.0,0.0,0.0,2.0,0.0,2.0,0.0,0.0
UTAH,Mapleton,14584.0,12.0,0.0,2.0,0.0,10.0,50.0,5.0,43.0,2.0,2.0
UTAH,Moab,5175.0,38.0,0.0,10.0,0.0,28.0,58.0,7.0,47.0,4.0,1.0
UTAH,Mount Pleasant,3942.0,10.0,0.0,1.0,1.0,8.0,16.0,3.0,10.0,3.0,0.0
UTAH,Murray,49238.0,137.0,5.0,30.0,42.0,60.0,1634.0,164.0,1249.0,221.0,13.0
UTAH,Naples,2529.0,3.0,0.0,1.0,0.0,2.0,22.0,5.0,14.0,3.0,0.0
UTAH,Nephi,7353.0,10.0,0.0,4.0,1.0,5.0,54.0,9.0,42.0,3.0,0.0
UTAH,North Ogden,22645.0,19.0,0.0,5.0,2.0,12.0,111.0,31.0,73.0,7.0,1.0
UTAH,North Park,17789.0,14.0,0.0,4.0,0.0,10.0,102.0,10.0,84.0,8.0,0.0
UTAH,North Salt Lake,23720.0,9.0,0.0,2.0,1.0,6.0,235.0,32.0,174.0,29.0,3.0
UTAH,Ogden,87258.0,441.0,2.0,96.0,47.0,296.0,1680.0,202.0,1301.0,177.0,10.0
UTAH,Orem,94571.0,165.0,1.0,51.0,25.0,88.0,1286.0,98.0,1099.0,89.0,0.0
UTAH,Park City,8201.0,34.0,1.0,23.0,0.0,10.0,161.0,6.0,151.0,4.0,0.0
UTAH,Payson,25051.0,32.0,0.0,14.0,0.0,18.0,175.0,13.0,152.0,10.0,1.0
UTAH,Perry,6057.0,18.0,0.0,11.0,1.0,6.0,73.0,6.0,67.0,0.0,1.0
UTAH,Pleasant Grove,37148.0,76.0,0.0,36.0,3.0,37.0,263.0,43.0,198.0,22.0,1.0
UTAH,Pleasant View,11326.0,9.0,0.0,1.0,1.0,7.0,35.0,8.0,26.0,1.0,0.0
UTAH,Price,8271.0,10.0,4.0,2.0,0.0,4.0,89.0,9.0,72.0,8.0,0.0
UTAH,Provo,112763.0,233.0,2.0,83.0,20.0,128.0,1433.0,79.0,1279.0,75.0,10.0
UTAH,Richfield,8306.0,26.0,0.0,10.0,0.0,16.0,156.0,12.0,140.0,4.0,0.0
UTAH,Riverdale,9088.0,35.0,0.0,11.0,3.0,21.0,408.0,11.0,389.0,8.0,1.0
UTAH,Riverton,44711.0,32.0,1.0,10.0,2.0,19.0,401.0,27.0,350.0,24.0,0.0
UTAH,Roosevelt,7370.0,14.0,0.0,7.0,1.0,6.0,110.0,8.0,90.0,12.0,2.0
UTAH,Roy,38353.0,82.0,0.0,36.0,3.0,43.0,314.0,43.0,253.0,18.0,2.0
UTAH,Salem,11213.0,1.0,0.0,0.0,0.0,1.0,34.0,1.0,32.0,1.0,0.0
UTAH,Salt Lake City,212675.0,1838.0,11.0,337.0,390.0,1100.0,11059.0,1172.0,8900.0,987.0,46.0
UTAH,Santa Clara/Ivins,19369.0,15.0,0.0,5.0,0.0,10.0,54.0,17.0,32.0,5.0,0.0
UTAH,Santaquin/Genola,20580.0,21.0,0.0,7.0,1.0,13.0,76.0,7.0,62.0,7.0,0.0
UTAH,Saratoga Springs,58400.0,53.0,1.0,19.0,0.0,33.0,336.0,19.0,305.0,12.0,0.0
UTAH,Smithfield,15093.0,8.0,0.0,5.0,0.0,3.0,25.0,3.0,20.0,2.0,0.0
UTAH,South Jordan,86846.0,100.0,0.0,28.0,12.0,60.0,753.0,55.0,649.0,49.0,1.0
UTAH,South Ogden,17740.0,26.0,0.0,10.0,4.0,12.0,168.0,21.0,140.0,7.0,2.0
UTAH,South Salt Lake,25930.0,199.0,2.0,41.0,39.0,117.0,1523.0,161.0,1210.0,152.0,1.0
UTAH,Spanish Fork,46536.0,35.0,0.0,17.0,0.0,18.0,328.0,25.0,288.0,15.0,2.0
UTAH,Springdale,614.0,2.0,0.0,1.0,0.0,1.0,8.0,0.0,8.0,0.0,0.0
UTAH,Springville,35521.0,57.0,0.0,20.0,7.0,30.0,293.0,20.0,250.0,23.0,1.0
UTAH,St. George,107595.0,226.0,1.0,62.0,24.0,139.0,1079.0,196.0,821.0,62.0,2.0
UTAH,Sunset,5322.0,20.0,0.0,2.0,0.0,18.0,61.0,19.0,36.0,6.0,0.0
UTAH,Syracuse,38714.0,20.0,0.0,1.0,0.0,19.0,194.0,11.0,169.0,14.0,3.0
UTAH,Taylorsville City,56047.0,95.0,2.0,19.0,21.0,53.0,1046.0,89.0,851.0,106.0,3.0
UTAH,Tooele,40402.0,141.0,3.0,46.0,5.0,87.0,548.0,54.0,466.0,28.0,2.0
UTAH,Tremonton Garland,16054.0,18.0,0.0,7.0,0.0,11.0,106.0,31.0,67.0,8.0,0.0
UTAH,Vernal,10718.0,30.0,1.0,8.0,2.0,19.0,326.0,20.0,288.0,18.0,3.0
UTAH,Washington,35835.0,54.0,3.0,17.0,2.0,32.0,304.0,34.0,255.0,15.0,0.0
UTAH,Wellington,1634.0,3.0,0.0,1.0,0.0,2.0,9.0,2.0,7.0,0.0,0.0
UTAH,West Bountiful,5828.0,7.0,0.0,2.0,1.0,4.0,84.0,8.0,73.0,3.0,0.0
UTAH,West Jordan,114211.0,336.0,0.0,78.0,27.0,231.0,1552.0,155.0,1247.0,150.0,8.0
UTAH,West Valley,132686.0,623.0,9.0,98.0,88.0,428.0,2444.0,260.0,1867.0,317.0,6.0
UTAH,Willard,2389.0,5.0,0.0,3.0,1.0,1.0,15.0,0.0,15.0,0.0,0.0
UTAH,Woods Cross,11482.0,13.0,0.0,1.0,1.0,11.0,157.0,32.0,104.0,21.0,0.0
VERMONT,Barre,8358.0,54.0,0.0,12.0,5.0,37.0,245.0,17.0,226.0,2.0,4.0
VERMONT,Barre Town,8075.0,9.0,0.0,2.0,1.0,6.0,69.0,5.0,62.0,2.0,0.0
VERMONT,Bellows Falls,2762.0,9.0,0.0,1.0,1.0,7.0,16.0,3.0,13.0,0.0,1.0
VERMONT,Bennington,15165.0,59.0,0.0,1.0,3.0,55.0,374.0,33.0,334.0,7.0,2.0
VERMONT,Berlin,2919.0,8.0,0.0,2.0,0.0,6.0,280.0,5.0,265.0,10.0,2.0
VERMONT,Bradford,2850.0,1.0,0.0,0.0,0.0,1.0,6.0,0.0,5.0,1.0,0.0
VERMONT,Brandon,4101.0,9.0,0.0,3.0,1.0,5.0,45.0,4.0,40.0,1.0,0.0
VERMONT,Brattleboro,12092.0,78.0,1.0,9.0,7.0,61.0,488.0,42.0,422.0,24.0,2.0
VERMONT,Bristol,3763.0,1.0,0.0,0.0,0.0,1.0,15.0,1.0,13.0,1.0,0.0
VERMONT,Burlington,44456.0,213.0,1.0,9.0,24.0,179.0,1907.0,171.0,1652.0,84.0,10.0
VERMONT,Castleton,4441.0,0.0,0.0,0.0,0.0,0.0,0.0,0.0,0.0,0.0,0.0
VERMONT,Chester,3016.0,2.0,0.0,0.0,0.0,2.0,3.0,0.0,2.0,1.0,0.0
VERMONT,Colchester,17617.0,38.0,0.0,5.0,2.0,31.0,310.0,16.0,288.0,6.0,1.0
VERMONT,Dover,1853.0,1.0,0.0,0.0,0.0,1.0,4.0,0.0,4.0,0.0,0.0
VERMONT,Essex,22347.0,25.0,0.0,2.0,2.0,21.0,387.0,21.0,337.0,29.0,1.0
VERMONT,Fair Haven,2710.0,4.0,0.0,0.0,0.0,4.0,29.0,1.0,27.0,1.0,0.0
VERMONT,Fairlee,1042.0,0.0,0.0,0.0,0.0,0.0,3.0,1.0,1.0,1.0,0.0
VERMONT,Hardwick,2996.0,4.0,0.0,2.0,0.0,2.0,67.0,4.0,58.0,5.0,0.0
VERMONT,Hartford,10759.0,34.0,0.0,12.0,0.0,22.0,99.0,17.0,76.0,6.0,1.0
VERMONT,Hinesburg,4691.0,5.0,0.0,0.0,0.0,5.0,45.0,5.0,29.0,11.0,1.0
VERMONT,Killington,1413.0,0.0,0.0,0.0,0.0,0.0,12.0,1.0,11.0,0.0,0.0
VERMONT,Ludlow,2187.0,0.0,0.0,0.0,0.0,0.0,15.0,2.0,13.0,0.0,0.0
VERMONT,Lyndonville,1223.0,6.0,0.0,0.0,1.0,5.0,38.0,1.0,37.0,0.0,0.0
VERMONT,Manchester,4482.0,9.0,0.0,1.0,0.0,8.0,66.0,9.0,57.0,0.0,0.0
VERMONT,Middlebury,9174.0,13.0,0.0,7.0,0.0,6.0,122.0,7.0,108.0,7.0,0.0
VERMONT,Milton,10733.0,20.0,0.0,5.0,1.0,14.0,72.0,4.0,65.0,3.0,0.0
VERMONT,Montpelier,7965.0,26.0,0.0,2.0,1.0,23.0,157.0,6.0,150.0,1.0,0.0
VERMONT,Morristown,6020.0,11.0,1.0,3.0,0.0,7.0,93.0,7.0,84.0,2.0,0.0
VERMONT,Newport,4300.0,27.0,0.0,3.0,5.0,19.0,88.0,7.0,79.0,2.0,0.0
VERMONT,Northfield,5944.0,4.0,0.0,2.0,0.0,2.0,2.0,1.0,1.0,0.0,0.0
VERMONT,Norwich,3653.0,0.0,0.0,0.0,0.0,0.0,0.0,0.0,0.0,0.0,0.0
VERMONT,Pittsford,2886.0,0.0,0.0,0.0,0.0,0.0,5.0,0.0,5.0,0.0,0.0
VERMONT,Randolph,4875.0,1.0,0.0,0.0,0.0,1.0,6.0,0.0,4.0,2.0,0.0
VERMONT,Richmond,4117.0,0.0,0.0,0.0,0.0,0.0,8.0,0.0,7.0,1.0,0.0
VERMONT,Royalton,2778.0,3.0,0.0,2.0,0.0,1.0,14.0,0.0,11.0,3.0,0.0
VERMONT,Rutland,15579.0,74.0,1.0,11.0,5.0,57.0,591.0,30.0,555.0,6.0,1.0
VERMONT,Rutland Town,3929.0,8.0,0.0,2.0,0.0,6.0,138.0,14.0,124.0,0.0,1.0
VERMONT,Shelburne,7991.0,5.0,0.0,2.0,0.0,3.0,106.0,11.0,91.0,4.0,0.0
VERMONT,South Burlington,21300.0,50.0,0.0,3.0,6.0,41.0,934.0,14.0,848.0,72.0,3.0
VERMONT,Springfield,9071.0,11.0,0.0,2.0,1.0,8.0,106.0,13.0,88.0,5.0,0.0
VERMONT,St. Albans,6958.0,69.0,0.0,11.0,9.0,49.0,863.0,47.0,814.0,2.0,2.0
VERMONT,St. Johnsbury,7425.0,22.0,3.0,7.0,1.0,11.0,147.0,13.0,134.0,0.0,0.0
VERMONT,Stowe,5272.0,5.0,0.0,3.0,0.0,2.0,51.0,5.0,44.0,2.0,0.0
VERMONT,Swanton,6885.0,9.0,0.0,0.0,1.0,8.0,38.0,6.0,31.0,1.0,1.0
VERMONT,Thetford,2862.0,7.0,0.0,2.0,0.0,5.0,1.0,1.0,0.0,0.0,0.0
VERMONT,Vergennes,2570.0,3.0,0.0,3.0,0.0,0.0,18.0,2.0,14.0,2.0,0.0
VERMONT,Weathersfield,2859.0,1.0,0.0,0.0,0.0,1.0,9.0,0.0,8.0,1.0,0.0
VERMONT,Williston,10071.0,11.0,0.0,2.0,2.0,7.0,459.0,8.0,441.0,10.0,1.0
VERMONT,Wilmington,2282.0,5.0,0.0,0.0,0.0,5.0,3.0,0.0,3.0,0.0,0.0
VERMONT,Windsor,3550.0,6.0,0.0,0.0,0.0,6.0,17.0,2.0,13.0,2.0,0.0
VERMONT,Winhall,1168.0,2.0,0.0,1.0,0.0,1.0,2.0,0.0,2.0,0.0,0.0
VERMONT,Winooski,8323.0,29.0,0.0,4.0,2.0,23.0,216.0,11.0,190.0,15.0,1.0
VERMONT,Woodstock,3040.0,7.0,0.0,1.0,0.0,6.0,28.0,1.0,27.0,0.0,0.0
VIRGINIA,Abingdon,8310.0,11.0,0.0,6.0,0.0,5.0,130.0,3.0,123.0,4.0,1.0
VIRGINIA,Alexandria,155153.0,340.0,2.0,12.0,113.0,213.0,4096.0,149.0,3571.0,376.0,4.0
VIRGINIA,Altavista,3316.0,9.0,0.0,1.0,0.0,8.0,98.0,1.0,92.0,5.0,1.0
VIRGINIA,Amherst,2114.0,4.0,0.0,2.0,0.0,2.0,19.0,1.0,16.0,2.0,0.0
VIRGINIA,Ashland,7903.0,47.0,0.0,1.0,3.0,43.0,166.0,5.0,146.0,15.0,1.0
VIRGINIA,Bedford,6819.0,13.0,0.0,6.0,0.0,7.0,107.0,11.0,91.0,5.0,0.0
VIRGINIA,Berryville,4849.0,2.0,0.0,1.0,0.0,1.0,32.0,1.0,28.0,3.0,0.0
VIRGINIA,Big Stone Gap,5071.0,6.0,0.0,1.0,2.0,3.0,79.0,11.0,62.0,6.0,0.0
VIRGINIA,Blacksburg,45734.0,35.0,0.0,19.0,1.0,15.0,327.0,31.0,285.0,11.0,0.0
VIRGINIA,Blackstone,3329.0,7.0,0.0,0.0,0.0,7.0,69.0,6.0,59.0,4.0,0.0
VIRGINIA,Bluefield,4845.0,3.0,0.0,1.0,0.0,2.0,151.0,5.0,141.0,5.0,0.0
VIRGINIA,Bridgewater,6823.0,2.0,0.0,1.0,0.0,1.0,39.0,1.0,37.0,1.0,0.0
VIRGINIA,Bristol,16775.0,73.0,0.0,16.0,6.0,51.0,508.0,49.0,430.0,29.0,3.0
VIRGINIA,Broadway,4366.0,2.0,0.0,1.0,0.0,1.0,15.0,3.0,11.0,1.0,0.0
VIRGINIA,Brookneal,1074.0,0.0,0.0,0.0,0.0,0.0,8.0,1.0,6.0,1.0,0.0
VIRGINIA,Buena Vista,6598.0,3.0,0.0,0.0,0.0,3.0,22.0,0.0,20.0,2.0,0.0
VIRGINIA,Cape Charles,1295.0,1.0,1.0,0.0,0.0,0.0,9.0,3.0,3.0,3.0,0.0
VIRGINIA,Charlottesville,44844.0,161.0,1.0,19.0,27.0,114.0,1431.0,108.0,1193.0,130.0,2.0
VIRGINIA,Chase City,2053.0,5.0,0.0,0.0,0.0,5.0,38.0,2.0,34.0,2.0,0.0
VIRGINIA,Chesapeake,257248.0,873.0,12.0,60.0,115.0,686.0,4487.0,476.0,3721.0,290.0,10.0
VIRGINIA,Chilhowie,1608.0,2.0,0.0,0.0,0.0,2.0,36.0,2.0,31.0,3.0,0.0
VIRGINIA,Chincoteague,3249.0,4.0,0.0,1.0,0.0,3.0,36.0,5.0,27.0,4.0,0.0
VIRGINIA,Christiansburg,22297.0,50.0,0.0,12.0,1.0,37.0,579.0,35.0,529.0,15.0,2.0
VIRGINIA,Clarksville,1303.0,0.0,0.0,0.0,0.0,0.0,4.0,0.0,4.0,0.0,0.0
VIRGINIA,Clifton Forge,3339.0,7.0,0.0,2.0,0.0,5.0,52.0,6.0,41.0,5.0,0.0
VIRGINIA,Clintwood,1324.0,1.0,0.0,0.0,0.0,1.0,17.0,0.0,15.0,2.0,1.0
VIRGINIA,Coeburn,1549.0,1.0,0.0,1.0,0.0,0.0,42.0,3.0,36.0,3.0,1.0
VIRGINIA,Colonial Beach,4034.0,10.0,1.0,2.0,1.0,6.0,45.0,2.0,37.0,6.0,0.0
VIRGINIA,Colonial Heights,18605.0,86.0,2.0,5.0,10.0,69.0,592.0,30.0,542.0,20.0,3.0
VIRGINIA,Covington,5522.0,10.0,0.0,2.0,0.0,8.0,71.0,10.0,59.0,2.0,2.0
VIRGINIA,Crewe,2231.0,11.0,0.0,1.0,0.0,10.0,46.0,8.0,33.0,5.0,1.0
VIRGINIA,Culpeper,21302.0,26.0,1.0,2.0,5.0,18.0,357.0,13.0,322.0,22.0,0.0
VIRGINIA,Damascus,786.0,2.0,0.0,0.0,0.0,2.0,24.0,1.0,20.0,3.0,0.0
VIRGINIA,Danville,41915.0,153.0,9.0,15.0,22.0,107.0,1188.0,92.0,1030.0,66.0,10.0
VIRGINIA,Dublin,2656.0,5.0,0.0,4.0,0.0,1.0,28.0,3.0,20.0,5.0,0.0
VIRGINIA,Dumfries,5985.0,8.0,0.0,1.0,4.0,3.0,66.0,3.0,55.0,8.0,0.0
VIRGINIA,Elkton,3068.0,2.0,0.0,1.0,0.0,1.0,31.0,0.0,29.0,2.0,0.0
VIRGINIA,Emporia,5426.0,58.0,1.0,1.0,8.0,48.0,157.0,17.0,139.0,1.0,1.0
VIRGINIA,Exmore,1418.0,3.0,0.0,0.0,0.0,3.0,13.0,0.0,13.0,0.0,0.0
VIRGINIA,Fairfax City,25672.0,33.0,0.0,3.0,12.0,18.0,848.0,16.0,797.0,35.0,0.0
VIRGINIA,Falls Church,14801.0,15.0,0.0,0.0,7.0,8.0,225.0,12.0,197.0,16.0,0.0
VIRGINIA,Farmville,7477.0,41.0,0.0,9.0,3.0,29.0,265.0,10.0,247.0,8.0,2.0
VIRGINIA,Franklin,8469.0,39.0,1.0,5.0,4.0,29.0,215.0,20.0,178.0,17.0,0.0
VIRGINIA,Fredericksburg,29474.0,178.0,1.0,20.0,19.0,138.0,905.0,35.0,832.0,38.0,2.0
VIRGINIA,Front Royal,15524.0,52.0,1.0,35.0,4.0,12.0,238.0,27.0,192.0,19.0,4.0
VIRGINIA,Galax,6770.0,21.0,0.0,5.0,1.0,15.0,307.0,34.0,258.0,15.0,1.0
VIRGINIA,Gate City,2015.0,4.0,0.0,0.0,0.0,4.0,35.0,12.0,21.0,2.0,0.0
VIRGINIA,Glade Spring,1368.0,7.0,0.0,3.0,1.0,3.0,23.0,3.0,19.0,1.0,2.0
VIRGINIA,Gordonsville,1520.0,7.0,0.0,1.0,3.0,3.0,13.0,3.0,9.0,1.0,0.0
VIRGINIA,Grottoes,3029.0,8.0,0.0,0.0,0.0,8.0,16.0,5.0,11.0,0.0,0.0
VIRGINIA,Grundy,822.0,0.0,0.0,0.0,0.0,0.0,51.0,0.0,50.0,1.0,0.0
VIRGINIA,Hampton,138100.0,342.0,15.0,40.0,78.0,209.0,3980.0,290.0,3360.0,330.0,14.0
VIRGINIA,Harrisonburg,51270.0,137.0,0.0,29.0,11.0,97.0,868.0,69.0,755.0,44.0,3.0
VIRGINIA,Haymarket,1578.0,1.0,0.0,0.0,0.0,1.0,11.0,1.0,10.0,0.0,0.0
VIRGINIA,Herndon,25058.0,60.0,0.0,6.0,15.0,39.0,450.0,25.0,400.0,25.0,0.0
VIRGINIA,Hillsville,2847.0,4.0,0.0,3.0,0.0,1.0,32.0,5.0,24.0,3.0,1.0
VIRGINIA,Hopewell,22843.0,87.0,6.0,5.0,5.0,71.0,466.0,32.0,323.0,111.0,4.0
VIRGINIA,Independence,1005.0,1.0,0.0,1.0,0.0,0.0,29.0,1.0,27.0,1.0,0.0
VIRGINIA,Jonesville,845.0,0.0,0.0,0.0,0.0,0.0,2.0,0.0,2.0,0.0,0.0
VIRGINIA,Kenbridge,1117.0,3.0,0.0,1.0,0.0,2.0,7.0,0.0,6.0,1.0,0.0
VIRGINIA,Kilmarnock,1444.0,5.0,0.0,0.0,0.0,5.0,32.0,1.0,29.0,2.0,0.0
VIRGINIA,Lebanon,3097.0,4.0,0.0,1.0,1.0,2.0,96.0,1.0,92.0,3.0,0.0
VIRGINIA,Leesburg,49626.0,127.0,0.0,16.0,17.0,94.0,781.0,38.0,715.0,28.0,0.0
VIRGINIA,Lexington,7656.0,10.0,0.0,2.0,0.0,8.0,35.0,4.0,30.0,1.0,0.0
VIRGINIA,Louisa,2205.0,2.0,0.0,0.0,0.0,2.0,39.0,3.0,34.0,2.0,0.0
VIRGINIA,Luray,4829.0,2.0,0.0,1.0,0.0,1.0,59.0,5.0,52.0,2.0,1.0
VIRGINIA,Lynchburg,80339.0,287.0,9.0,42.0,30.0,206.0,1396.0,168.0,1018.0,210.0,4.0
VIRGINIA,Manassas,43028.0,118.0,1.0,35.0,18.0,64.0,820.0,43.0,707.0,70.0,0.0
VIRGINIA,Manassas Park,16228.0,13.0,0.0,4.0,1.0,8.0,124.0,9.0,94.0,21.0,0.0
VIRGINIA,Marion,5576.0,16.0,0.0,4.0,1.0,11.0,130.0,12.0,107.0,11.0,4.0
VIRGINIA,Martinsville,13968.0,54.0,1.0,6.0,2.0,45.0,158.0,15.0,133.0,10.0,8.0
VIRGINIA,Mount Jackson,2023.0,0.0,0.0,0.0,0.0,0.0,32.0,1.0,31.0,0.0,0.0
VIRGINIA,New Market,2208.0,2.0,0.0,1.0,0.0,1.0,15.0,1.0,13.0,1.0,0.0
VIRGINIA,Newport News,183563.0,1351.0,22.0,53.0,156.0,1120.0,4435.0,407.0,3504.0,524.0,39.0
VIRGINIA,Norfolk,230460.0,1082.0,37.0,93.0,178.0,774.0,8694.0,586.0,7197.0,911.0,9.0
VIRGINIA,Norton,3458.0,8.0,0.0,2.0,0.0,6.0,355.0,7.0,347.0,1.0,1.0
VIRGINIA,Onancock,1154.0,2.0,0.0,0.0,1.0,1.0,21.0,2.0,17.0,2.0,0.0
VIRGINIA,Orange,5249.0,21.0,0.0,4.0,1.0,16.0,74.0,7.0,66.0,1.0,0.0
VIRGINIA,Parksley,807.0,0.0,0.0,0.0,0.0,0.0,1.0,0.0,1.0,0.0,0.0
VIRGINIA,Pearisburg,2806.0,3.0,0.0,1.0,0.0,2.0,57.0,3.0,53.0,1.0,0.0
VIRGINIA,Pembroke,1124.0,3.0,0.0,2.0,0.0,1.0,23.0,0.0,23.0,0.0,0.0
VIRGINIA,Pennington Gap,1567.0,0.0,0.0,0.0,0.0,0.0,20.0,1.0,19.0,0.0,0.0
VIRGINIA,Petersburg,33538.0,350.0,15.0,21.0,33.0,281.0,969.0,96.0,733.0,140.0,5.0
VIRGINIA,Pocahontas,253.0,0.0,0.0,0.0,0.0,0.0,2.0,0.0,2.0,0.0,0.0
VIRGINIA,Poquoson,12788.0,40.0,0.0,5.0,0.0,35.0,85.0,11.0,70.0,4.0,3.0
VIRGINIA,Portsmouth,97156.0,731.0,36.0,35.0,163.0,497.0,3751.0,412.0,2837.0,502.0,2.0
VIRGINIA,Pound,836.0,0.0,0.0,0.0,0.0,0.0,0.0,0.0,0.0,0.0,0.0
VIRGINIA,Pulaski,8818.0,50.0,1.0,5.0,3.0,41.0,205.0,39.0,155.0,11.0,0.0
VIRGINIA,Purcellville,8918.0,2.0,0.0,1.0,0.0,1.0,62.0,0.0,55.0,7.0,0.0
VIRGINIA,Radford,17399.0,37.0,0.0,10.0,2.0,25.0,157.0,17.0,139.0,1.0,0.0
VIRGINIA,Rich Creek,728.0,3.0,0.0,2.0,0.0,1.0,25.0,3.0,18.0,4.0,0.0
VIRGINIA,Richlands,5037.0,20.0,0.0,4.0,1.0,15.0,63.0,9.0,50.0,4.0,1.0
VIRGINIA,Richmond,231805.0,781.0,56.0,43.0,219.0,463.0,7370.0,615.0,5533.0,1222.0,34.0
VIRGINIA,Roanoke,97027.0,602.0,11.0,84.0,90.0,417.0,3935.0,376.0,3176.0,383.0,40.0
VIRGINIA,Rocky Mount,4990.0,7.0,0.0,4.0,1.0,2.0,173.0,0.0,169.0,4.0,1.0
VIRGINIA,Rural Retreat,1524.0,0.0,0.0,0.0,0.0,0.0,5.0,0.0,5.0,0.0,0.0
VIRGINIA,Saltville,1766.0,1.0,0.0,0.0,0.0,1.0,7.0,1.0,6.0,0.0,1.0
VIRGINIA,Shenandoah,2479.0,3.0,0.0,0.0,1.0,2.0,6.0,0.0,6.0,0.0,0.0
VIRGINIA,Smithfield,9137.0,16.0,0.0,1.0,2.0,13.0,101.0,9.0,86.0,6.0,0.0
VIRGINIA,South Boston,7757.0,36.0,1.0,4.0,3.0,28.0,195.0,28.0,151.0,16.0,0.0
VIRGINIA,South Hill,4949.0,20.0,1.0,3.0,1.0,15.0,173.0,15.0,147.0,11.0,1.0
VIRGINIA,Stanley,1704.0,1.0,0.0,1.0,0.0,0.0,16.0,0.0,15.0,1.0,0.0
VIRGINIA,Staunton,26151.0,37.0,2.0,13.0,2.0,20.0,394.0,27.0,344.0,23.0,11.0
VIRGINIA,Stephens City,2146.0,1.0,0.0,1.0,0.0,0.0,29.0,1.0,28.0,0.0,0.0
VIRGINIA,St. Paul,830.0,0.0,0.0,0.0,0.0,0.0,26.0,2.0,21.0,3.0,1.0
VIRGINIA,Strasburg,7312.0,14.0,0.0,6.0,0.0,8.0,56.0,7.0,47.0,2.0,0.0
VIRGINIA,Suffolk,103506.0,384.0,11.0,32.0,42.0,299.0,1626.0,90.0,1409.0,127.0,11.0
VIRGINIA,Tappahannock,2186.0,7.0,0.0,2.0,0.0,5.0,73.0,3.0,68.0,2.0,1.0
VIRGINIA,Tazewell,4282.0,7.0,0.0,1.0,0.0,6.0,38.0,5.0,26.0,7.0,1.0
VIRGINIA,Victoria,1749.0,6.0,0.0,1.0,0.0,5.0,14.0,4.0,10.0,0.0,0.0
VIRGINIA,Vienna,16258.0,10.0,0.0,1.0,2.0,7.0,138.0,8.0,125.0,5.0,0.0
VIRGINIA,Vinton,8044.0,12.0,1.0,0.0,0.0,11.0,142.0,11.0,126.0,5.0,0.0
VIRGINIA,Virginia Beach,455155.0,420.0,13.0,84.0,144.0,179.0,7464.0,382.0,6585.0,497.0,42.0
VIRGINIA,Warrenton,10265.0,10.0,0.0,0.0,3.0,7.0,132.0,2.0,123.0,7.0,1.0
VIRGINIA,Warsaw,1686.0,0.0,0.0,0.0,0.0,0.0,13.0,0.0,13.0,0.0,0.0
VIRGINIA,Waynesboro,23673.0,58.0,2.0,13.0,6.0,37.0,359.0,40.0,275.0,44.0,6.0
VIRGINIA,Weber City,1234.0,0.0,0.0,0.0,0.0,0.0,18.0,0.0,17.0,1.0,0.0
VIRGINIA,West Point,3574.0,5.0,0.0,0.0,0.0,5.0,26.0,2.0,24.0,0.0,0.0
VIRGINIA,Williamsburg,16098.0,32.0,1.0,7.0,4.0,20.0,194.0,10.0,180.0,4.0,1.0
VIRGINIA,Winchester,27700.0,66.0,0.0,33.0,10.0,23.0,645.0,56.0,562.0,27.0,2.0
VIRGINIA,Windsor,2950.0,6.0,0.0,1.0,1.0,4.0,20.0,3.0,13.0,4.0,1.0
VIRGINIA,Wintergreen,503.0,0.0,0.0,0.0,0.0,0.0,12.0,3.0,9.0,0.0,0.0
VIRGINIA,Wise,2861.0,2.0,0.0,0.0,0.0,2.0,66.0,1.0,62.0,3.0,0.0
VIRGINIA,Woodstock,5983.0,8.0,1.0,2.0,0.0,5.0,111.0,9.0,95.0,7.0,0.0
VIRGINIA,Wytheville,8138.0,5.0,1.0,2.0,0.0,2.0,222.0,11.0,191.0,20.0,2.0
WASHINGTON,Aberdeen,17010.0,63.0,0.0,22.0,13.0,28.0,506.0,49.0,404.0,53.0,7.0
WASHINGTON,Airway Heights,11035.0,41.0,0.0,7.0,3.0,31.0,430.0,46.0,338.0,46.0,0.0
WASHINGTON,Algona,3160.0,4.0,0.0,1.0,0.0,3.0,46.0,7.0,29.0,10.0,0.0
WASHINGTON,Anacortes,18123.0,17.0,1.0,3.0,2.0,11.0,271.0,23.0,232.0,16.0,0.0
WASHINGTON,Arlington,21610.0,73.0,2.0,8.0,14.0,49.0,480.0,74.0,314.0,92.0,0.0
WASHINGTON,Auburn,82838.0,450.0,10.0,73.0,114.0,253.0,3287.0,439.0,1806.0,1042.0,18.0
WASHINGTON,Bainbridge Island,24063.0,9.0,0.0,3.0,2.0,4.0,229.0,33.0,180.0,16.0,1.0
WASHINGTON,Battle Ground,22780.0,18.0,0.0,9.0,2.0,7.0,236.0,21.0,196.0,19.0,1.0
WASHINGTON,Beaux Arts,300.0,0.0,0.0,0.0,0.0,0.0,6.0,0.0,6.0,0.0,0.0
WASHINGTON,Bellevue,151520.0,210.0,1.0,15.0,77.0,117.0,5060.0,549.0,3995.0,516.0,13.0
WASHINGTON,Bellingham,95717.0,335.0,2.0,20.0,74.0,239.0,3596.0,470.0,2980.0,146.0,8.0
WASHINGTON,Bingen,772.0,0.0,0.0,0.0,0.0,0.0,12.0,2.0,9.0,1.0,0.0
WASHINGTON,Black Diamond,7332.0,2.0,0.0,0.0,0.0,2.0,29.0,4.0,19.0,6.0,0.0
WASHINGTON,Blaine,6347.0,11.0,0.0,4.0,1.0,6.0,138.0,48.0,87.0,3.0,0.0
WASHINGTON,Bonney Lake,22839.0,42.0,0.0,6.0,5.0,31.0,389.0,52.0,274.0,63.0,3.0
WASHINGTON,Bothell,50917.0,56.0,0.0,12.0,11.0,33.0,697.0,114.0,508.0,75.0,0.0
WASHINGTON,Bremerton,46079.0,200.0,2.0,49.0,22.0,127.0,1297.0,230.0,890.0,177.0,17.0
WASHINGTON,Brier,6428.0,1.0,0.0,0.0,1.0,0.0,26.0,4.0,20.0,2.0,0.0
WASHINGTON,Buckley,6236.0,15.0,0.0,3.0,0.0,12.0,51.0,13.0,28.0,10.0,0.0
WASHINGTON,Burien,50318.0,214.0,2.0,33.0,82.0,97.0,1708.0,290.0,882.0,536.0,17.0
WASHINGTON,Burlington,10762.0,8.0,0.0,2.0,3.0,3.0,653.0,46.0,580.0,27.0,0.0
WASHINGTON,Camas,27525.0,13.0,0.0,5.0,2.0,6.0,202.0,22.0,155.0,25.0,1.0
WASHINGTON,Carnation,2181.0,1.0,0.0,1.0,0.0,0.0,16.0,2.0,11.0,3.0,0.0
WASHINGTON,Castle Rock,2432.0,1.0,0.0,0.0,1.0,0.0,25.0,6.0,18.0,1.0,0.0
WASHINGTON,Centralia,18919.0,51.0,1.0,14.0,11.0,25.0,518.0,75.0,411.0,32.0,3.0
WASHINGTON,Chehalis,7603.0,29.0,0.0,3.0,8.0,18.0,298.0,36.0,242.0,20.0,1.0
WASHINGTON,Cheney,12393.0,46.0,0.0,15.0,5.0,26.0,207.0,26.0,163.0,18.0,1.0
WASHINGTON,Clarkston,7260.0,34.0,1.0,7.0,4.0,22.0,330.0,60.0,256.0,14.0,0.0
WASHINGTON,Cle Elum,3175.0,4.0,0.0,1.0,0.0,3.0,53.0,9.0,44.0,0.0,1.0
WASHINGTON,Clyde Hill,3060.0,1.0,0.0,0.0,1.0,0.0,29.0,6.0,23.0,0.0,0.0
WASHINGTON,College Place,9706.0,9.0,0.0,3.0,1.0,5.0,176.0,9.0,160.0,7.0,1.0
WASHINGTON,Colville,5072.0,2.0,0.0,2.0,0.0,0.0,25.0,10.0,9.0,6.0,0.0
WASHINGTON,Connell,4521.0,1.0,0.0,0.0,0.0,1.0,30.0,6.0,19.0,5.0,1.0
WASHINGTON,Coulee Dam,1226.0,0.0,0.0,0.0,0.0,0.0,28.0,7.0,20.0,1.0,0.0
WASHINGTON,Covington,21216.0,38.0,1.0,7.0,13.0,17.0,659.0,67.0,497.0,95.0,2.0
WASHINGTON,Darrington,1465.0,3.0,1.0,1.0,0.0,1.0,15.0,7.0,5.0,3.0,0.0
WASHINGTON,Des Moines,31694.0,94.0,1.0,9.0,33.0,51.0,903.0,68.0,611.0,224.0,5.0
WASHINGTON,Dupont,9677.0,5.0,0.0,1.0,0.0,4.0,108.0,15.0,79.0,14.0,0.0
WASHINGTON,East Wenatchee,14097.0,27.0,2.0,5.0,8.0,12.0,288.0,31.0,239.0,18.0,0.0
WASHINGTON,Eatonville,2788.0,6.0,0.0,3.0,0.0,3.0,15.0,4.0,10.0,1.0,0.0
WASHINGTON,Edgewood,13551.0,29.0,0.0,2.0,2.0,25.0,274.0,45.0,172.0,57.0,1.0
WASHINGTON,Edmonds,42659.0,111.0,1.0,16.0,22.0,72.0,1280.0,176.0,1039.0,65.0,1.0
WASHINGTON,Ellensburg,18472.0,42.0,1.0,17.0,4.0,20.0,403.0,45.0,343.0,15.0,7.0
WASHINGTON,Elma,3465.0,8.0,1.0,1.0,1.0,5.0,53.0,11.0,38.0,4.0,0.0
WASHINGTON,Enumclaw,12722.0,8.0,0.0,2.0,3.0,3.0,180.0,15.0,136.0,29.0,2.0
WASHINGTON,Ephrata,8722.0,16.0,0.0,0.0,2.0,14.0,255.0,34.0,203.0,18.0,4.0
WASHINGTON,Everett,111276.0,295.0,6.0,36.0,75.0,178.0,3582.0,395.0,2293.0,894.0,18.0
WASHINGTON,Everson,4673.0,5.0,0.0,2.0,0.0,3.0,15.0,2.0,13.0,0.0,0.0
WASHINGTON,Federal Way,96631.0,527.0,5.0,50.0,145.0,327.0,4225.0,554.0,2566.0,1105.0,24.0
WASHINGTON,Ferndale,16293.0,17.0,0.0,4.0,2.0,11.0,261.0,38.0,211.0,12.0,0.0
WASHINGTON,Fife,10612.0,108.0,1.0,7.0,26.0,74.0,628.0,62.0,402.0,164.0,9.0
WASHINGTON,Fircrest,6855.0,25.0,0.0,1.0,1.0,23.0,118.0,21.0,74.0,23.0,2.0
WASHINGTON,Gig Harbor,12785.0,26.0,0.0,5.0,12.0,9.0,379.0,33.0,305.0,41.0,2.0
WASHINGTON,Gold Bar,2411.0,3.0,0.0,0.0,0.0,3.0,17.0,5.0,10.0,2.0,0.0
WASHINGTON,Goldendale,3480.0,4.0,0.0,0.0,0.0,4.0,112.0,3.0,103.0,6.0,0.0
WASHINGTON,Grandview,11210.0,48.0,0.0,7.0,2.0,39.0,213.0,42.0,141.0,30.0,10.0
WASHINGTON,Granite Falls,4931.0,7.0,0.0,1.0,4.0,2.0,51.0,7.0,37.0,7.0,0.0
WASHINGTON,Hoquiam,8791.0,18.0,1.0,3.0,3.0,11.0,147.0,31.0,103.0,13.0,0.0
WASHINGTON,Index,158.0,0.0,0.0,0.0,0.0,0.0,2.0,0.0,2.0,0.0,0.0
WASHINGTON,Kalama,3053.0,3.0,0.0,0.0,0.0,3.0,39.0,14.0,23.0,2.0,0.0
WASHINGTON,Kelso,12620.0,29.0,1.0,6.0,11.0,11.0,244.0,36.0,187.0,21.0,1.0
WASHINGTON,Kenmore,23227.0,15.0,1.0,2.0,9.0,3.0,234.0,49.0,124.0,61.0,3.0
WASHINGTON,Kennewick,85553.0,314.0,3.0,44.0,72.0,195.0,2961.0,303.0,2084.0,574.0,3.0
WASHINGTON,Kent,132324.0,648.0,7.0,85.0,191.0,365.0,4990.0,914.0,2844.0,1232.0,34.0
WASHINGTON,Kettle Falls,1663.0,2.0,0.0,0.0,1.0,1.0,18.0,5.0,13.0,0.0,0.0
WASHINGTON,Kirkland,90687.0,55.0,1.0,13.0,9.0,32.0,1825.0,202.0,1400.0,223.0,2.0
WASHINGTON,La Center,4707.0,3.0,0.0,1.0,0.0,2.0,26.0,3.0,21.0,2.0,0.0
WASHINGTON,Lacey,58872.0,110.0,2.0,12.0,20.0,76.0,1453.0,224.0,1109.0,120.0,4.0
WASHINGTON,Lake Forest Park,12812.0,8.0,0.0,6.0,0.0,2.0,216.0,24.0,165.0,27.0,0.0
WASHINGTON,Lake Stevens,41000.0,48.0,0.0,14.0,7.0,27.0,266.0,22.0,207.0,37.0,0.0
WASHINGTON,Lakewood,61873.0,401.0,4.0,38.0,81.0,278.0,2241.0,316.0,1537.0,388.0,12.0
WASHINGTON,Langley,1145.0,0.0,0.0,0.0,0.0,0.0,5.0,3.0,2.0,0.0,0.0
WASHINGTON,Liberty Lake,13559.0,21.0,0.0,6.0,2.0,13.0,207.0,32.0,161.0,14.0,1.0
WASHINGTON,Long Beach,1774.0,4.0,0.0,0.0,0.0,4.0,12.0,2.0,8.0,2.0,0.0
WASHINGTON,Longview,37944.0,82.0,1.0,16.0,13.0,52.0,1205.0,88.0,1028.0,89.0,7.0
WASHINGTON,Lynden,16805.0,30.0,0.0,6.0,3.0,21.0,190.0,18.0,166.0,6.0,0.0
WASHINGTON,Lynnwood,45807.0,121.0,4.0,12.0,49.0,56.0,2778.0,231.0,2284.0,263.0,5.0
WASHINGTON,Maple Valley,28551.0,31.0,1.0,5.0,12.0,13.0,420.0,59.0,263.0,98.0,0.0
WASHINGTON,Marysville,73573.0,172.0,0.0,44.0,36.0,92.0,1437.0,163.0,1070.0,204.0,6.0
WASHINGTON,McCleary,2043.0,6.0,0.0,2.0,0.0,4.0,5.0,1.0,4.0,0.0,0.0
WASHINGTON,Medina,2816.0,0.0,0.0,0.0,0.0,0.0,28.0,6.0,22.0,0.0,0.0
WASHINGTON,Mercer Island,24416.0,9.0,0.0,1.0,4.0,4.0,303.0,56.0,226.0,21.0,0.0
WASHINGTON,Mill Creek,20687.0,26.0,0.0,2.0,6.0,18.0,379.0,56.0,269.0,54.0,5.0
WASHINGTON,Milton,8690.0,34.0,1.0,3.0,6.0,24.0,228.0,25.0,140.0,63.0,0.0
WASHINGTON,Monroe,19258.0,46.0,0.0,13.0,0.0,33.0,341.0,38.0,262.0,41.0,1.0
WASHINGTON,Montesano,4189.0,4.0,0.0,0.0,0.0,4.0,64.0,4.0,57.0,3.0,0.0
WASHINGTON,Morton,1906.0,3.0,0.0,1.0,0.0,2.0,12.0,0.0,10.0,2.0,0.0
WASHINGTON,Moses Lake,26624.0,105.0,6.0,6.0,21.0,72.0,1128.0,163.0,917.0,48.0,10.0
WASHINGTON,Mountlake Terrace,21595.0,42.0,0.0,0.0,12.0,30.0,473.0,66.0,289.0,118.0,2.0
WASHINGTON,Mount Vernon,35244.0,67.0,1.0,4.0,18.0,44.0,626.0,92.0,476.0,58.0,3.0
WASHINGTON,Moxee,4983.0,7.0,1.0,0.0,0.0,6.0,20.0,6.0,11.0,3.0,0.0
WASHINGTON,Mukilteo,20845.0,22.0,0.0,2.0,5.0,15.0,358.0,66.0,254.0,38.0,1.0
WASHINGTON,Napavine,2228.0,6.0,0.0,1.0,0.0,5.0,30.0,4.0,23.0,3.0,0.0
WASHINGTON,Newcastle,12636.0,6.0,0.0,1.0,2.0,3.0,287.0,33.0,192.0,62.0,0.0
WASHINGTON,Newport,2248.0,2.0,0.0,0.0,0.0,2.0,61.0,5.0,51.0,5.0,1.0
WASHINGTON,Normandy Park,6451.0,9.0,0.0,0.0,2.0,7.0,80.0,18.0,55.0,7.0,0.0
WASHINGTON,North Bend,8540.0,7.0,1.0,2.0,1.0,3.0,207.0,25.0,166.0,16.0,1.0
WASHINGTON,Oak Harbor,23817.0,27.0,1.0,8.0,1.0,17.0,209.0,27.0,150.0,32.0,0.0
WASHINGTON,Oakville,730.0,3.0,0.0,0.0,0.0,3.0,8.0,3.0,4.0,1.0,0.0
WASHINGTON,Olympia,55775.0,315.0,4.0,35.0,61.0,215.0,1916.0,317.0,1392.0,207.0,8.0
WASHINGTON,Orting,8924.0,28.0,0.0,4.0,2.0,22.0,80.0,15.0,44.0,21.0,0.0
WASHINGTON,Othello,8989.0,34.0,0.0,11.0,3.0,20.0,199.0,33.0,146.0,20.0,1.0
WASHINGTON,Pacific,6827.0,13.0,0.0,0.0,4.0,9.0,123.0,40.0,42.0,41.0,1.0
WASHINGTON,Palouse,1050.0,0.0,0.0,0.0,0.0,0.0,0.0,0.0,0.0,0.0,0.0
WASHINGTON,Pasco,80838.0,281.0,0.0,22.0,44.0,215.0,1775.0,239.0,1178.0,358.0,14.0
WASHINGTON,Port Angeles,20133.0,114.0,2.0,23.0,10.0,79.0,500.0,103.0,350.0,47.0,1.0
WASHINGTON,Port Orchard,18806.0,73.0,0.0,15.0,8.0,50.0,545.0,84.0,409.0,52.0,7.0
WASHINGTON,Port Townsend,10614.0,50.0,0.0,4.0,3.0,43.0,150.0,18.0,125.0,7.0,0.0
WASHINGTON,Poulsbo,12236.0,19.0,0.0,6.0,2.0,11.0,207.0,21.0,161.0,25.0,1.0
WASHINGTON,Prosser,6444.0,15.0,0.0,1.0,0.0,14.0,105.0,18.0,69.0,18.0,0.0
WASHINGTON,Pullman,33105.0,43.0,2.0,14.0,2.0,25.0,272.0,50.0,211.0,11.0,4.0
WASHINGTON,Puyallup,41898.0,157.0,1.0,14.0,36.0,106.0,1621.0,188.0,1078.0,355.0,12.0
WASHINGTON,Quincy,8557.0,21.0,0.0,2.0,3.0,16.0,310.0,132.0,133.0,45.0,1.0
WASHINGTON,Raymond,3272.0,1.0,0.0,0.0,0.0,1.0,22.0,4.0,16.0,2.0,0.0
WASHINGTON,Redmond,82746.0,108.0,0.0,24.0,31.0,53.0,2267.0,283.0,1673.0,311.0,11.0
WASHINGTON,Renton,103762.0,352.0,5.0,47.0,95.0,205.0,3438.0,452.0,1805.0,1181.0,10.0
WASHINGTON,Richland,64736.0,162.0,1.0,40.0,21.0,100.0,1256.0,151.0,927.0,178.0,7.0
WASHINGTON,Ridgefield,16769.0,14.0,0.0,3.0,1.0,10.0,180.0,27.0,146.0,7.0,1.0
WASHINGTON,Roy,788.0,4.0,0.0,3.0,0.0,1.0,4.0,1.0,1.0,2.0,0.0
WASHINGTON,Royal City,1936.0,2.0,0.0,0.0,0.0,2.0,15.0,6.0,8.0,1.0,0.0
WASHINGTON,Ruston,1019.0,16.0,0.0,1.0,1.0,14.0,49.0,7.0,29.0,13.0,1.0
WASHINGTON,Sammamish,64358.0,18.0,0.0,8.0,1.0,9.0,347.0,52.0,254.0,41.0,2.0
WASHINGTON,SeaTac,31950.0,131.0,2.0,26.0,41.0,62.0,1260.0,169.0,660.0,431.0,7.0
WASHINGTON,Seattle,760058.0,5891.0,52.0,352.0,1677.0,3810.0,38061.0,8756.0,21905.0,7400.0,153.0
WASHINGTON,Sedro Woolley,13103.0,2.0,0.0,1.0,1.0,0.0,89.0,18.0,63.0,8.0,0.0
WASHINGTON,Selah,8712.0,11.0,1.0,4.0,0.0,6.0,92.0,10.0,74.0,8.0,0.0
WASHINGTON,Sequim,8248.0,14.0,0.0,6.0,2.0,6.0,179.0,19.0,154.0,6.0,0.0
WASHINGTON,Shelton,10933.0,52.0,0.0,14.0,9.0,29.0,262.0,44.0,183.0,35.0,3.0
WASHINGTON,Shoreline,62234.0,132.0,1.0,24.0,56.0,51.0,1576.0,303.0,942.0,331.0,6.0
WASHINGTON,Skykomish,153.0,0.0,0.0,0.0,0.0,0.0,4.0,2.0,2.0,0.0,0.0
WASHINGTON,Snohomish,10265.0,17.0,0.0,3.0,3.0,11.0,165.0,18.0,128.0,19.0,0.0
WASHINGTON,Snoqualmie,13265.0,6.0,0.0,3.0,1.0,2.0,142.0,9.0,118.0,15.0,2.0
WASHINGTON,Soap Lake,1759.0,6.0,0.0,1.0,1.0,4.0,49.0,3.0,45.0,1.0,1.0
WASHINGTON,South Bend,1776.0,2.0,0.0,1.0,0.0,1.0,6.0,1.0,5.0,0.0,0.0
WASHINGTON,Spokane,229529.0,1549.0,16.0,176.0,333.0,1024.0,11111.0,1484.0,8421.0,1206.0,127.0
WASHINGTON,Spokane Valley,109852.0,266.0,1.0,30.0,40.0,195.0,3862.0,663.0,2865.0,334.0,13.0
WASHINGTON,Stanwood,9466.0,10.0,0.0,1.0,1.0,8.0,93.0,9.0,60.0,24.0,1.0
WASHINGTON,Steilacoom,6568.0,6.0,0.0,3.0,0.0,3.0,51.0,4.0,40.0,7.0,0.0
WASHINGTON,Sultan,7402.0,14.0,0.0,2.0,1.0,11.0,38.0,9.0,23.0,6.0,0.0
WASHINGTON,Sumas,1685.0,0.0,0.0,0.0,0.0,0.0,13.0,2.0,11.0,0.0,0.0
WASHINGTON,Sumner,10922.0,27.0,0.0,3.0,4.0,20.0,372.0,71.0,212.0,89.0,2.0
WASHINGTON,Sunnyside,16220.0,45.0,2.0,4.0,9.0,30.0,420.0,44.0,321.0,55.0,4.0
WASHINGTON,Tacoma,223980.0,2381.0,22.0,152.0,413.0,1794.0,12551.0,1500.0,7887.0,3164.0,109.0
WASHINGTON,Toledo,811.0,2.0,0.0,1.0,1.0,0.0,4.0,1.0,2.0,1.0,1.0
WASHINGTON,Toppenish,8593.0,27.0,0.0,4.0,4.0,19.0,365.0,55.0,242.0,68.0,4.0
WASHINGTON,Tukwila,20933.0,194.0,3.0,27.0,73.0,91.0,3191.0,176.0,2418.0,597.0,7.0
WASHINGTON,Tumwater,27617.0,54.0,0.0,11.0,5.0,38.0,574.0,91.0,421.0,62.0,1.0
WASHINGTON,Union Gap,6403.0,15.0,0.0,2.0,6.0,7.0,539.0,63.0,454.0,22.0,0.0
WASHINGTON,University Place,35099.0,83.0,0.0,11.0,10.0,62.0,675.0,56.0,491.0,128.0,2.0
WASHINGTON,Vancouver,198194.0,1154.0,11.0,122.0,242.0,779.0,6753.0,930.0,4640.0,1183.0,33.0
WASHINGTON,Walla Walla,33062.0,94.0,2.0,23.0,10.0,59.0,732.0,58.0,601.0,73.0,21.0
WASHINGTON,Warden,2742.0,5.0,0.0,1.0,0.0,4.0,31.0,6.0,20.0,5.0,0.0
WASHINGTON,Washougal,16964.0,53.0,0.0,13.0,3.0,37.0,170.0,26.0,126.0,18.0,3.0
WASHINGTON,Wenatchee,35523.0,84.0,0.0,16.0,12.0,56.0,990.0,151.0,770.0,69.0,4.0
WASHINGTON,West Richland,19202.0,28.0,2.0,2.0,3.0,21.0,104.0,20.0,71.0,13.0,0.0
WASHINGTON,White Salmon,2612.0,3.0,0.0,0.0,0.0,3.0,25.0,8.0,14.0,3.0,0.0
WASHINGTON,Winlock,2128.0,0.0,0.0,0.0,0.0,0.0,13.0,2.0,10.0,1.0,0.0
WASHINGTON,Woodinville,13804.0,11.0,0.0,2.0,4.0,5.0,413.0,60.0,320.0,33.0,1.0
WASHINGTON,Woodland,6477.0,8.0,1.0,0.0,1.0,6.0,175.0,19.0,148.0,8.0,0.0
WASHINGTON,Woodway,1301.0,1.0,0.0,0.0,1.0,0.0,8.0,0.0,5.0,3.0,0.0
WASHINGTON,Yakima,96646.0,526.0,15.0,36.0,57.0,418.0,1976.0,343.0,1364.0,269.0,15.0
WASHINGTON,Yarrow Point,1096.0,0.0,0.0,0.0,0.0,0.0,8.0,0.0,8.0,0.0,0.0
WASHINGTON,Yelm,10820.0,30.0,0.0,7.0,3.0,20.0,203.0,31.0,160.0,12.0,0.0
WASHINGTON,Zillah,3106.0,1.0,0.0,1.0,0.0,0.0,25.0,1.0,24.0,0.0,0.0
WEST VIRGINIA,Alderson,932.0,2.0,0.0,1.0,0.0,1.0,13.0,0.0,13.0,0.0,0.0
WEST VIRGINIA,Barboursville,4327.0,2.0,0.0,0.0,0.0,2.0,123.0,0.0,123.0,0.0,0.0
WEST VIRGINIA,Beckley,16367.0,99.0,0.0,19.0,9.0,71.0,1295.0,144.0,1123.0,28.0,6.0
WEST VIRGINIA,Bluefield,9163.0,44.0,1.0,5.0,1.0,37.0,95.0,22.0,64.0,9.0,1.0
WEST VIRGINIA,Bridgeport,9396.0,13.0,0.0,4.0,1.0,8.0,137.0,3.0,132.0,2.0,1.0
WEST VIRGINIA,Buckhannon,5014.0,16.0,0.0,2.0,0.0,14.0,62.0,0.0,62.0,0.0,5.0
WEST VIRGINIA,Cedar Grove,682.0,0.0,0.0,0.0,0.0,0.0,1.0,0.0,1.0,0.0,0.0
WEST VIRGINIA,Ceredo,1321.0,0.0,0.0,0.0,0.0,0.0,8.0,3.0,5.0,0.0,0.0
WEST VIRGINIA,Charleston,46252.0,251.0,6.0,27.0,25.0,193.0,1443.0,303.0,1055.0,85.0,13.0
WEST VIRGINIA,Charles Town,8103.0,6.0,0.0,2.0,1.0,3.0,100.0,26.0,69.0,5.0,0.0
WEST VIRGINIA,Clarksburg,15316.0,57.0,0.0,14.0,2.0,41.0,340.0,25.0,302.0,13.0,3.0
WEST VIRGINIA,Dunbar,7070.0,22.0,0.0,1.0,2.0,19.0,128.0,30.0,87.0,11.0,1.0
WEST VIRGINIA,Elkins,6700.0,32.0,0.0,0.0,1.0,31.0,27.0,5.0,20.0,2.0,0.0
WEST VIRGINIA,Fairmont,18066.0,94.0,0.0,18.0,3.0,73.0,239.0,31.0,194.0,14.0,4.0
WEST VIRGINIA,Fayetteville,2771.0,1.0,0.0,0.0,0.0,1.0,70.0,1.0,68.0,1.0,1.0
WEST VIRGINIA,Follansbee,2645.0,0.0,0.0,0.0,0.0,0.0,16.0,5.0,10.0,1.0,0.0
WEST VIRGINIA,Gilbert,305.0,1.0,0.0,0.0,0.0,1.0,2.0,0.0,2.0,0.0,0.0
WEST VIRGINIA,Glen Dale,1404.0,1.0,0.0,0.0,0.0,1.0,10.0,0.0,9.0,1.0,1.0
WEST VIRGINIA,Grafton,4545.0,0.0,0.0,0.0,0.0,0.0,42.0,2.0,38.0,2.0,0.0
WEST VIRGINIA,Huntington,44860.0,359.0,6.0,46.0,47.0,260.0,1616.0,272.0,1194.0,150.0,7.0
WEST VIRGINIA,Hurricane,6755.0,4.0,0.0,3.0,0.0,1.0,88.0,5.0,83.0,0.0,0.0
WEST VIRGINIA,Kenova,2855.0,0.0,0.0,0.0,0.0,0.0,17.0,4.0,12.0,1.0,1.0
WEST VIRGINIA,Keyser,4839.0,12.0,0.0,2.0,1.0,9.0,60.0,17.0,43.0,0.0,1.0
WEST VIRGINIA,Madison,2690.0,5.0,0.0,0.0,0.0,5.0,20.0,7.0,12.0,1.0,0.0
WEST VIRGINIA,Montgomery,1209.0,10.0,0.0,0.0,1.0,9.0,38.0,7.0,25.0,6.0,1.0
WEST VIRGINIA,Moorefield,2480.0,19.0,0.0,0.0,0.0,19.0,38.0,1.0,37.0,0.0,0.0
WEST VIRGINIA,Morgantown,30510.0,64.0,4.0,18.0,6.0,36.0,598.0,35.0,552.0,11.0,5.0
WEST VIRGINIA,New Martinsville,5049.0,3.0,0.0,0.0,0.0,3.0,4.0,0.0,4.0,0.0,0.0
WEST VIRGINIA,Nitro,6360.0,10.0,0.0,2.0,1.0,7.0,240.0,17.0,219.0,4.0,0.0
WEST VIRGINIA,Oak Hill,7747.0,12.0,0.0,1.0,1.0,10.0,160.0,97.0,59.0,4.0,3.0
WEST VIRGINIA,Parkersburg,28815.0,75.0,0.0,19.0,6.0,50.0,927.0,91.0,784.0,52.0,10.0
WEST VIRGINIA,Philippi,2897.0,4.0,2.0,1.0,0.0,1.0,23.0,1.0,17.0,5.0,0.0
WEST VIRGINIA,Ranson,5781.0,4.0,0.0,1.0,0.0,3.0,49.0,2.0,43.0,4.0,0.0
WEST VIRGINIA,Ripley,3035.0,3.0,0.0,0.0,0.0,3.0,25.0,1.0,23.0,1.0,0.0
WEST VIRGINIA,Romney,1749.0,11.0,0.0,0.0,0.0,11.0,11.0,1.0,9.0,1.0,0.0
WEST VIRGINIA,Ronceverte,1518.0,0.0,0.0,0.0,0.0,0.0,5.0,2.0,1.0,2.0,0.0
WEST VIRGINIA,South Charleston,13098.0,64.0,0.0,3.0,3.0,58.0,723.0,37.0,663.0,23.0,1.0
WEST VIRGINIA,Spencer,1966.0,1.0,0.0,0.0,0.0,1.0,32.0,2.0,29.0,1.0,0.0
WEST VIRGINIA,St. Albans,10245.0,23.0,0.0,3.0,4.0,16.0,214.0,27.0,170.0,17.0,0.0
WEST VIRGINIA,Summersville,3318.0,9.0,0.0,1.0,0.0,8.0,49.0,4.0,42.0,3.0,0.0
WEST VIRGINIA,Vienna,10397.0,16.0,1.0,4.0,0.0,11.0,344.0,11.0,331.0,2.0,0.0
WEST VIRGINIA,Weirton,18151.0,25.0,2.0,8.0,0.0,15.0,60.0,0.0,60.0,0.0,0.0
WEST VIRGINIA,Weston,3722.0,9.0,0.0,2.0,0.0,7.0,30.0,5.0,24.0,1.0,1.0
WEST VIRGINIA,Westover,4068.0,9.0,1.0,0.0,0.0,8.0,104.0,10.0,93.0,1.0,0.0
WEST VIRGINIA,Wheeling,25951.0,255.0,0.0,14.0,14.0,227.0,517.0,145.0,343.0,29.0,1.0
WEST VIRGINIA,White Hall,703.0,2.0,0.0,0.0,1.0,1.0,80.0,0.0,79.0,1.0,0.0
WEST VIRGINIA,White Sulphur Springs,2177.0,2.0,0.0,0.0,0.0,2.0,28.0,3.0,24.0,1.0,0.0
WEST VIRGINIA,Williamstown,2943.0,0.0,0.0,0.0,0.0,0.0,5.0,2.0,3.0,0.0,0.0
WEST VIRGINIA,Winfield,2360.0,1.0,0.0,1.0,0.0,0.0,7.0,1.0,6.0,0.0,0.0
WISCONSIN,Adams,1785.0,11.0,0.0,6.0,0.0,5.0,34.0,3.0,31.0,0.0,0.0
WISCONSIN,Algoma,3207.0,5.0,0.0,1.0,0.0,4.0,10.0,3.0,7.0,0.0,0.0
WISCONSIN,Altoona,9623.0,3.0,1.0,2.0,0.0,0.0,174.0,2.0,167.0,5.0,0.0
WISCONSIN,Amery,2953.0,2.0,0.0,1.0,1.0,0.0,12.0,1.0,11.0,0.0,0.0
WISCONSIN,Antigo,7938.0,19.0,1.0,5.0,0.0,13.0,95.0,6.0,84.0,5.0,0.0
WISCONSIN,Appleton,74394.0,150.0,2.0,39.0,7.0,102.0,1002.0,114.0,841.0,47.0,2.0
WISCONSIN,Ashland,7870.0,14.0,0.0,8.0,0.0,6.0,232.0,12.0,218.0,2.0,0.0
WISCONSIN,Ashwaubenon,16992.0,40.0,0.0,7.0,2.0,31.0,376.0,14.0,330.0,32.0,2.0
WISCONSIN,Augusta,1509.0,3.0,0.0,2.0,0.0,1.0,18.0,2.0,15.0,1.0,0.0
WISCONSIN,Bangor,1470.0,0.0,0.0,0.0,0.0,0.0,16.0,9.0,7.0,0.0,0.0
WISCONSIN,Bayfield,609.0,0.0,0.0,0.0,0.0,0.0,8.0,1.0,7.0,0.0,0.0
WISCONSIN,Bayside,4367.0,1.0,0.0,1.0,0.0,0.0,10.0,0.0,10.0,0.0,0.0
WISCONSIN,Beaver Dam,16473.0,24.0,0.0,7.0,0.0,17.0,185.0,2.0,174.0,9.0,0.0
WISCONSIN,Belleville,2736.0,3.0,0.0,0.0,0.0,3.0,7.0,0.0,7.0,0.0,0.0
WISCONSIN,Beloit,36231.0,142.0,4.0,29.0,22.0,87.0,802.0,79.0,659.0,64.0,4.0
WISCONSIN,Beloit Town,7748.0,10.0,1.0,2.0,1.0,6.0,83.0,9.0,69.0,5.0,1.0
WISCONSIN,Berlin,5624.0,0.0,0.0,0.0,0.0,0.0,30.0,2.0,27.0,1.0,0.0
WISCONSIN,Bloomer,3716.0,11.0,0.0,3.0,0.0,8.0,22.0,2.0,15.0,5.0,0.0
WISCONSIN,Bloomfield,6666.0,2.0,0.0,1.0,0.0,1.0,14.0,0.0,14.0,0.0,0.0
WISCONSIN,Boscobel,3191.0,11.0,0.0,0.0,0.0,11.0,9.0,2.0,7.0,0.0,0.0
WISCONSIN,Boyceville,1099.0,1.0,0.0,0.0,0.0,1.0,10.0,0.0,7.0,3.0,0.0
WISCONSIN,Brillion,3397.0,1.0,0.0,0.0,0.0,1.0,12.0,0.0,10.0,2.0,0.0
WISCONSIN,Brodhead,3197.0,4.0,0.0,0.0,0.0,4.0,22.0,1.0,20.0,1.0,0.0
WISCONSIN,Brookfield,42019.0,35.0,0.0,1.0,11.0,23.0,461.0,45.0,395.0,21.0,0.0
WISCONSIN,Brown Deer,12636.0,44.0,0.0,5.0,7.0,32.0,330.0,49.0,255.0,26.0,0.0
WISCONSIN,Burlington,11042.0,11.0,0.0,3.0,0.0,8.0,106.0,0.0,102.0,4.0,1.0
WISCONSIN,Butler,1759.0,3.0,0.0,0.0,0.0,3.0,31.0,3.0,27.0,1.0,0.0
WISCONSIN,Caledonia,25323.0,16.0,0.0,2.0,3.0,11.0,119.0,45.0,64.0,10.0,0.0
WISCONSIN,Campbell Township,4150.0,0.0,0.0,0.0,0.0,0.0,29.0,1.0,25.0,3.0,0.0
WISCONSIN,Cedarburg,12649.0,6.0,0.0,2.0,2.0,2.0,50.0,1.0,49.0,0.0,0.0
WISCONSIN,Chilton,3891.0,1.0,0.0,0.0,0.0,1.0,18.0,0.0,18.0,0.0,0.0
WISCONSIN,Chippewa Falls,14626.0,32.0,0.0,6.0,2.0,24.0,98.0,6.0,84.0,8.0,1.0
WISCONSIN,Clinton,2231.0,5.0,0.0,2.0,0.0,3.0,9.0,0.0,8.0,1.0,0.0
WISCONSIN,Colby-Abbotsford,4256.0,12.0,5.0,1.0,0.0,6.0,42.0,5.0,31.0,6.0,0.0
WISCONSIN,Columbus,5418.0,4.0,0.0,0.0,0.0,4.0,25.0,0.0,22.0,3.0,0.0
WISCONSIN,Cottage Grove,9518.0,11.0,0.0,2.0,0.0,9.0,43.0,3.0,39.0,1.0,0.0
WISCONSIN,Crandon,1700.0,1.0,0.0,0.0,0.0,1.0,12.0,2.0,9.0,1.0,0.0
WISCONSIN,Cudahy,17683.0,20.0,0.0,4.0,4.0,12.0,137.0,20.0,91.0,26.0,0.0
WISCONSIN,Darlington,2528.0,3.0,0.0,2.0,0.0,1.0,7.0,2.0,5.0,0.0,0.0
WISCONSIN,Deforest,11195.0,9.0,0.0,1.0,0.0,8.0,91.0,5.0,85.0,1.0,0.0
WISCONSIN,Delafield,7206.0,4.0,0.0,1.0,0.0,3.0,150.0,1.0,146.0,3.0,0.0
WISCONSIN,Delavan,10091.0,19.0,0.0,6.0,2.0,11.0,123.0,6.0,106.0,11.0,0.0
WISCONSIN,Delavan Town,5298.0,2.0,0.0,1.0,0.0,1.0,43.0,20.0,23.0,0.0,0.0
WISCONSIN,De Pere,25319.0,19.0,0.0,11.0,0.0,8.0,144.0,13.0,126.0,5.0,0.0
WISCONSIN,Dodgeville,5120.0,2.0,0.0,0.0,0.0,2.0,95.0,1.0,93.0,1.0,0.0
WISCONSIN,Durand,1840.0,0.0,0.0,0.0,0.0,0.0,1.0,0.0,1.0,0.0,0.0
WISCONSIN,Eagle River,1612.0,1.0,0.0,0.0,0.0,1.0,29.0,0.0,29.0,0.0,0.0
WISCONSIN,Eagle Village,2169.0,0.0,0.0,0.0,0.0,0.0,2.0,0.0,2.0,0.0,0.0
WISCONSIN,East Troy,4713.0,1.0,0.0,1.0,0.0,0.0,20.0,3.0,16.0,1.0,0.0
WISCONSIN,Eau Claire,70891.0,115.0,2.0,40.0,7.0,66.0,1351.0,179.0,1101.0,71.0,3.0
WISCONSIN,Elkhorn,10218.0,6.0,0.0,1.0,1.0,4.0,55.0,4.0,46.0,5.0,0.0
WISCONSIN,Elk Mound,985.0,3.0,0.0,1.0,0.0,2.0,18.0,1.0,17.0,0.0,0.0
WISCONSIN,Ellsworth,3284.0,2.0,0.0,0.0,0.0,2.0,17.0,3.0,13.0,1.0,0.0
WISCONSIN,Elm Grove,6251.0,0.0,0.0,0.0,0.0,0.0,31.0,3.0,26.0,2.0,0.0
WISCONSIN,Evansville,5851.0,0.0,0.0,0.0,0.0,0.0,16.0,0.0,14.0,2.0,0.0
WISCONSIN,Fall Creek,1408.0,1.0,0.0,1.0,0.0,0.0,8.0,0.0,6.0,2.0,0.0
WISCONSIN,Fennimore,2756.0,5.0,0.0,4.0,0.0,1.0,1.0,0.0,1.0,0.0,0.0
WISCONSIN,Fitchburg,32727.0,90.0,0.0,10.0,5.0,75.0,439.0,40.0,361.0,38.0,0.0
WISCONSIN,Fond du Lac,44164.0,171.0,2.0,30.0,13.0,126.0,929.0,41.0,863.0,25.0,3.0
WISCONSIN,Fontana,1896.0,2.0,0.0,2.0,0.0,0.0,14.0,0.0,14.0,0.0,0.0
WISCONSIN,Fort Atkinson,12274.0,29.0,0.0,10.0,0.0,19.0,93.0,7.0,83.0,3.0,0.0
WISCONSIN,Fox Crossing,18926.0,17.0,0.0,1.0,2.0,14.0,141.0,49.0,79.0,13.0,1.0
WISCONSIN,Fox Point,6557.0,0.0,0.0,0.0,0.0,0.0,39.0,0.0,39.0,0.0,0.0
WISCONSIN,Fox Valley Metro,23754.0,42.0,0.0,22.0,0.0,20.0,86.0,4.0,78.0,4.0,1.0
WISCONSIN,Franklin,35535.0,18.0,0.0,6.0,2.0,10.0,429.0,21.0,380.0,28.0,0.0
WISCONSIN,Geneva Town,5448.0,2.0,0.0,0.0,1.0,1.0,3.0,2.0,1.0,0.0,0.0
WISCONSIN,Genoa City,2937.0,0.0,0.0,0.0,0.0,0.0,5.0,0.0,4.0,1.0,0.0
WISCONSIN,Germantown,21066.0,13.0,0.0,0.0,0.0,13.0,236.0,4.0,228.0,4.0,0.0
WISCONSIN,Glendale,12877.0,38.0,0.0,3.0,20.0,15.0,539.0,28.0,458.0,53.0,1.0
WISCONSIN,Grafton,12788.0,10.0,0.0,4.0,1.0,5.0,79.0,4.0,73.0,2.0,0.0
WISCONSIN,Grand Chute,24397.0,57.0,0.0,19.0,1.0,37.0,1077.0,26.0,1028.0,23.0,2.0
WISCONSIN,Grand Rapids,7550.0,4.0,0.0,0.0,0.0,4.0,12.0,2.0,9.0,1.0,0.0
WISCONSIN,Green Bay,105240.0,521.0,2.0,65.0,28.0,426.0,1381.0,114.0,1000.0,267.0,3.0
WISCONSIN,Greendale,14461.0,12.0,0.0,1.0,6.0,5.0,136.0,4.0,122.0,10.0,0.0
WISCONSIN,Greenfield,36919.0,34.0,0.0,2.0,9.0,23.0,852.0,38.0,680.0,134.0,2.0
WISCONSIN,Hales Corners,7515.0,11.0,1.0,1.0,2.0,7.0,45.0,4.0,39.0,2.0,0.0
WISCONSIN,Hartford,15959.0,21.0,0.0,10.0,0.0,11.0,110.0,5.0,103.0,2.0,0.0
WISCONSIN,Hartland,10259.0,7.0,0.0,3.0,0.0,4.0,35.0,4.0,31.0,0.0,0.0
WISCONSIN,Hayward,2600.0,19.0,0.0,6.0,1.0,12.0,44.0,3.0,38.0,3.0,1.0
WISCONSIN,Hobart-Lawrence,18035.0,8.0,0.0,6.0,0.0,2.0,41.0,4.0,32.0,5.0,0.0
WISCONSIN,Holmen,11889.0,6.0,0.0,3.0,0.0,3.0,55.0,5.0,46.0,4.0,0.0
WISCONSIN,Horicon,3768.0,8.0,0.0,2.0,0.0,6.0,22.0,1.0,20.0,1.0,0.0
WISCONSIN,Hortonville,3481.0,1.0,0.0,0.0,0.0,1.0,6.0,0.0,5.0,1.0,0.0
WISCONSIN,Hudson,15714.0,18.0,0.0,1.0,0.0,17.0,259.0,14.0,236.0,9.0,1.0
WISCONSIN,Janesville,66247.0,95.0,3.0,26.0,11.0,55.0,1220.0,77.0,1094.0,49.0,4.0
WISCONSIN,Jefferson,7594.0,19.0,0.0,9.0,0.0,10.0,104.0,0.0,95.0,9.0,0.0
WISCONSIN,Juneau,2497.0,3.0,0.0,1.0,0.0,2.0,1.0,0.0,1.0,0.0,0.0
WISCONSIN,Kaukauna,17622.0,18.0,0.0,6.0,0.0,12.0,120.0,4.0,111.0,5.0,0.0
WISCONSIN,Kenosha,97652.0,279.0,3.0,45.0,35.0,196.0,846.0,88.0,684.0,74.0,8.0
WISCONSIN,Kewaskum,4475.0,3.0,0.0,1.0,0.0,2.0,18.0,1.0,17.0,0.0,0.0
WISCONSIN,Kewaunee,2789.0,2.0,0.0,0.0,1.0,1.0,7.0,0.0,7.0,0.0,0.0
WISCONSIN,Kiel,3959.0,3.0,0.0,1.0,0.0,2.0,9.0,1.0,7.0,1.0,0.0
WISCONSIN,Kohler,2248.0,0.0,0.0,0.0,0.0,0.0,63.0,0.0,62.0,1.0,0.0
WISCONSIN,Kronenwetter,8597.0,4.0,0.0,2.0,0.0,2.0,23.0,1.0,21.0,1.0,0.0
WISCONSIN,La Crosse,50893.0,199.0,1.0,40.0,13.0,145.0,1889.0,142.0,1664.0,83.0,3.0
WISCONSIN,Ladysmith,3046.0,7.0,0.0,2.0,0.0,5.0,21.0,2.0,16.0,3.0,1.0
WISCONSIN,Lake Geneva,8816.0,9.0,0.0,1.0,1.0,7.0,144.0,6.0,137.0,1.0,1.0
WISCONSIN,Lake Mills,6731.0,8.0,0.0,2.0,0.0,6.0,37.0,1.0,34.0,2.0,1.0
WISCONSIN,Lancaster,3891.0,26.0,0.0,3.0,0.0,23.0,29.0,0.0,28.0,1.0,1.0
WISCONSIN,Linn Township,2708.0,0.0,0.0,0.0,0.0,0.0,25.0,0.0,23.0,2.0,0.0
WISCONSIN,Luxemburg,2776.0,3.0,0.0,3.0,0.0,0.0,5.0,0.0,4.0,1.0,0.0
WISCONSIN,Madison,282045.0,722.0,7.0,75.0,95.0,545.0,5260.0,447.0,4500.0,313.0,8.0
WISCONSIN,Manitowoc,34546.0,72.0,0.0,8.0,5.0,59.0,335.0,24.0,293.0,18.0,1.0
WISCONSIN,Maple Bluff,1289.0,29.0,0.0,0.0,0.0,29.0,14.0,3.0,10.0,1.0,0.0
WISCONSIN,Marathon City,1554.0,2.0,0.0,0.0,0.0,2.0,5.0,0.0,4.0,1.0,0.0
WISCONSIN,Marinette,11023.0,19.0,0.0,4.0,2.0,13.0,184.0,8.0,170.0,6.0,1.0
WISCONSIN,Marshall Village,3816.0,5.0,1.0,0.0,0.0,4.0,1.0,0.0,1.0,0.0,0.0
WISCONSIN,Marshfield,18669.0,40.0,1.0,19.0,0.0,20.0,208.0,8.0,195.0,5.0,0.0
WISCONSIN,Mauston,4120.0,4.0,0.0,0.0,0.0,4.0,40.0,3.0,35.0,2.0,0.0
WISCONSIN,Mayville,5121.0,3.0,0.0,0.0,0.0,3.0,20.0,4.0,14.0,2.0,0.0
WISCONSIN,McFarland,9602.0,6.0,0.0,0.0,0.0,6.0,79.0,16.0,61.0,2.0,1.0
WISCONSIN,Medford,4426.0,10.0,0.0,5.0,0.0,5.0,53.0,2.0,49.0,2.0,0.0
WISCONSIN,Menasha,18008.0,32.0,0.0,6.0,0.0,26.0,159.0,7.0,145.0,7.0,0.0
WISCONSIN,Menomonee Falls,40076.0,27.0,2.0,6.0,4.0,15.0,212.0,21.0,175.0,16.0,0.0
WISCONSIN,Menomonie,16595.0,22.0,0.0,4.0,0.0,18.0,201.0,54.0,142.0,5.0,0.0
WISCONSIN,Mequon,25586.0,10.0,0.0,1.0,0.0,9.0,143.0,16.0,120.0,7.0,1.0
WISCONSIN,Merrill,9006.0,18.0,0.0,2.0,1.0,15.0,218.0,10.0,203.0,5.0,0.0
WISCONSIN,Middleton,23353.0,25.0,2.0,3.0,0.0,20.0,208.0,9.0,190.0,9.0,0.0
WISCONSIN,Milton,5636.0,2.0,0.0,1.0,0.0,1.0,24.0,2.0,21.0,1.0,0.0
WISCONSIN,Milwaukee,560416.0,8019.0,134.0,382.0,1727.0,5776.0,15135.0,2175.0,7034.0,5926.0,183.0
WISCONSIN,Mineral Point,2557.0,1.0,0.0,0.0,0.0,1.0,17.0,0.0,15.0,2.0,0.0
WISCONSIN,Minocqua,5151.0,5.0,0.0,3.0,0.0,2.0,105.0,0.0,103.0,2.0,0.0
WISCONSIN,Mishicot,1421.0,0.0,0.0,0.0,0.0,0.0,5.0,1.0,4.0,0.0,0.0
WISCONSIN,Mondovi,2850.0,0.0,0.0,0.0,0.0,0.0,16.0,0.0,15.0,1.0,0.0
WISCONSIN,Monona,8511.0,3.0,0.0,0.0,0.0,3.0,267.0,6.0,257.0,4.0,0.0
WISCONSIN,Monroe,10373.0,3.0,0.0,1.0,1.0,1.0,119.0,2.0,112.0,5.0,0.0
WISCONSIN,Montello,1450.0,1.0,0.0,1.0,0.0,0.0,4.0,0.0,3.0,1.0,0.0
WISCONSIN,Mosinee,4555.0,3.0,0.0,3.0,0.0,0.0,17.0,4.0,13.0,0.0,0.0
WISCONSIN,Mount Horeb,7755.0,9.0,0.0,2.0,0.0,7.0,13.0,1.0,12.0,0.0,0.0
WISCONSIN,Mount Pleasant,27731.0,31.0,0.0,3.0,7.0,21.0,481.0,12.0,460.0,9.0,0.0
WISCONSIN,Mukwonago,8568.0,9.0,0.0,1.0,2.0,6.0,100.0,2.0,98.0,0.0,1.0
WISCONSIN,Muscoda,1248.0,3.0,0.0,0.0,0.0,3.0,9.0,0.0,9.0,0.0,0.0
WISCONSIN,Muskego,25389.0,3.0,0.0,1.0,1.0,1.0,389.0,209.0,173.0,7.0,0.0
WISCONSIN,Neenah,27480.0,43.0,0.0,15.0,2.0,26.0,314.0,27.0,279.0,8.0,1.0
WISCONSIN,Neillsville,2286.0,1.0,0.0,1.0,0.0,0.0,24.0,1.0,22.0,1.0,0.0
WISCONSIN,New Berlin,40186.0,25.0,1.0,10.0,1.0,13.0,399.0,18.0,369.0,12.0,1.0
WISCONSIN,New Holstein,2956.0,4.0,0.0,1.0,0.0,3.0,9.0,0.0,9.0,0.0,0.0
WISCONSIN,New Lisbon,2524.0,5.0,0.0,0.0,0.0,5.0,8.0,0.0,7.0,1.0,0.0
WISCONSIN,New London,7412.0,4.0,0.0,3.0,0.0,1.0,25.0,1.0,24.0,0.0,0.0
WISCONSIN,New Richmond,10890.0,12.0,0.0,4.0,0.0,8.0,99.0,6.0,89.0,4.0,0.0
WISCONSIN,Niagara,1571.0,2.0,0.0,1.0,0.0,1.0,4.0,0.0,4.0,0.0,0.0
WISCONSIN,North Fond du Lac,5361.0,12.0,0.0,1.0,1.0,10.0,31.0,3.0,26.0,2.0,0.0
WISCONSIN,North Hudson,3914.0,2.0,0.0,0.0,0.0,2.0,11.0,1.0,9.0,1.0,0.0
WISCONSIN,Oak Creek,37665.0,55.0,0.0,15.0,10.0,30.0,635.0,27.0,558.0,50.0,0.0
WISCONSIN,Oconomowoc,18830.0,3.0,0.0,2.0,0.0,1.0,58.0,3.0,54.0,1.0,0.0
WISCONSIN,Oconto,4623.0,1.0,0.0,0.0,0.0,1.0,26.0,1.0,23.0,2.0,0.0
WISCONSIN,Oconto Falls,2998.0,0.0,0.0,0.0,0.0,0.0,16.0,2.0,11.0,3.0,0.0
WISCONSIN,Omro,3613.0,7.0,0.0,0.0,0.0,7.0,24.0,0.0,24.0,0.0,0.0
WISCONSIN,Onalaska,19068.0,7.0,0.0,4.0,0.0,3.0,437.0,16.0,417.0,4.0,0.0
WISCONSIN,Oregon,11833.0,5.0,0.0,2.0,0.0,3.0,33.0,5.0,27.0,1.0,0.0
WISCONSIN,Oshkosh,65994.0,153.0,4.0,23.0,10.0,116.0,958.0,101.0,807.0,50.0,1.0
WISCONSIN,Park Falls,2358.0,6.0,1.0,0.0,0.0,5.0,24.0,2.0,20.0,2.0,0.0
WISCONSIN,Peshtigo,3377.0,2.0,0.0,0.0,0.0,2.0,4.0,1.0,2.0,1.0,0.0
WISCONSIN,Pewaukee Village,8180.0,3.0,0.0,1.0,0.0,2.0,175.0,0.0,172.0,3.0,0.0
WISCONSIN,Phillips,1513.0,5.0,0.0,2.0,0.0,3.0,14.0,3.0,11.0,0.0,0.0
WISCONSIN,Platteville,10907.0,40.0,0.0,7.0,1.0,32.0,139.0,2.0,130.0,7.0,0.0
WISCONSIN,Pleasant Prairie,21981.0,69.0,2.0,2.0,3.0,62.0,237.0,12.0,214.0,11.0,0.0
WISCONSIN,Plover,14306.0,3.0,0.0,1.0,0.0,2.0,157.0,4.0,152.0,1.0,1.0
WISCONSIN,Plymouth,8897.0,2.0,0.0,1.0,0.0,1.0,92.0,1.0,80.0,11.0,0.0
WISCONSIN,Portage,9978.0,8.0,0.0,2.0,0.0,6.0,201.0,16.0,181.0,4.0,0.0
WISCONSIN,Port Washington,12888.0,5.0,0.0,0.0,0.0,5.0,73.0,2.0,67.0,4.0,0.0
WISCONSIN,Poynette,2544.0,6.0,0.0,2.0,0.0,4.0,1.0,0.0,1.0,0.0,0.0
WISCONSIN,Prescott,4537.0,4.0,0.0,1.0,0.0,3.0,19.0,2.0,17.0,0.0,0.0
WISCONSIN,Pulaski,4108.0,1.0,0.0,0.0,0.0,1.0,19.0,1.0,18.0,0.0,0.0
WISCONSIN,Racine,76243.0,292.0,4.0,60.0,47.0,181.0,848.0,153.0,551.0,144.0,4.0
WISCONSIN,Reedsburg,10243.0,13.0,0.0,2.0,0.0,11.0,193.0,4.0,185.0,4.0,0.0
WISCONSIN,Rhinelander,8152.0,8.0,0.0,3.0,0.0,5.0,140.0,6.0,129.0,5.0,1.0
WISCONSIN,Rice Lake,8997.0,22.0,0.0,1.0,0.0,21.0,121.0,4.0,111.0,6.0,0.0
WISCONSIN,Ripon,7738.0,14.0,0.0,8.0,1.0,5.0,50.0,1.0,46.0,3.0,0.0
WISCONSIN,River Falls ,17171.0,22.0,1.0,3.0,2.0,16.0,148.0,17.0,126.0,5.0,0.0
WISCONSIN,River Hills,1564.0,0.0,0.0,0.0,0.0,0.0,6.0,0.0,6.0,0.0,0.0
WISCONSIN,Roberts,2139.0,1.0,0.0,1.0,0.0,0.0,5.0,0.0,4.0,1.0,0.0
WISCONSIN,Rome Town,3297.0,1.0,0.0,1.0,0.0,0.0,15.0,3.0,11.0,1.0,0.0
WISCONSIN,Saukville,4261.0,6.0,0.0,2.0,0.0,4.0,31.0,3.0,26.0,2.0,0.0
WISCONSIN,Sharon,1558.0,1.0,0.0,0.0,0.0,1.0,4.0,0.0,3.0,1.0,0.0
WISCONSIN,Shawano,9236.0,20.0,0.0,2.0,1.0,17.0,111.0,10.0,96.0,5.0,0.0
WISCONSIN,Sheboygan,49610.0,212.0,2.0,51.0,3.0,156.0,639.0,44.0,574.0,21.0,2.0
WISCONSIN,Sheboygan Falls,8181.0,5.0,0.0,2.0,0.0,3.0,70.0,3.0,66.0,1.0,0.0
WISCONSIN,Shorewood,13629.0,3.0,0.0,0.0,2.0,1.0,232.0,20.0,187.0,25.0,0.0
WISCONSIN,Shorewood Hills,2153.0,3.0,0.0,0.0,0.0,3.0,27.0,3.0,24.0,0.0,0.0
WISCONSIN,Siren,898.0,1.0,0.0,0.0,0.0,1.0,5.0,0.0,5.0,0.0,0.0
WISCONSIN,Slinger,6471.0,9.0,0.0,5.0,0.0,4.0,24.0,4.0,17.0,3.0,0.0
WISCONSIN,Somerset,3284.0,3.0,0.0,0.0,0.0,3.0,6.0,1.0,5.0,0.0,0.0
WISCONSIN,South Milwaukee,20178.0,32.0,1.0,4.0,4.0,23.0,262.0,9.0,240.0,13.0,0.0
WISCONSIN,Sparta,9781.0,31.0,0.0,5.0,0.0,26.0,306.0,20.0,279.0,7.0,0.0
WISCONSIN,Spooner,2467.0,2.0,0.0,0.0,0.0,2.0,36.0,7.0,28.0,1.0,1.0
WISCONSIN,Stanley,3793.0,15.0,0.0,3.0,0.0,12.0,28.0,0.0,24.0,4.0,0.0
WISCONSIN,Stevens Point,25784.0,42.0,1.0,10.0,1.0,30.0,160.0,13.0,141.0,6.0,2.0
WISCONSIN,St. Francis,9524.0,10.0,0.0,0.0,2.0,8.0,111.0,10.0,67.0,34.0,0.0
WISCONSIN,Stoughton,12996.0,25.0,0.0,5.0,1.0,19.0,164.0,33.0,126.0,5.0,0.0
WISCONSIN,Sturgeon Bay,9928.0,9.0,0.0,0.0,1.0,8.0,65.0,1.0,59.0,5.0,0.0
WISCONSIN,Sturtevant,6677.0,6.0,0.0,1.0,1.0,4.0,31.0,1.0,26.0,4.0,0.0
WISCONSIN,Summit,5451.0,6.0,0.0,4.0,1.0,1.0,17.0,3.0,13.0,1.0,0.0
WISCONSIN,Sun Prairie,38519.0,71.0,1.0,5.0,3.0,62.0,543.0,33.0,482.0,28.0,0.0
WISCONSIN,Superior,26310.0,58.0,1.0,14.0,3.0,40.0,580.0,49.0,486.0,45.0,1.0
WISCONSIN,Thiensville,3284.0,0.0,0.0,0.0,0.0,0.0,7.0,0.0,7.0,0.0,0.0
WISCONSIN,Three Lakes,2472.0,3.0,0.0,0.0,0.0,3.0,2.0,0.0,2.0,0.0,0.0
WISCONSIN,Tomah,9414.0,33.0,1.0,2.0,1.0,29.0,160.0,12.0,144.0,4.0,0.0
WISCONSIN,Tomahawk,3367.0,3.0,0.0,1.0,0.0,2.0,21.0,1.0,16.0,4.0,0.0
WISCONSIN,Town of East Troy,4037.0,3.0,0.0,2.0,0.0,1.0,9.0,0.0,9.0,0.0,0.0
WISCONSIN,Two Rivers,11138.0,24.0,0.0,3.0,0.0,21.0,54.0,3.0,50.0,1.0,4.0
WISCONSIN,Verona,16443.0,8.0,0.0,2.0,1.0,5.0,109.0,4.0,100.0,5.0,0.0
WISCONSIN,Viroqua,4416.0,12.0,0.0,3.0,0.0,9.0,61.0,11.0,50.0,0.0,0.0
WISCONSIN,Walworth,2815.0,1.0,0.0,1.0,0.0,0.0,18.0,4.0,12.0,2.0,0.0
WISCONSIN,Waterloo,3652.0,1.0,0.0,1.0,0.0,0.0,17.0,0.0,16.0,1.0,0.0
WISCONSIN,Watertown,22612.0,43.0,0.0,14.0,2.0,27.0,237.0,9.0,214.0,14.0,0.0
WISCONSIN,Waukesha,70202.0,80.0,1.0,20.0,5.0,54.0,614.0,36.0,539.0,39.0,0.0
WISCONSIN,Waunakee,15227.0,16.0,0.0,2.0,0.0,14.0,32.0,1.0,31.0,0.0,0.0
WISCONSIN,Waupaca,6352.0,23.0,0.0,3.0,0.0,20.0,87.0,5.0,77.0,5.0,0.0
WISCONSIN,Waupun,10873.0,31.0,1.0,4.0,0.0,26.0,41.0,6.0,30.0,5.0,1.0
WISCONSIN,Wausau,39949.0,118.0,1.0,42.0,6.0,69.0,403.0,43.0,334.0,26.0,8.0
WISCONSIN,Wautoma,2223.0,0.0,0.0,0.0,0.0,0.0,40.0,2.0,35.0,3.0,0.0
WISCONSIN,Wauwatosa,46968.0,97.0,0.0,7.0,23.0,67.0,1166.0,70.0,943.0,153.0,2.0
WISCONSIN,West Allis,58862.0,151.0,0.0,14.0,44.0,93.0,1164.0,112.0,870.0,182.0,6.0
WISCONSIN,West Bend,31947.0,76.0,0.0,10.0,1.0,65.0,374.0,13.0,348.0,13.0,0.0
WISCONSIN,West Milwaukee,3990.0,39.0,1.0,3.0,18.0,17.0,848.0,107.0,664.0,77.0,2.0
WISCONSIN,West Salem,5305.0,6.0,0.0,2.0,0.0,4.0,60.0,2.0,55.0,3.0,0.0
WISCONSIN,Whitefish Bay,14537.0,2.0,0.0,0.0,0.0,2.0,136.0,2.0,126.0,8.0,0.0
WISCONSIN,Whitehall,1603.0,0.0,0.0,0.0,0.0,0.0,4.0,1.0,1.0,2.0,0.0
WISCONSIN,Whitewater,15473.0,31.0,1.0,8.0,2.0,20.0,111.0,5.0,95.0,11.0,0.0
WISCONSIN,Winneconne,2490.0,0.0,0.0,0.0,0.0,0.0,7.0,1.0,5.0,1.0,0.0
WISCONSIN,Wisconsin Rapids,18602.0,99.0,0.0,32.0,2.0,65.0,352.0,27.0,298.0,27.0,0.0
WYOMING,Buffalo,4687.0,4.0,0.0,1.0,0.0,3.0,36.0,11.0,24.0,1.0,1.0
WYOMING,Casper,58526.0,169.0,4.0,33.0,9.0,123.0,1236.0,145.0,986.0,105.0,5.0
WYOMING,Cheyenne,65143.0,214.0,2.0,59.0,18.0,135.0,1947.0,256.0,1540.0,151.0,3.0
WYOMING,Cody,10306.0,17.0,0.0,5.0,0.0,12.0,79.0,7.0,68.0,4.0,1.0
WYOMING,Diamondville,524.0,0.0,0.0,0.0,0.0,0.0,1.0,0.0,0.0,1.0,0.0
WYOMING,Douglas,6472.0,4.0,0.0,1.0,0.0,3.0,59.0,8.0,45.0,6.0,0.0
WYOMING,Dubois,1019.0,3.0,0.0,0.0,0.0,3.0,3.0,0.0,3.0,0.0,0.0
WYOMING,Evanston,11823.0,46.0,1.0,29.0,0.0,16.0,193.0,29.0,158.0,6.0,0.0
WYOMING,Gillette,33503.0,66.0,0.0,14.0,1.0,51.0,509.0,47.0,442.0,20.0,4.0
WYOMING,Glenrock,2422.0,2.0,0.0,0.0,0.0,2.0,7.0,3.0,3.0,1.0,0.0
WYOMING,Green River,11395.0,26.0,0.0,9.0,0.0,17.0,71.0,5.0,62.0,4.0,1.0
WYOMING,Jackson,10592.0,20.0,0.0,9.0,0.0,11.0,64.0,5.0,55.0,4.0,0.0
WYOMING,Laramie,32400.0,42.0,0.0,15.0,0.0,27.0,377.0,60.0,297.0,20.0,3.0
WYOMING,Lingle,398.0,0.0,0.0,0.0,0.0,0.0,1.0,0.0,1.0,0.0,0.0
WYOMING,Lusk,1418.0,5.0,0.0,0.0,0.0,5.0,17.0,4.0,11.0,2.0,0.0
WYOMING,Mills,4619.0,3.0,0.0,1.0,0.0,2.0,29.0,2.0,24.0,3.0,0.0
WYOMING,Moorcroft,1019.0,5.0,0.0,2.0,0.0,3.0,6.0,0.0,6.0,0.0,0.0
WYOMING,Newcastle,3316.0,4.0,0.0,1.0,0.0,3.0,27.0,7.0,18.0,2.0,1.0
WYOMING,Pine Bluffs,1105.0,0.0,0.0,0.0,0.0,0.0,8.0,2.0,6.0,0.0,1.0
WYOMING,Powell,6510.0,21.0,0.0,7.0,0.0,14.0,74.0,21.0,49.0,4.0,1.0
WYOMING,Riverton,11005.0,82.0,1.0,15.0,9.0,57.0,434.0,32.0,344.0,58.0,5.0
WYOMING,Rock Springs,22778.0,29.0,1.0,5.0,0.0,23.0,291.0,35.0,229.0,27.0,0.0
WYOMING,Saratoga,1771.0,3.0,0.0,0.0,0.0,3.0,20.0,8.0,9.0,3.0,1.0
WYOMING,Sheridan,19809.0,27.0,0.0,2.0,0.0,25.0,196.0,19.0,165.0,12.0,4.0
WYOMING,Shoshoni,504.0,0.0,0.0,0.0,0.0,0.0,0.0,0.0,0.0,0.0,0.0
WYOMING,Thermopolis,2749.0,1.0,0.0,0.0,0.0,1.0,19.0,2.0,17.0,0.0,0.0
WYOMING,Torrington,6240.0,31.0,0.0,13.0,0.0,18.0,66.0,11.0,51.0,4.0,0.0
WYOMING,Worland,4796.0,5.0,0.0,1.0,0.0,4.0,32.0,1.0,31.0,0.0,1.0
